Rollno,CGPA,Max Credits
KJ15TAMW,6.20,63
KJ15STAY,6.56,63
KJ15EWBK,6.35,63
KJ15JXSG,9.47,63
KJ15MQPT,5.70,63
KJ15AXCE,9.09,81
KJ15KTLM,4.18,63
KJ15JGKH,8.32,63
KJ15HVRB,9.61,63
KJ15KTPD,8.35,63
KJ15LMVB,6.55,63
KJ15TGRN,7.91,63
KJ15AICJ,4.90,63
KJ15NYAL,8.41,63
KJ15HVIG,4.94,63
KJ15QJYW,7.42,63
KJ15KDMK,3.57,63
KJ15DTZZ,5.94,63
KJ15EWGA,7.75,63
KJ15VQWG,7.46,63
KJ15VUMR,7.43,63
KJ15OFKV,8.87,63
KJ15MJFL,8.79,63
KJ15QIAK,9.91,63
KJ15DKOB,3.88,63
KJ15HPGD,8.09,63
KJ15RTAM,10.00,63
KJ15JJUW,5.59,63
KJ15ZFES,7.83,63
KJ15NOFI,8.62,63
KJ15ZXPJ,8.77,81
KJ15OEPE,7.35,63
KJ15YYLT,8.01,63
KJ15EGCB,3.44,63
KJ15MTXM,8.91,81
KJ15YFBZ,8.94,63
KJ15YMKL,8.30,63
KJ15EHER,7.19,63
KJ15JAHX,7.46,63
KJ15DHYY,8.96,63
KJ15WRSI,9.63,63
KJ15VWLY,5.91,63
KJ15XWXH,8.83,63
KJ15TWSB,7.69,63
KJ15PPQI,9.05,63
KJ15TGKJ,6.32,63
KJ15GRNZ,9.06,63
KJ15XGJS,8.63,63
KJ15EGLM,1.78,63
KJ15GJSE,7.09,63
KJ15HWWU,8.44,63
KJ15WQET,2.40,63
KJ15HYZX,7.50,63
KJ15ZTDQ,7.91,63
KJ15ESNN,6.39,63
KJ15CEHG,8.51,63
KJ15OBML,9.00,63
KJ15OOQN,8.03,63
KJ15XOTM,8.03,63
KJ16DQOH,8.26,63
KJ16UPUS,2.99,63
KJ16DGAI,7.28,63
KJ16JRMA,8.13,63
KJ16OEWJ,9.13,63
KJ16OEMM,6.38,63
KJ16UYMS,5.29,63
KJ16YKEK,7.50,63
KJ16GRIC,6.19,63
KJ16EXRI,8.23,63
KJ16WRWL,8.54,63
KJ16UTQJ,4.19,63
KJ16BLSO,7.87,63
KJ16VMIC,4.03,63
KJ16SNPK,7.55,63
KJ16XHQX,8.38,63
KJ16KVJV,8.15,63
KJ16OMZK,8.54,63
KJ16OXOM,9.34,63
KJ16OKNM,8.31,63
KJ16RJAW,8.42,63
KJ16YUNI,5.14,63
KJ16YQAS,3.81,63
KJ16HCTZ,6.09,63
KJ16VGRL,8.13,63
KJ16YIYE,7.62,63
KJ16DENT,9.41,63
KJ16ROZO,4.58,63
KJ16ZOAP,8.62,63
KJ16LZFK,8.86,63
KJ16WLSY,8.36,63
KJ16AKGZ,7.76,63
KJ16GPZM,9.41,63
KJ16RMMV,8.36,63
KJ16GEWP,7.43,63
KJ16SXFV,4.47,63
KJ16JXZH,7.23,63
KJ16IODE,7.61,63
KJ16ZKAC,9.62,63
KJ16WYFB,8.29,63
KJ16ENIA,7.67,63
KJ16MNNS,4.60,63
KJ16XQTP,6.31,63
KJ16BZRZ,8.62,63
KJ16XRLH,5.61,63
KJ16THSJ,8.96,63
KJ16PNAS,8.55,63
KJ16BUDS,8.40,63
KJ16BXNB,3.58,63
KJ16WOWY,5.92,63
KJ16ASJR,7.70,63
KJ16CDXG,7.13,63
KJ16ROJR,7.86,63
KJ16ELAD,7.94,63
KJ16QICV,7.10,63
KJ16TCOA,5.23,63
KJ16TBAK,7.77,63
KJ16KTMR,8.16,63
KJ16UNVQ,9.18,63
KJ16XREN,8.01,63
KJ17YZBF,7.18,63
KJ17NZNB,6.62,63
KJ17ZCGN,8.89,63
KJ17FPUW,8.95,63
KJ17BQCG,7.20,63
KJ17MDMG,8.54,63
KJ17XVLB,8.72,63
KJ17ZGYD,4.93,63
KJ17VYVD,8.16,63
KJ17XRFE,9.00,63
KJ17DXAX,7.51,63
KJ17LAFE,7.34,63
KJ17EAYT,4.66,63
KJ17CQXN,7.56,63
KJ17KJMG,7.27,63
KJ17TCOQ,6.62,63
KJ17RQBJ,7.41,63
KJ17HZDE,7.07,63
KJ17SPTL,9.16,63
KJ17RDJY,8.23,63
KJ17WXVA,7.79,63
KJ17ZHUO,9.73,63
KJ17JYCX,8.11,63
KJ17AKNO,7.30,63
KJ17HWLD,6.79,63
KJ17LNEW,8.62,63
KJ17FLHI,8.95,63
KJ17TDGZ,6.46,63
KJ17XBHN,8.74,63
KJ17FCDV,9.33,63
KJ17QEJQ,7.51,63
KJ17EHNO,2.69,63
KJ17GKKK,8.67,63
KJ17AWNX,9.53,63
KJ17HYNV,7.95,63
KJ17CBEZ,6.31,63
KJ17YCVC,5.64,63
KJ17JALY,5.92,63
KJ17VTJN,9.53,63
KJ17LYAY,9.61,63
KJ17MKSL,8.02,63
KJ17DYGU,8.35,63
KJ17CXGY,7.57,63
KJ17CYLD,9.07,63
KJ17FVJM,9.41,63
KJ17WTAI,8.18,63
KJ17VQTA,8.18,63
KJ17EMAK,8.28,63
KJ17XLQF,8.39,63
KJ17INNQ,7.51,63
KJ17CWIK,1.90,63
KJ17ZLPH,8.07,63
KJ17BZJW,9.20,63
KJ17HNZS,8.02,63
KJ17NTQB,8.07,63
KJ17ZTHP,8.49,63
KJ17SBCA,8.00,63
KJ17HNAA,7.46,63
VL15NCCC,8.25,63
VL15WKUB,7.04,63
VL15JECT,9.04,63
VL15BCUB,7.25,63
VL15NNVC,6.92,63
VL15IVWR,6.58,63
VL15WQXH,6.95,63
VL15YHXT,5.86,63
VL15GFDH,9.08,63
VL15UTDJ,8.22,63
VL15CCZB,6.81,63
VL15HQFC,8.04,63
VL15TXSW,5.60,63
VL15CUKP,6.60,63
VL15JQBE,6.75,63
VL15DMGX,7.86,63
VL15JZRL,8.25,63
VL15FFGZ,7.37,63
VL15SPXZ,5.52,63
VL15IMPC,8.36,63
VL15RKZC,7.91,63
VL15KUCA,8.29,63
VL15BIPK,7.91,63
VL15DSSS,7.44,63
VL15XYSM,8.00,63
VL15TEQK,9.07,63
VL15FIFG,7.91,63
VL15SUQY,6.57,63
VL15OTNH,2.57,63
VL15NOKP,8.97,63
VL16SNLX,8.71,63
VL16RFLH,8.63,63
VL16HRLX,8.26,63
VL16RAYD,5.41,63
VL16EFVF,2.91,63
VL16JFCY,9.12,63
VL16HHOO,8.34,63
VL16QHQM,9.12,63
VL16VNCM,5.92,63
VL16NSSA,7.68,63
VL16ISTA,8.42,63
VL16VMZN,3.06,63
VL16ANEW,8.25,63
VL16HPIZ,8.04,63
VL16YBPB,8.48,63
VL16TBOT,8.69,63
VL16YRMG,7.91,63
VL16QQRF,2.17,63
VL16TNAT,2.52,63
VL16METN,5.33,63
VL16QWNJ,5.30,63
VL16UEIM,5.38,63
VL16UKLT,5.18,63
VL16JAIY,9.16,63
VL16LZYH,2.45,63
VL16QARN,8.40,63
VL16UAKR,8.85,63
VL16VKPN,8.87,63
VL16ZBRD,7.37,63
VL16EPOB,2.43,63
VL16XZPQ,7.23,63
VL16SSIW,9.09,63
VL16CPJW,2.27,63
VL16HAEE,6.66,63
VL16RMTY,8.13,63
VL16DTCZ,9.27,63
VL17QELG,8.92,63
VL17IWSE,7.94,63
VL17PMCK,3.71,63
VL17ZLQJ,3.60,63
VL17ABZL,6.78,63
VL17XZRP,8.25,63
VL17UOZU,8.60,63
VL17XVUM,3.09,63
VL17OTSU,8.55,63
VL17XVJZ,6.74,63
VL17CDXX,9.05,63
VL17OZUY,7.71,63
VL17XQJR,6.46,63
VL17BGMW,7.40,63
VL17GJTM,7.77,63
VL17RIGQ,9.02,63
VL17SZUN,9.42,63
VL17JFAX,8.34,63
VL17RCAY,7.60,63
VL17UEPG,8.83,63
VL17HVJK,4.75,63
VL17VEKY,8.26,63
VL17LFDM,8.14,63
VL17KDLN,8.17,63
VL17GHNZ,7.40,63
VL17PKBF,7.80,63
VL17ZMAS,5.28,63
VL17WFTW,3.32,63
VL17XINU,9.05,63
VL17DTYW,7.65,63
VL17CDDD,9.53,63
VL17SVNC,8.00,63
VL17OOVJ,3.17,63
VL17DZAT,7.63,63
VL17WTAO,9.20,63
VL17FVFW,8.78,63
VL17RKDP,8.58,63
BJ15WXTY,6.09,63
BJ15PZGR,6.66,63
BJ15CLYS,7.09,63
BJ15JIXK,6.60,63
BJ15FZNI,7.96,63
BJ15ZSST,7.68,63
BJ15KJCI,6.11,63
BJ15VCTJ,6.50,63
BJ15FQDR,8.21,63
BJ15LSSC,8.93,63
BJ15YNOK,7.35,63
BJ15CODK,7.79,63
BJ15MATK,6.28,63
BJ15EYOR,5.47,63
BJ15FWTB,8.50,63
BJ15VRAB,6.03,63
BJ15XLFJ,3.27,63
BJ15TDSH,9.46,63
BJ15MJMA,7.03,63
BJ15IGFE,5.33,63
BJ15GLOG,7.84,63
BJ15AJMX,4.53,63
BJ15EVRH,7.82,63
BJ15RWNG,5.57,63
BJ15QFWC,4.47,63
BJ15CXKG,8.82,63
BJ15BTJW,0.1,63
BJ15UHUB,4.05,63
BJ16GEUE,8.79,63
BJ16MDCH,5.69,63
BJ16QXSU,3.59,63
BJ16TWCK,8.72,63
BJ16RYXO,5.77,63
BJ16VVQY,8.55,63
BJ16GYRO,5.83,63
BJ16VYAP,3.87,63
BJ16QFZJ,6.90,63
BJ16BRIY,7.51,63
BJ16QOXK,1.74,63
BJ16WWKQ,6.92,63
BJ16UQEJ,7.14,63
BJ16WWYV,6.67,63
BJ16WHJG,7.10,63
BJ16XYCN,9.21,63
BJ16RUFH,6.75,63
BJ16BLSG,5.75,63
BJ16YFMZ,6.40,63
BJ16USTN,8.80,63
BJ16BKAA,5.49,63
BJ16OHNV,5.99,63
BJ16IESQ,5.11,63
BJ16VXWD,6.25,63
BJ16LBQH,7.48,63
BJ16AUIE,7.19,63
BJ17YORD,9.53,63
BJ17KBRI,8.69,63
BJ17PNWN,3.89,63
BJ17WLQT,3.02,63
BJ17UVEF,7.05,63
BJ17QGDE,3.60,63
BJ17TNWD,6.46,63
BJ17YJAD,8.38,63
BJ17JOEN,5.89,63
BJ17WCHB,8.55,63
BJ17UKWL,7.91,63
BJ17IJDU,6.14,63
BJ17CMYR,6.65,63
BJ17BUHV,6.85,63
BJ17PDAI,7.98,63
BJ17WFFD,3.04,63
BJ17OGQQ,8.93,63
BJ17XAPN,7.92,63
BJ17FWPW,2.75,63
BJ17VPVN,7.80,63
BJ17OODE,4.62,63
BJ17CROX,7.31,63
BJ17QEAS,7.78,63
BJ17MWAV,8.58,63
BJ17VGXL,8.69,63
BJ17MGEM,7.12,63
BJ17SAXY,8.31,63
BJ17KBWC,7.49,63
BJ17DDHG,7.57,63
BJ17WQPQ,7.13,63
BJ17NBRR,8.40,63
BJ17RVOH,7.45,63
BJ17QNKQ,3.68,63
BJ17VTML,7.05,63
BJ17QBPM,9.24,63
LF15PVTT,7.92,63
LF15JHHM,6.83,63
LF15PWIT,5.52,63
LF15CJCD,7.47,63
LF15FEVD,7.87,63
LF15TQLL,6.99,63
LF15HPQA,8.54,81
LF15PSSQ,5.72,63
LF15ZIHE,6.86,63
LF15WKQG,3.97,63
LF15TXIQ,8.50,63
LF15TTJX,4.76,63
LF15QUQZ,8.38,63
LF15NCKF,0.1,63
LF15ONBU,8.87,81
LF15DGJV,0.1,63
LF15JRAZ,7.75,63
LF15PKTP,8.46,63
LF15IDYY,8.21,63
LF15UPJQ,0.1,63
LF15EZEQ,9.40,63
LF15GEKL,8.70,63
LF15KUNC,7.36,63
LF15WDFA,4.78,63
LF15TFCN,0.1,63
LF15EZAI,8.18,63
LF15UHDW,8.27,63
LF15XQDF,6.72,63
LF15MDKY,8.53,63
LF15KZJO,5.64,63
LF15FHEB,6.52,63
LF15BGVV,7.85,63
LF15QUMO,8.80,63
LF15ZXQA,6.74,63
LF15NKVR,8.92,63
LF15DRTF,3.11,63
LF15GROY,7.27,63
LF15XUNR,2.20,63
LF15QRTJ,0.86,63
LF15QSHS,4.77,63
LF15MGNQ,8.74,63
LF15NMGK,7.81,63
LF15HMBD,7.27,63
LF15NYGZ,8.38,63
LF15CIPC,0.98,63
LF15PCDW,5.65,63
LF15AOYT,5.56,63
LF15TPZB,7.86,63
LF15VQIH,7.88,63
LF15XRER,6.51,63
LF15YLJJ,9.35,81
LF15KURV,8.23,63
LF15YXXY,9.29,81
LF15WVVU,5.67,63
LF15KQAI,7.44,63
LF15NLPO,6.63,63
LF15XWPP,7.29,63
LF15EFRH,1.83,63
LF15VBAI,8.49,63
LF15OWOW,8.22,63
LF15KLFF,0.1,63
LF15ZCRL,8.41,63
LF15YCGL,7.74,63
LF15VSIH,7.19,63
LF15TYIP,6.85,63
LF15DSGL,6.17,63
LF15XXKV,7.90,63
LF15HZII,7.55,63
LF15LFOA,7.86,63
LF15RMZI,8.02,63
LF15YGVK,5.26,63
LF15LPZL,8.74,63
LF15NQEZ,6.76,63
LF15VRVV,6.85,63
LF15OQNN,7.69,63
LF15CCQA,6.34,63
LF15CGYG,6.12,63
LF15LNPN,6.21,63
LF15BJXB,8.21,63
LF15ERYP,1.51,63
LF15BMZS,7.36,63
LF15QNIZ,9.78,63
LF15BQSH,9.15,81
LF15UTIL,8.77,81
LF15FAEB,7.69,63
LF15IJTB,7.56,63
LF15JWZT,6.23,63
LF15KZEA,7.90,63
LF15MLQT,9.65,63
LF15KUTU,8.38,63
LF15PXGV,6.64,63
LF15BLZD,6.71,63
LF15CONX,7.08,63
LF15LGXI,6.76,63
LF15IHGT,7.91,63
LF15IWBB,9.35,63
LF15HFYG,5.42,63
LF15NATV,8.66,81
LF15DFXI,8.52,63
LF15SCXO,7.23,63
LF15IXXR,7.78,63
LF15APLJ,6.65,63
LF15HCBH,5.74,63
LF16QUFF,6.90,63
LF16OMEJ,2.32,63
LF16GLWW,5.78,63
LF16NPCN,5.29,63
LF16KXIK,7.31,63
LF16LPIJ,5.64,63
LF16CTVI,3.75,63
LF16ZEGW,2.54,63
LF16FBWR,7.53,63
LF16SLJR,8.71,63
LF16XFMK,8.22,63
LF16JKDC,7.07,63
LF16WUTX,6.58,63
LF16ZABV,7.68,63
LF16LFQJ,9.08,63
LF16UAAW,8.02,63
LF16QBAJ,7.00,63
LF16TFVL,8.06,63
LF16DIXP,7.64,63
LF16AIST,6.07,63
LF16FQZQ,7.13,63
LF16DOQA,6.60,63
LF16AFUF,6.93,63
LF16SEAH,8.69,63
LF16JTMY,5.95,63
LF16IBPG,5.76,63
LF16ROSN,7.31,63
LF16DRXI,9.03,63
LF16PIIU,3.07,63
LF16EZOK,7.11,63
LF16MWGX,9.14,63
LF16AHYO,9.34,63
LF16GPHG,4.81,63
LF16GUDL,6.89,63
LF16FLII,7.06,63
LF16YROK,3.93,63
LF16DXXC,7.77,63
LF16KYGU,6.82,63
LF16YLEB,8.11,63
LF16QASW,5.36,63
LF16SOBK,7.21,63
LF16UXMJ,7.05,63
LF16CTYK,6.88,63
LF16RZAF,7.64,63
LF16OSNV,5.66,63
LF16DZXS,5.33,63
LF16RRXU,7.07,63
LF16BWUH,7.82,63
LF16EJTX,8.72,63
LF16CVSU,8.65,63
LF16JEPQ,7.64,63
LF16ALRQ,8.48,63
LF16UKUG,6.69,63
LF16JIDX,4.81,63
LF16JIKM,4.31,63
LF16NXWF,6.60,63
LF16VWCR,8.62,63
LF16DJLX,8.35,63
LF16IXJT,7.42,63
LF16HSAN,7.97,63
LF16CYBS,3.84,63
LF16YYWH,6.84,63
LF16CZIN,8.81,63
LF16IOLK,9.16,63
LF16VSDU,4.53,63
LF16LPQO,6.19,63
LF16DYRO,6.37,63
LF16VEST,7.45,63
LF16XMBT,5.18,63
LF16WYSE,7.19,63
LF16MGLV,7.71,63
LF16INZS,6.79,63
LF16OJTI,6.70,63
LF16FGMN,4.45,63
LF16PBEX,2.57,63
LF16MALE,7.15,63
LF16IKTQ,7.74,63
LF16LEZM,6.44,63
LF16NBEG,7.96,63
LF16QAUR,9.31,63
LF16VESI,7.19,63
LF16HLVL,4.86,63
LF16KIXK,8.16,63
LF16SHNM,7.57,63
LF16URXW,8.73,63
LF16VYOG,5.78,63
LF16DLMS,8.10,63
LF16JLHP,7.09,63
LF16ROWT,5.56,63
LF16IXFG,7.00,63
LF16DCXP,7.32,63
LF16DHLM,6.90,63
LF16XVDQ,2.98,63
LF16XEHY,7.15,63
LF16ZFXF,9.08,63
LF16IXJK,5.14,63
LF16OOUZ,7.09,63
LF16UFAV,8.21,63
LF16CYMN,8.90,63
LF16KDZQ,7.87,63
LF17UIFA,8.20,63
LF17DNAP,6.46,63
LF17YQQB,8.08,63
LF17ANMT,8.21,63
LF17GHTQ,1.12,63
LF17YDWL,8.23,63
LF17OFTU,8.57,63
LF17NXMB,6.67,63
LF17KPLK,5.87,63
LF17BNHA,4.87,63
LF17QGIJ,8.75,63
LF17ZXIB,6.36,63
LF17FKKV,6.61,63
LF17WQJP,7.08,63
LF17PEAE,5.74,63
LF17BVZR,7.18,63
LF17HMUR,8.13,63
LF17TTXX,6.80,63
LF17ZXWX,7.84,63
LF17USYJ,8.87,63
LF17VVPA,7.02,63
LF17GOEJ,8.97,63
LF17CGDP,8.08,63
LF17MLVA,8.31,63
LF17ULKZ,8.67,63
LF17XXLT,8.59,63
LF17SYMC,4.54,63
LF17GKTJ,7.28,63
LF17ROPE,5.59,63
LF17RXZE,1.85,63
LF17XBKY,7.61,63
LF17CGAF,7.54,63
LF17VOWB,7.90,63
LF17ZPXH,9.47,63
LF17DQHQ,7.92,63
LF17ZVTM,8.48,63
LF17PYAX,9.08,63
LF17MJYA,9.64,63
LF17NWXQ,8.97,63
LF17JNXC,7.89,63
LF17DSOX,9.44,63
LF17AOVW,6.79,63
LF17ELSS,8.21,63
LF17ZZGA,7.08,63
LF17MJYX,5.26,63
LF17VHZJ,7.41,63
LF17DLRS,5.18,63
LF17ZJHF,7.97,63
LF17EWST,7.05,63
LF17ZNIL,8.70,63
LF17SYOR,7.18,63
LF17FKEA,9.37,63
LF17FIFW,9.67,63
LF17CNRJ,6.97,63
LF17CJDU,8.52,63
LF17DPLU,5.52,63
LF17ZXDU,7.90,63
LF17OEML,3.55,63
LF17GNYQ,7.46,63
LF17OAFR,9.33,63
LF17PVYN,6.43,63
LF17SYNM,9.27,63
LF17KSTU,8.95,63
LF17EDQU,5.64,63
LF17YYCI,5.84,63
LF17JQKR,5.85,63
LF17VBSH,5.72,63
LF17KWAT,7.10,63
LF17QEXE,7.80,63
LF17WAKA,7.70,63
LF17CHIG,8.28,63
LF17KABA,3.10,63
LF17WJGT,7.54,63
LF17YXDF,3.44,63
LF17QBXQ,7.74,63
LF17DEUP,8.51,63
LF17QYCV,7.84,63
LF17KULP,7.93,63
LF17WPET,8.15,63
LF17SJWL,8.34,63
LF17DWDA,8.54,63
LF17NOEE,4.59,63
LF17JDAW,7.61,63
LF17WRGC,3.41,63
LF17XVAB,7.95,63
LF17KJSE,7.20,63
LF17FVGT,6.16,63
LF17XQSJ,7.21,63
LF17ZLIH,8.52,63
LF17VNVQ,6.77,63
LF17IBUL,7.54,63
LF17NYLG,8.88,63
LF17DAAP,9.33,63
LF17GXST,7.67,63
LF17UWPB,8.52,63
LF17LGXQ,9.39,63
LF17HWKS,8.34,63
LF17WJIQ,6.93,63
DS15KUGD,7.49,63
DS15SGJN,6.39,63
DS15CRSM,8.41,63
DS15GNSK,8.21,63
DS15WJAD,7.07,63
DS15RSUK,8.61,81
DS15FDWB,5.18,63
DS15TRGS,7.21,63
DS15MDUU,7.51,63
DS15JLLE,8.18,63
DS15ONVT,7.59,63
DS15USRT,8.05,63
DS15ULAL,5.55,63
DS15RWNB,8.39,63
DS15BJOO,9.32,63
DS15IZZH,8.99,81
DS15HDMG,6.38,63
DS15QNUG,6.03,63
DS15UBJE,7.82,63
DS15VOFN,9.16,63
DS15WBOU,9.71,81
DS15UTKG,7.64,63
DS15QRLZ,9.64,63
DS15NWBJ,5.08,63
DS15XQSE,7.33,63
DS15JPJR,6.71,63
DS15FTNZ,5.77,63
DS15IKKH,8.95,63
DS15SORA,8.00,63
DS15IFGB,7.56,63
DS15XATG,8.05,63
DS15TRRZ,9.60,63
DS15OLSF,7.68,63
DS15RYUH,8.37,63
DS15YFYH,7.95,63
DS15GOXF,6.83,63
DS15YBJA,6.57,63
DS15JMHC,8.06,63
DS15KQEH,8.65,63
DS15QIBZ,6.60,63
DS15EHLF,7.68,63
DS15XDQG,7.51,63
DS15DDCI,7.29,63
DS15XCTJ,7.69,63
DS15UOWA,7.39,63
DS15ZXHB,9.60,63
DS15WSMW,6.63,63
DS15ADMY,8.45,63
DS15MDAA,4.05,63
DS15HEAK,7.39,63
DS15GPEE,7.04,63
DS15PWOQ,8.05,63
DS15WAMQ,9.04,81
DS15QOIL,8.35,63
DS15YQNS,9.37,63
DS15KHMZ,8.69,63
DS15UZMA,6.36,63
DS15RTRF,9.65,81
DS15BFXE,9.23,63
DS15SJKF,7.90,63
DS15VLGN,7.33,63
DS15ZBQO,7.94,63
DS15WAVF,8.01,63
DS15DZDZ,7.60,63
DS15STNH,9.18,63
DS15GAOX,9.13,63
DS15UXWA,9.08,81
DS15KVRR,9.12,63
DS15SFIQ,8.05,63
DS15ESHW,7.54,63
DS15HWEX,6.69,63
DS15ZWUJ,9.36,63
DS15VFMD,8.67,63
DS15RWTY,7.11,63
DS15FLSJ,5.69,63
DS15XRKZ,5.91,63
DS15UWZC,6.55,63
DS15RFLV,8.06,63
DS15JYTW,6.77,63
DS15PMPI,9.76,63
DS15XTRP,7.69,63
DS15EONI,7.26,63
DS15MJZI,7.84,63
DS15QPZQ,5.15,63
DS15BQFO,7.15,63
DS15WVZN,7.89,63
DS15PHKQ,6.73,63
DS15IXAU,9.76,63
DS15NAOZ,2.85,63
DS15OEGP,9.72,63
DS15SBPT,9.62,63
DS15PYZH,8.70,63
DS15AMCX,8.06,63
DS15XXEQ,7.73,63
DS15WROL,8.22,63
DS15OKHF,7.84,63
DS16XFVC,8.97,63
DS16CBYA,4.85,63
DS16MXZB,3.34,63
DS16YXPI,9.76,63
DS16FLXP,6.48,63
DS16BQYC,1.58,63
DS16AQKD,7.57,63
DS16DMIP,3.88,63
DS16XNOT,9.55,63
DS16AHCE,8.34,63
DS16MRKY,4.99,63
DS16EFPD,6.86,63
DS16JLHV,8.56,63
DS16DINN,7.40,63
DS16IDDO,9.35,63
DS16LZJK,8.73,63
DS16ABJK,6.65,63
DS16ZZHR,8.35,63
DS16MENV,6.70,63
DS16OFMW,6.76,63
DS16UXMK,7.37,63
DS16VFBC,6.82,63
DS16VHHW,8.43,63
DS16XAIC,8.64,63
DS16DMLK,7.14,63
DS16GIRM,7.26,63
DS16HMIP,6.63,63
DS16HOVQ,7.68,63
DS16KXKV,7.65,63
DS16NWWB,9.24,63
DS16RVXZ,6.37,63
DS16WLCS,5.75,63
DS16AOSF,8.76,63
DS16EHSY,3.51,63
DS16XSWN,7.61,63
DS16AMXW,2.68,63
DS16EQTV,8.89,63
DS16HQZJ,7.63,63
DS16BBJW,6.39,63
DS16ROIG,4.32,63
DS16EYAM,6.86,63
DS16QPGZ,6.94,63
DS16YQFF,7.41,63
DS16TMHD,7.29,63
DS16JXKV,9.01,63
DS16GOCN,9.28,63
DS16TDXI,8.35,63
DS16ZBUA,5.91,63
DS16BDAB,8.31,63
DS16HORZ,7.83,63
DS16VOGD,4.24,63
DS16MYUW,6.89,63
DS16LHNO,6.87,63
DS16RESY,8.69,63
DS16DWSB,8.26,63
DS16NQPW,7.78,63
DS16KLKM,8.63,63
DS16YGJF,9.49,63
DS16JTRJ,8.35,63
DS16YQGL,6.58,63
DS16CSGQ,8.78,63
DS16LUCH,8.39,63
DS16ASYC,8.20,63
DS16SLRZ,9.10,63
DS16RWXR,6.88,63
DS16SAJS,7.64,63
DS16WJOW,6.28,63
DS16MCSG,2.39,63
DS16JEUM,6.45,63
DS16XIRF,7.84,63
DS16OHEX,9.77,63
DS16UVGQ,6.64,63
DS16JQCY,7.12,63
DS16VCEG,3.96,63
DS16CCAC,8.27,63
DS16UZIS,5.97,63
DS16PZLQ,6.33,63
DS16CBZT,8.32,63
DS16QFNP,9.21,63
DS16USSU,9.30,63
DS16DVEI,7.27,63
DS16SZUP,7.85,63
DS16PUPF,7.70,63
DS16SQTV,7.03,63
DS16BADK,9.03,63
DS16XQUZ,8.16,63
DS16XZIC,8.63,63
DS16RRSC,5.17,63
DS16IBAC,7.24,63
DS16IUMM,8.11,63
DS16LYVN,8.65,63
DS17XBZX,9.72,63
DS17XZYF,9.07,63
DS17UIKA,9.28,63
DS17YMPV,8.30,63
DS17KLMS,6.30,63
DS17NLVE,6.19,63
DS17SACP,7.70,63
DS17JUVF,8.40,63
DS17HRTY,8.82,63
DS17PNUZ,5.60,63
DS17HGHY,9.30,63
DS17UTYA,6.82,63
DS17RJVO,5.96,63
DS17ZWWV,7.82,63
DS17PLRG,7.77,63
DS17NAVC,5.42,63
DS17VQXG,7.19,63
DS17AXGO,7.18,63
DS17PPKW,1.43,63
DS17ZKBR,7.47,63
DS17TYOS,8.60,63
DS17PBPW,6.65,63
DS17GQGE,7.07,63
DS17VTBV,6.30,63
DS17GHTO,3.46,63
DS17FPTI,7.53,63
DS17CNGC,8.23,63
DS17CYOE,8.35,63
DS17UZQX,6.07,63
DS17VJFC,8.30,63
DS17TPIL,9.00,63
DS17RJJO,4.56,63
DS17UXDG,8.65,63
DS17OCLN,9.07,63
DS17VJJO,8.65,63
DS17CZCU,8.95,63
DS17PDRH,8.65,63
DS17JXUZ,6.72,63
DS17OCKY,5.72,63
DS17CIHI,2.91,63
DS17DPZB,6.47,63
DS17VQPE,7.00,63
DS17HBSU,7.60,63
DS17BGWM,9.64,63
DS17QYRO,7.26,63
DS17LONP,8.05,63
DS17DXHA,7.49,63
DS17HUSK,7.30,63
DS17ZQEU,8.54,63
DS17XQUL,9.07,63
DS17FLSK,2.39,63
DS17OSXD,7.32,63
DS17QZHI,9.12,63
DS17PBBK,8.30,63
DS17SKLA,5.95,63
DS17YGEB,8.82,63
DS17XKXX,8.02,63
DS17JHXV,8.53,63
DS17QRNS,7.60,63
DS17MVDZ,6.60,63
DS17GNOY,6.32,63
DS17TDSF,8.89,63
DS17XSHY,5.25,63
DS17EAOW,8.37,63
DS17HYHZ,8.30,63
DS17HCVI,8.77,63
DS17HYGR,8.82,63
DS17QKBB,9.72,63
DS17WYHO,8.30,63
DS17HXHW,8.65,63
DS17YMLB,9.25,63
DS17KFYE,8.65,63
DS17ZIFN,7.18,63
DS17ILPP,8.25,63
DS17UQQB,9.18,63
DS17OEKM,9.12,63
DS17OSWU,8.69,63
DS17DFKM,8.86,63
DS17EYKC,7.42,63
DS17MGGV,1.61,63
DS17UVGT,7.88,63
DS17LVFM,5.89,63
DS17WYFQ,8.37,63
DS17ZPYG,2.58,63
DS17JPHS,9.30,63
DS17QOXD,7.49,63
DS17GDFE,7.12,63
DS17BSLP,7.70,63
DS17RTPB,8.18,63
DS17CNCW,6.42,63
DS17RZDI,6.35,63
DS17ZIHY,9.21,63
DS17NBOF,8.35,63
DS17WIFA,7.98,63
DS17NIEM,9.00,63
DS17HOEE,6.40,63
DS17YOWV,9.37,63
DS17DGUG,9.04,63
XM15XNWO,9.71,63
XM15OHDA,7.16,63
XM15QTKH,7.71,63
XM15YMSN,8.21,63
XM15ANFT,6.96,63
XM15XDXG,8.14,63
XM15NOAE,8.24,63
XM15NJFN,7.80,63
XM15VJXM,8.61,63
XM15XJVJ,6.54,63
XM15SEOP,6.85,63
XM15LWXU,8.55,63
XM15AQTS,7.64,63
XM15ZPVQ,9.40,81
XM15KTKS,9.35,81
XM15JKSI,9.68,63
XM15FZAH,5.12,63
XM15ATBG,4.83,63
XM15RZDW,3.32,63
XM15PXDP,7.93,63
XM15TTOR,3.97,63
XM15PTVQ,7.91,63
XM15SHVL,7.77,63
XM15BPRS,7.61,63
XM15FHVP,9.19,63
XM15BXJJ,3.24,63
XM15TCCQ,7.16,63
XM15NXQQ,7.51,63
XM15UGVL,6.57,63
XM15OKAX,8.46,63
XM15IDTI,7.82,63
XM15RKMD,7.70,63
XM15MWXU,7.76,63
XM15ZSHA,9.69,63
XM15FYYQ,8.80,63
XM15XOZW,6.47,63
XM15MNIF,8.91,63
XM15YRGO,7.39,63
XM15GIAD,9.69,81
XM15NZGN,7.18,63
XM15HXEX,6.12,63
XM15ISYH,8.76,63
XM15NALJ,7.99,63
XM15ZPPC,7.58,63
XM15QUEF,4.04,63
XM15RBZJ,9.75,81
XM15SCXT,9.49,81
XM15YGSX,9.57,81
XM15GWNX,6.71,63
XM15LWIU,8.12,63
XM15MMPX,5.79,63
XM15GSGI,9.67,81
XM15EBTZ,8.32,63
XM15KFLO,6.20,63
XM15HSLU,2.26,63
XM15UFRA,8.99,63
XM15PLJM,9.97,81
XM15FVJV,9.59,81
XM15VIAW,9.69,63
XM15NELO,9.55,63
XM15SIUI,9.70,81
XM16CEWC,8.94,63
XM16EEET,7.43,63
XM16HJHC,8.38,63
XM16POZM,9.26,63
XM16GGDV,9.59,63
XM16QQWU,8.95,63
XM16XFHE,8.29,63
XM16VSJW,8.71,63
XM16LKSL,8.23,63
XM16SVNF,8.47,63
XM16GNSZ,9.81,63
XM16INPN,9.60,63
XM16UFYB,8.35,63
XM16NIKV,1.06,63
XM16OQKP,3.45,63
XM16AEWE,9.11,63
XM16WXLQ,8.71,63
XM16WNDH,8.17,63
XM16TJNZ,7.54,63
XM16GXDM,8.31,63
XM16QGOM,9.98,63
XM16KZVQ,9.45,63
XM16JMUT,6.03,63
XM16CEXQ,8.14,63
XM16PIPT,9.76,63
XM16XHZG,9.14,63
XM16EHQV,2.13,63
XM16HCHI,7.63,63
XM16NXBO,9.25,63
XM16BBLL,9.24,63
XM16YQBI,8.60,63
XM16OWKQ,8.76,63
XM16RNBA,8.79,63
XM16SLSG,8.36,63
XM16HSNC,7.70,63
XM16VHRD,5.70,63
XM16GYHA,9.37,63
XM16RTDQ,9.19,63
XM16UABZ,9.14,63
XM16EPCN,3.80,63
XM16LSKB,9.11,63
XM16UTMD,8.38,63
XM16DAUY,9.36,63
XM16XJRE,9.33,63
XM16TXLG,9.16,63
XM16CYFW,8.96,63
XM16VDRI,8.28,63
XM16IRQM,9.75,63
XM16UVMS,9.09,63
XM16BODA,8.10,63
XM16RUOI,2.60,63
XM16XNKU,7.40,63
XM16VKLV,8.91,63
XM16MNNM,9.94,63
XM16KBSU,9.66,63
XM16RGZH,9.00,63
XM16RICN,9.61,63
XM16OWKJ,7.88,63
XM16NGEP,9.53,63
XM16JGAK,8.49,63
XM16HNTH,9.54,63
XM16HFXZ,9.47,63
XM17RFMA,8.00,63
XM17KYTN,9.09,63
XM17HLCC,9.45,63
XM17EBJZ,9.61,63
XM17QHMN,8.58,63
XM17UYBO,9.61,63
XM17HKJC,8.94,63
XM17AUZP,8.00,63
XM17XUUB,8.27,63
XM17MNCN,7.24,63
XM17NODZ,9.24,63
XM17YMVU,6.73,63
XM17DWTX,8.03,63
XM17ZHGT,7.82,63
XM17WLJO,9.30,63
XM17LCIJ,8.85,63
XM17RVDS,8.48,63
XM17MHCN,9.09,63
XM17MVRN,9.76,63
XM17IDPT,9.24,63
XM17ISLC,9.30,63
XM17BLGY,9.09,63
XM17SZXY,9.79,63
XM17DMMW,9.15,63
XM17COJP,8.00,63
XM17KYKP,9.15,63
XM17VXAK,9.48,63
XM17MDBT,9.79,63
XM17STRJ,8.18,63
XM17SWRO,8.48,63
XM17FWGE,9.48,63
XM17XAAS,8.94,63
XM17QTUY,8.94,63
XM17YQEG,9.33,63
XM17AWUL,8.79,63
XM17LUBZ,8.09,63
XM17QHDZ,8.24,63
XM17VQGO,7.88,63
XM17EHAE,8.09,63
XM17ZNPP,7.58,63
XM17XGDT,8.85,63
XM17XFZR,7.39,63
XM17MGAR,9.94,63
XM17JEFR,9.64,63
XM17JLWO,9.77,63
XM17OMDG,9.72,63
XM17MDXU,9.60,63
XM17VFUX,9.00,63
XM17RCMW,7.00,63
XM17WKMY,9.21,63
XM17MGVP,8.61,63
XM17EREY,8.48,63
XM17PHTC,9.39,63
XM17VPSN,9.18,63
XM17LMSS,9.48,63
XM17MJWC,8.42,63
XM17RUVQ,9.64,63
XM17VXNX,8.79,63
XM17OLON,8.73,63
XM17HBDN,9.45,63
XM17YOUJ,9.00,63
XM17SZBZ,3.32,63
XM17EWQX,9.88,63
UF15ABJL,8.77,81
UF15WTMU,8.49,63
UF15WDSW,6.51,63
UF15AIEV,8.12,63
UF15CKRF,7.96,63
UF15WGZM,8.11,63
UF15OEEG,6.56,63
UF15RUDM,5.71,63
UF15FTCB,9.32,63
UF15UIXU,8.34,63
UF15HINI,9.13,81
UF15GSXR,9.26,63
UF15SACL,4.07,63
UF15DCFR,6.54,63
UF15UNCA,6.78,63
UF15GHSM,5.02,63
UF15QPIS,9.23,81
UF15EXZR,8.52,63
UF15RGTE,8.69,63
UF15WJWE,8.87,81
UF15XQXW,8.16,63
UF15CDBG,6.67,63
UF15SBWC,7.14,63
UF15OSVM,2.88,63
UF15CDXM,7.98,63
UF15KWLS,8.91,63
UF15MPOX,7.70,63
UF15DCNU,6.80,63
UF15FJHW,6.59,63
UF15EXMF,8.73,63
UF15VBYU,6.80,63
UF15RYOI,5.82,63
UF15OKTJ,5.36,63
UF15KJVB,8.71,63
UF15USLW,7.97,63
UF15BGCQ,7.39,63
UF15GYNF,2.54,63
UF15FLHQ,5.23,63
UF15RTAJ,6.05,63
UF15HOPF,8.88,63
UF15QTBK,6.26,63
UF15TRWJ,8.58,63
UF15PLTP,7.87,63
UF15IVQS,3.54,63
UF15HIRN,6.00,63
UF15OSSW,8.02,63
UF15SKFX,6.97,63
UF15TSFK,9.46,81
UF15LNAC,7.29,63
UF15PDZP,7.96,63
UF15IRVC,8.03,63
UF15USSD,2.58,63
UF15XUVZ,6.86,63
UF15EJIG,7.21,63
UF16VRMG,7.31,63
UF16WKIH,8.99,63
UF16FTNM,5.94,63
UF16PIGC,7.94,63
UF16SKKM,7.59,63
UF16HQRE,7.13,63
UF16YEXU,7.74,63
UF16HXDU,7.60,63
UF16TWEZ,8.82,63
UF16GHNE,7.67,63
UF16QJNL,7.20,63
UF16SKQH,5.57,63
UF16EWNB,6.04,63
UF16ADWD,6.15,63
UF16NEWY,7.98,63
UF16HGGB,7.49,63
UF16FKRU,6.53,63
UF16ZUNN,7.28,63
UF16KFIB,6.58,63
UF16WRGW,6.85,63
UF16CREO,4.78,63
UF16TLNK,7.47,63
UF16MMTO,6.51,63
UF16SDXE,5.34,63
UF16IYTR,7.54,63
UF16IMMI,7.23,63
UF16AZOF,0.00,63
UF16JGQM,6.69,63
UF16BYVF,5.30,63
UF16XZIA,7.78,63
UF16KNJO,8.50,63
UF16AEXM,8.74,81
UF16TINB,6.75,63
UF16LEZQ,7.46,63
UF16OMNX,6.20,63
UF16EWIB,4.86,63
UF16SUIS,5.70,63
UF16BDMB,4.99,63
UF16FEAL,6.59,63
UF16UDGJ,8.48,63
UF16DYPH,3.81,63
UF16LLSV,4.88,63
UF16SFDX,7.62,63
UF16RDQJ,7.88,63
UF16QWUH,3.94,63
UF16XMFJ,5.97,63
UF16XEQM,7.35,63
UF16KCOV,8.19,63
UF16JMOE,8.11,63
UF16WYVQ,7.98,63
UF16BJOH,8.19,63
UF16OUFM,7.63,63
UF16ECVS,4.68,63
UF16FCKQ,8.07,63
UF16PFOS,8.62,63
UF16ZAXO,8.59,63
UF16TELD,7.65,63
UF17EYFA,7.35,63
UF17OYRI,9.40,63
UF17FYQD,7.95,63
UF17DDUQ,6.62,63
UF17VNKM,6.46,63
UF17HATX,6.20,63
UF17DXIS,6.95,63
UF17HDZA,6.37,63
UF17FOWY,6.94,63
UF17NJOK,8.03,63
UF17RXRB,8.38,63
UF17IHGP,8.97,63
UF17XGCY,8.80,63
UF17RUUX,9.00,63
UF17ITHI,8.63,63
UF17CHQP,8.38,63
UF17VKYZ,8.89,63
UF17INCO,4.17,63
UF17JVEX,2.78,63
UF17DLQW,8.22,63
UF17JFSR,6.40,63
UF17PHPW,7.20,63
UF17LQYY,3.92,63
UF17IPHV,8.58,63
UF17GPWQ,7.74,63
UF17NXTY,7.85,63
UF17EUCO,7.63,63
UF17NJNS,5.89,63
UF17DMKT,6.91,63
UF17QXCC,8.42,63
UF17NGMC,8.14,63
UF17GNQW,7.63,63
UF17SSGU,7.98,63
UF17YMQO,4.23,63
UF17HUAP,7.95,63
UF17IHWN,8.00,63
UF17HISA,8.05,63
UF17VRIZ,7.31,63
UF17HDXQ,9.25,63
UF17FXXN,4.83,63
UF17GXVK,7.78,63
UF17CWEY,8.69,63
UF17OAZG,7.86,63
UF17ZYRV,7.69,63
UF17YCMC,5.52,63
UF17DOHL,6.86,63
UF17ZGEX,8.20,63
UF17LXKP,7.12,63
UF17JVBM,7.63,63
UF17FVZS,7.32,63
UF17EPFN,3.26,63
UF17HDPI,0.1,63
UF17HAWT,5.98,63
UF17VTZP,7.83,63
UF17RMKJ,9.28,63
UF17SDZG,1.55,63
UF17HGAH,7.88,63
SF15DDHI,6.63,63
SF15COUQ,9.30,63
SF15YRDI,8.21,63
SF15SBDX,8.93,81
SF15XVVB,7.64,63
SF15EBLD,9.39,63
SF15PCUI,9.69,81
SF15MASD,7.88,63
SF15GFJB,9.08,63
SF15AUHI,7.15,63
SF15EHEL,8.99,81
SF15TDQH,9.71,63
SF15AVMP,9.80,63
SF15ORKE,8.33,63
SF15CUCW,8.39,63
SF15TYYH,7.60,63
SF15WUXF,8.33,63
SF15SFVX,8.30,63
SF15TTPF,9.02,81
SF15DGAW,7.64,63
SF15YGOX,8.71,63
SF15VNII,7.00,63
SF15JGHD,9.88,63
SF15CVFX,6.46,63
SF15ULQP,8.82,81
SF15YOXP,6.76,63
SF15VLCK,8.64,63
SF15ECYN,8.91,63
SF15UGYL,7.27,63
SF15KWDE,5.95,63
SF15XFUH,5.99,63
SF15XZTL,8.16,63
SF15MXCJ,8.47,63
SF15VPRK,7.78,63
SF15BRYF,8.97,63
SF15TOSL,7.47,63
SF15GQMK,8.43,63
SF15YUMM,8.52,63
SF15DJVT,8.63,63
SF15BOUH,8.24,63
SF15CNHQ,7.65,63
SF15QFUZ,9.11,63
SF15EYGK,9.10,63
SF15UYZI,8.01,63
SF15FBJS,6.51,63
SF15JFGL,6.13,63
SF15JSGQ,9.21,81
SF15TCEZ,8.34,63
SF15TFFF,8.21,63
SF15FDPC,7.85,63
SF15RYAH,8.05,63
SF15VKIK,8.56,63
SF15SBFN,8.85,63
SF15MBFH,9.03,63
SF15YXRL,7.37,63
SF15SMUW,6.73,63
SF15ZTCN,9.22,63
SF15DJKO,9.05,63
SF15FANN,5.44,63
SF15YWTK,4.82,63
SF15BEAD,6.25,63
SF15WPLP,5.92,63
SF15NYTZ,8.08,63
SF15BJAF,7.89,63
SF15AKAP,6.36,63
SF15BPLL,7.01,63
SF15FKIV,8.90,81
SF15CTFP,9.55,63
SF15EHUB,9.10,63
SF15GTRJ,6.73,63
SF15CXUD,8.40,63
SF15ENJO,9.68,63
SF15ATBT,9.61,81
SF15TBLG,7.47,63
SF15JYZU,7.63,63
SF15OXNA,8.06,63
SF15IYBI,6.92,63
SF15BQOV,7.81,63
SF15MZEQ,6.83,63
SF15VGNS,7.60,63
SF15PORA,8.17,63
SF15NVNQ,9.04,63
SF15XGPE,5.36,63
SF15LGEY,8.70,81
SF15PTMX,8.12,63
SF15XAYN,7.30,63
SF15KLPI,7.95,63
SF15FEJZ,8.16,63
SF15ADVK,8.95,63
SF15UJCM,2.93,63
SF15DSUI,8.83,63
SF15SDSQ,5.37,63
SF15HJZQ,8.84,63
SF15SQVS,7.84,63
SF15PWOK,8.46,63
SF15WVUQ,8.46,63
SF15SZSP,6.52,63
SF15GCIZ,7.66,63
SF15KBCV,8.11,63
SF15ACWO,7.69,63
SF15QIUF,7.62,63
SF15PPNC,8.77,63
SF15QAYT,7.28,63
SF15VZHU,8.68,63
SF15TVSW,4.96,63
SF15WXBZ,7.72,63
SF15ASZF,7.88,63
SF15WITY,8.46,63
SF15KTKD,7.30,63
SF15OHFS,5.40,63
SF15DDOT,8.14,63
SF15AKSF,9.36,63
SF15SPHX,8.62,63
SF15QNEO,6.15,63
SF15KKLW,8.28,63
SF15QXWC,8.48,63
SF15WWOE,3.14,63
SF15OETS,6.22,63
SF15RUTC,7.91,63
SF15AVZY,2.53,63
SF15UANN,9.95,63
SF15JKEL,9.77,81
SF15AZNK,9.61,63
SF15PKXW,9.15,81
SF15VNFO,9.62,63
SF15PYJH,8.81,81
SF15WBRW,9.22,63
SF15OROD,9.14,81
SF15ICJW,8.60,63
SF15KYAX,9.28,81
SF15NPJM,9.32,63
SF15DUDG,9.33,63
SF15IENN,9.59,63
SF16YHGN,7.77,63
SF16FDVB,8.40,63
SF16MPAA,9.69,63
SF16GSZM,6.61,63
SF16MLZQ,7.98,63
SF16BNVY,8.86,63
SF16FUOK,8.83,63
SF16BCGZ,9.15,63
SF16MEWD,8.78,63
SF16HAPJ,7.72,63
SF16WSQA,9.94,63
SF16BJMV,8.94,63
SF16BMUD,9.12,63
SF16OFHY,8.15,63
SF16BCWY,8.30,63
SF16BTRU,7.44,63
SF16VKCU,9.16,63
SF16SGEX,8.53,63
SF16CBJV,8.39,63
SF16AQGZ,9.03,63
SF16VTTB,8.77,63
SF16AUVZ,9.60,63
SF16YNWZ,7.99,63
SF16PBEV,8.70,63
SF16IXMZ,9.94,63
SF16SOJB,9.32,63
SF16YFOL,7.01,63
SF16AJLH,8.25,63
SF16VBRY,6.09,63
SF16YUQS,8.06,63
SF16KMZJ,9.34,63
SF16FCPQ,8.35,63
SF16NBWN,9.98,63
SF16KIKC,8.21,63
SF16WCVG,7.19,63
SF16AOGW,9.37,63
SF16VYOW,8.38,63
SF16PHBM,4.73,63
SF16JUQF,8.49,63
SF16SJRH,9.36,63
SF16ICAM,8.76,63
SF16IOVS,8.29,63
SF16NVDD,7.34,63
SF16KNTE,8.66,63
SF16NBIV,8.61,63
SF16VAXE,9.31,63
SF16OERU,7.43,63
SF16TRBE,9.30,63
SF16XCZP,7.90,63
SF16NGOV,8.04,63
SF16HWIJ,8.68,63
SF16QXAF,3.84,63
SF16ABVL,6.90,63
SF16LQNQ,9.11,63
SF16RDGK,9.08,63
SF16MZAN,6.81,63
SF16GKMX,9.13,63
SF16XIZM,9.48,63
SF16GWFJ,7.60,63
SF16SAIX,9.24,63
SF16YNJJ,7.90,63
SF16JTNW,9.38,63
SF16COVU,7.16,63
SF16MIJS,8.81,63
SF16CFGB,9.59,63
SF16IRQI,9.10,63
SF16VTFC,9.31,63
SF16XFLU,9.59,63
SF16JJSM,9.24,63
SF16MPBK,9.50,63
SF16IQVU,9.31,63
SF16JSTH,8.73,63
SF16VGHL,4.95,63
SF16AVNT,8.36,63
SF16UWNA,6.96,63
SF16PSWY,8.43,63
SF16MURB,8.83,63
SF16AJZM,8.77,63
SF16FJLM,8.73,63
SF16BEZJ,8.16,63
SF16SFZO,9.13,63
SF16LVWU,9.94,63
SF16QVWT,6.65,63
SF16OBHX,7.73,63
SF16GBFI,4.49,63
SF16MUUN,7.45,63
SF16IWSX,4.98,63
SF16NEFO,8.32,63
SF16JOLU,8.58,63
SF16OPNJ,7.32,63
SF16SXZA,8.86,63
SF16UQFI,9.04,63
SF16PUHH,6.12,63
SF16OHRV,6.61,63
SF16EDWR,8.79,63
SF16LKCF,8.73,63
SF16MIPI,6.89,63
SF16HSQT,8.86,63
SF16KNYI,6.80,63
SF16WVUY,9.37,63
SF16YPAF,6.72,63
SF16RBWM,4.27,63
SF16OFRA,8.60,63
SF16THCE,8.76,63
SF16VYJG,9.23,63
SF16SFZW,3.02,63
SF16BFDB,6.71,63
SF16KVEH,9.38,63
SF16AQGS,5.94,63
SF16JVXW,2.36,63
SF16ETAI,8.81,63
SF16QPDA,8.77,63
SF16BFXH,7.55,63
SF16OTFZ,9.62,63
SF16DRNY,8.97,63
SF16PCDK,8.06,63
SF16QZWD,8.55,63
SF16ZCPJ,7.56,63
SF16KQLS,7.36,63
SF16NIXV,7.87,63
SF16EALT,9.00,63
SF16ZDET,7.81,63
SF16OJMX,8.01,63
SF16VZYJ,9.16,63
SF16YLKF,8.84,63
SF16LMSX,0.25,63
SF16XVAA,8.99,63
SF16ELTG,9.32,63
SF16OQUF,8.05,63
SF16DKWF,8.94,63
SF16XVLA,8.80,63
SF17HLKU,8.15,63
SF17CHJW,9.05,63
SF17DTCM,8.10,63
SF17JKHS,7.83,63
SF17LJAS,5.83,63
SF17VAIX,8.71,63
SF17FGTZ,8.88,63
SF17XPEL,9.20,63
SF17WHQD,6.92,63
SF17DATI,8.35,63
SF17MLAD,7.73,63
SF17FZUH,6.83,63
SF17ICSO,7.81,63
SF17PDHY,7.57,63
SF17ULVJ,8.74,63
SF17KFKR,8.56,63
SF17OXOG,8.88,63
SF17KGYO,7.39,63
SF17CXMN,6.76,63
SF17EIZM,6.90,63
SF17LMGD,9.19,63
SF17DAQQ,8.88,63
SF17PVWE,9.37,63
SF17OIRE,9.17,63
SF17VRNZ,9.20,63
SF17CKQX,8.19,63
SF17JWKC,9.37,63
SF17YVLO,8.91,63
SF17YIQU,9.42,63
SF17VAJA,7.22,63
SF17JIBE,9.68,63
SF17VVUQ,9.68,63
SF17WCBF,9.58,63
SF17AVJM,8.93,63
SF17GCOB,8.63,63
SF17KTFJ,9.71,63
SF17WYZR,8.29,63
SF17XIJR,7.88,63
SF17YQTL,8.46,63
SF17METY,9.59,63
SF17LVFO,9.25,63
SF17MQCQ,8.05,63
SF17MQDU,7.47,63
SF17VEHO,7.71,63
SF17HYJV,4.02,63
SF17EIRX,8.54,63
SF17PZJF,9.61,63
SF17TAKV,9.34,63
SF17BRUQ,5.71,63
SF17FZVF,5.98,63
SF17WFEM,6.79,63
SF17GJHU,9.37,63
SF17PXWR,9.44,63
SF17CXOK,8.40,63
SF17AYFV,8.49,63
SF17RNMO,8.17,63
SF17MNLS,8.29,63
SF17JCEP,7.00,63
SF17CQXW,9.15,63
SF17MJPI,8.93,63
SF17EDQP,8.25,63
SF17MNHD,7.14,63
SF17ACHZ,8.76,63
SF17ECCM,9.75,63
SF17RJUN,8.32,63
SF17PYYE,9.00,63
SF17EDNG,9.57,63
SF17UGPV,9.72,63
SF17TPSH,9.72,63
SF17BFTH,9.31,63
SF17SNVH,9.74,63
SF17GGUF,9.44,63
SF17NJVE,9.64,63
SF17QKDU,7.26,63
SF17BUXY,9.14,63
SF17ITSR,8.12,63
SF17TLYR,8.05,63
SF17PPNQ,7.88,63
SF17ZBSN,8.83,63
SF17YQRB,7.83,63
SF17DQSB,8.25,63
SF17PZHL,8.72,63
SF17CZTD,9.10,63
SF17QEZD,8.05,63
SF17EMRZ,6.96,63
SF17RKKG,8.80,63
SF17CJIO,8.51,63
SF17XPCV,8.76,63
SF17HZNY,8.76,63
SF17SJUJ,7.66,63
SF17NRDI,6.28,63
SF17IGDA,9.42,63
SF17CMPN,9.17,63
SF17RKJD,8.51,63
SF17GOIB,6.88,63
SF17UNMN,8.73,63
SF17YVLX,8.12,63
SF17YOPY,8.05,63
SF17SJID,9.00,63
SF17YSJA,6.29,63
SF17WPBB,2.96,63
SF17RHMY,6.85,63
SF17WNQG,8.56,63
SF17OBWW,7.00,63
SF17PIYG,8.00,63
SF17DIBS,6.51,63
SF17RIFT,7.75,63
SF17AVIF,7.81,63
SF17FEFF,8.66,63
SF17AGNS,8.32,63
SF17ZEFN,8.80,63
SF17PDTM,4.39,63
SF17HXEX,8.29,63
SF17KZFU,9.27,63
SF17QUGZ,6.85,63
SF17UKGD,8.39,63
SF17XUUQ,8.12,63
SF17OHPL,9.54,63
SF17WOOF,8.32,63
SF17SAGN,9.17,63
SF17GBAR,8.95,63
SF17VMCY,6.34,63
SF17UTLA,9.86,63
SF17TVZL,7.37,63
SF17FZJR,6.51,63
SF17GPPM,8.22,63
SF17LQMB,9.66,63
SF17GJHM,9.78,63
SF17WCHE,9.78,63
SF17WRWN,9.41,63
SF17TEOC,9.20,63
SF17YLNT,9.35,63
OZ15EEQH,8.30,63
OZ15NYUI,5.87,63
OZ15GBBA,5.86,63
OZ15WVYN,8.21,63
OZ15YGIZ,6.33,63
OZ15TRLM,4.34,63
OZ15DTNY,8.57,63
OZ15UDKO,7.39,63
OZ15CJWO,8.65,63
OZ15TDUW,9.43,81
OZ15AIAM,6.54,63
OZ15OVOW,7.61,63
OZ15GYUM,5.27,63
OZ15KMHM,8.90,63
OZ15RTSJ,8.34,63
OZ15VEFH,6.85,63
OZ15ALMS,8.17,63
OZ15YXOH,6.23,63
OZ15FHDK,7.36,63
OZ15OAJU,9.83,63
OZ15GXYD,3.48,63
OZ15OKDF,2.15,63
OZ15GMVB,8.56,63
OZ15UEQI,7.67,63
OZ15JKHC,5.98,63
OZ15NGQM,7.58,63
OZ15OXKF,7.97,63
OZ15SGYT,7.11,63
OZ15ERGE,9.64,63
OZ15UTVS,7.68,63
OZ15YQXK,8.86,63
OZ16MCMO,6.58,63
OZ16XAKA,7.73,63
OZ16XLFM,7.58,63
OZ16JZQE,8.25,63
OZ16ELTJ,8.69,63
OZ16MVQA,7.78,63
OZ16KUGM,7.45,63
OZ16VLAM,8.16,63
OZ16GMFS,8.00,63
OZ16APPT,6.96,63
OZ16VXDP,8.95,63
OZ16FYTN,7.26,63
OZ16JXOX,8.94,63
OZ16GPDM,8.18,63
OZ16YXHS,9.43,63
OZ16ALLM,4.32,63
OZ16SSKG,6.40,63
OZ16KBDQ,3.98,63
OZ16OGFD,9.45,63
OZ16LTJU,8.29,63
OZ16BALD,3.15,63
OZ16STKU,8.58,63
OZ16UVLS,4.35,63
OZ16UZLS,8.07,63
OZ16QSKP,5.20,63
OZ16HYIO,7.86,63
OZ16QESP,8.24,63
OZ16JFNE,7.74,63
OZ16FKLO,8.63,63
OZ16FWTT,8.17,63
OZ17AYSH,9.18,63
OZ17DEVU,7.70,63
OZ17FIGB,6.79,63
OZ17BZNS,8.79,63
OZ17KJOO,9.39,63
OZ17CPNS,8.03,63
OZ17SOBG,8.03,63
OZ17OOXB,4.12,63
OZ17QZDZ,8.24,63
OZ17DYSP,7.58,63
OZ17IEYF,9.52,63
OZ17FHQS,9.93,63
OZ17WVUL,6.55,63
OZ17EBKB,9.75,63
OZ17QWWA,5.85,63
OZ17OKLB,0.1,63
OZ17MYIA,8.88,63
OZ17JUTM,9.09,63
OZ17MCRT,8.88,63
OZ17EFRR,7.55,63
OZ17HGAK,8.18,63
OZ17CAFH,7.58,63
OZ17UZWE,3.37,63
OZ17LPFA,2.68,63
OZ17OUSV,7.27,63
OZ17WUSC,7.21,63
OZ17GDWF,8.18,63
OZ17PXGX,9.64,63
OZ17MYBF,8.79,63
OZ17QNTI,6.52,63
FO15XZMF,8.07,63
FO15QMQH,8.47,63
FO15JQSN,8.74,81
FO15ZPWB,8.82,81
FO15WSCG,8.77,81
FO15MGPC,8.04,63
FO15NZVD,8.82,81
FO15VDND,5.50,63
FO15ZCCJ,8.82,63
FO15SZWU,7.91,63
FO15EKKB,9.60,81
FO15BRIX,6.37,63
FO15ACQL,7.10,63
FO15YELK,7.65,63
FO15XLLC,8.46,63
FO15EXOU,5.91,63
FO15RAET,6.68,63
FO15LWKX,9.10,63
FO15XDYO,8.74,63
FO15VIDV,7.20,63
FO15OPYO,7.98,63
FO15FFQF,7.87,63
FO15KWMZ,9.25,63
FO15KKAU,6.99,63
FO15WLMI,7.71,63
FO15CQFJ,7.61,63
FO15OUKA,8.05,63
FO15WPDM,4.07,63
FO15CYIA,8.38,63
FO15NHVL,4.53,63
FO15BXZX,8.83,81
FO15CVHO,6.60,63
FO15TPIA,7.48,63
FO15JJYG,8.91,63
FO15GBIX,7.41,63
FO15KHIS,9.49,63
FO15ZZKD,7.21,63
FO15HLBB,8.41,63
FO15PWOW,7.12,63
FO15VYZU,4.41,63
FO15UWRY,9.10,63
FO15WKRR,6.17,63
FO15JQXF,8.58,63
FO15FVJQ,9.10,63
FO15DDFH,8.75,81
FO15CIMJ,8.87,63
FO15CJHQ,8.96,63
FO15SXNA,8.48,63
FO15AXSD,6.03,63
FO15YWJV,5.80,63
FO15GBIV,8.22,63
FO15FUOY,7.78,63
FO15HDOV,9.08,63
FO15YCLX,7.89,63
FO15VIJL,9.02,63
FO15WBCZ,8.14,63
FO15SMAK,8.62,63
FO15IMKQ,7.81,63
FO15INOW,8.20,63
FO15UPWA,8.52,63
FO15ZLBC,8.63,63
FO15VIXY,5.70,63
FO15GUTS,8.07,63
FO15MQIJ,7.77,63
FO15JVQC,7.18,63
FO15JQHL,7.20,63
FO15UZHK,8.20,63
FO15XWKJ,7.08,63
FO15TTYH,8.28,63
FO15RZXZ,8.85,81
FO15JQSH,7.86,63
FO15LMET,7.29,63
FO15URUL,7.15,63
FO15PCBM,8.47,63
FO15HGHZ,6.16,63
FO15LHRT,9.62,81
FO15LTDR,8.34,63
FO15UOMM,8.62,63
FO15RKNP,6.81,63
FO15GRJL,7.70,63
FO15PTML,8.37,63
FO15PSEL,7.20,63
FO15VLIV,8.20,63
FO15CCMF,3.88,63
FO15DVJN,8.30,63
FO15SNEQ,8.99,81
FO15YZXI,7.89,63
FO15PYDW,8.26,63
FO15CJMI,8.81,63
FO15PJAS,7.61,63
FO15FMGW,6.35,63
FO15BNQK,6.11,63
FO15BCJF,6.56,63
FO15LFIZ,9.17,63
FO15XRYM,8.41,63
FO15BGAI,5.61,63
FO15SHNH,6.72,63
FO15UXIW,8.91,63
FO15WYCR,6.71,63
FO15JJBG,8.11,63
FO15SRDI,8.40,63
FO15EUUA,9.88,63
FO15LGIT,7.09,63
FO15NJTS,8.31,63
FO15OUXL,8.02,63
FO15ISUZ,7.80,63
FO15BEEF,7.54,63
FO15YHKB,7.35,63
FO15KKJW,8.67,63
FO15URMN,5.88,63
FO15FPIF,9.56,63
FO15AEOB,7.63,63
FO15OWQW,8.63,81
FO15ATJR,8.24,63
FO15MRVP,7.90,63
FO15AAXO,5.29,63
FO15SDPV,8.44,63
FO15FUVD,8.57,63
FO15HSVZ,8.26,63
FO15YBAG,2.97,63
FO15CJFY,6.24,63
FO15CEXB,8.25,63
FO15PJUO,7.10,63
FO15CMPD,9.66,63
FO15GCIV,8.25,63
FO15SJSD,4.27,63
FO15AMNT,7.14,63
FO15WBKG,8.25,63
FO15FBAF,8.00,63
FO15DNOP,4.65,63
FO15DVKE,6.61,63
FO15XOPN,8.05,63
FO15WBYW,7.50,63
FO15IJTU,5.00,63
FO15IVLF,9.50,63
FO15APTC,8.80,63
FO15PHEN,9.63,63
FO15WGLO,8.27,63
FO15VDCN,8.69,63
FO15KMYP,6.82,63
FO15NVLH,5.33,63
FO15FLMF,7.48,63
FO15FXMS,8.21,63
FO15NJKG,7.56,63
FO15RSML,8.10,63
FO15IOML,9.04,63
FO15BQOE,7.83,63
FO15TMAU,7.31,63
FO15NTEA,8.81,81
FO15ORRZ,9.55,63
FO15MGLI,9.55,63
FO15QNVC,8.48,81
FO15KBUA,8.82,81
FO15XWDP,8.57,63
FO15ARKZ,8.44,63
FO15MILI,9.50,63
FO15CKCP,9.40,63
FO15PGHB,8.83,81
FO15FCHA,9.12,63
FO15QHHI,8.49,63
FO15WIWE,9.10,81
FO15VJID,9.12,63
FO15WBOC,9.00,63
FO15BYTS,9.14,63
FO15AUWC,9.19,63
FO15TPPD,9.63,63
FO16YHKJ,5.99,63
FO16GHOK,8.82,63
FO16NMGJ,6.82,63
FO16IPVI,7.98,63
FO16VYVO,8.07,63
FO16PVSN,1.88,63
FO16FTCS,3.02,63
FO16XFDQ,4.68,63
FO16KTBZ,5.10,63
FO16IWCC,6.97,63
FO16CZRZ,9.65,63
FO16KLLP,9.15,63
FO16RNLP,8.38,63
FO16WQEJ,8.06,63
FO16BLIR,8.62,63
FO16ZPAM,7.20,63
FO16DZOK,6.86,63
FO16HHBO,7.73,63
FO16GBHF,7.49,63
FO16ZVLT,4.81,63
FO16RLFJ,6.53,63
FO16DJXN,8.61,63
FO16DVFQ,7.77,63
FO16TKZQ,9.13,63
FO16WBSH,7.85,63
FO16JEKJ,6.44,63
FO16PIRE,9.46,63
FO16XDQH,6.08,63
FO16BZHM,7.11,63
FO16OQAP,9.02,63
FO16XDJV,9.13,63
FO16KBGD,8.96,63
FO16SMBK,5.01,63
FO16ODUY,7.72,63
FO16WSNC,3.75,63
FO16VMKI,9.23,63
FO16EXEM,7.05,63
FO16AAZV,5.16,63
FO16MCLM,9.09,63
FO16XXXL,7.56,63
FO16THMP,8.51,63
FO16MPGW,4.46,63
FO16XKBR,8.30,63
FO16JCVD,8.73,63
FO16YQUY,8.42,63
FO16VOZF,8.52,63
FO16KYGR,9.34,63
FO16UWHY,8.58,63
FO16NLJA,7.24,63
FO16ZXAT,8.45,63
FO16HSSC,9.43,63
FO16YPHD,8.06,63
FO16UDCX,7.46,63
FO16IAZE,8.92,63
FO16AXFT,5.95,63
FO16OTIL,7.44,63
FO16PFNB,9.36,63
FO16HXGF,8.15,63
FO16CNNZ,8.56,63
FO16KMEB,8.20,63
FO16VFNB,7.66,63
FO16DHKJ,7.21,63
FO16NXVJ,8.79,63
FO16PJEF,4.00,63
FO16BTNW,9.53,63
FO16ACDN,4.71,63
FO16VRGK,8.26,63
FO16ZFSQ,7.62,63
FO16FBTM,7.87,63
FO16HAWE,7.98,63
FO16GWYC,9.33,63
FO16BHRG,8.38,63
FO16KHJH,7.63,63
FO16YMET,8.79,63
FO16GRGI,8.61,63
FO16VNTN,9.51,63
FO16RLND,9.14,63
FO16LPMU,8.82,63
FO16DKRU,7.83,63
FO16RJQT,3.85,63
FO16FGVQ,6.99,63
FO16RWOA,6.72,63
FO16PNYX,3.09,63
FO16KFBC,3.44,63
FO16OVLU,9.92,63
FO16ZHHY,2.65,63
FO16BKNW,5.06,63
FO16KXTD,3.82,63
FO16VBOA,8.22,63
FO16WSDE,7.73,63
FO16UKKG,6.50,63
FO16XWQD,7.80,63
FO16RMMD,5.46,63
FO16OJXH,6.47,63
FO16TTNO,9.57,63
FO16QGSR,6.65,63
FO16QAWE,8.86,63
FO16GGWI,7.78,63
FO16SIMN,9.36,63
FO16QZDS,6.04,63
FO16AJQH,8.45,63
FO16XMHS,8.69,63
FO16KMMC,9.03,63
FO16YHOX,8.08,63
FO16JGQN,9.22,63
FO16IJCQ,8.83,63
FO16QTDP,7.87,63
FO16WFEV,7.64,63
FO16TEPD,2.98,63
FO16BLFF,7.40,63
FO16TLEY,7.33,63
FO16HKLE,5.80,63
FO16LSJK,8.74,63
FO16PEPG,6.12,63
FO16FAPQ,7.98,63
FO16BCPK,7.77,63
FO16NFNK,7.66,63
FO16UUSO,8.02,63
FO16KLIL,7.12,63
FO16BCUO,7.78,63
FO16TWNX,7.19,63
FO16EYXM,9.45,63
FO16QFNI,7.95,63
FO16IBDB,8.37,63
FO16UUOI,8.93,63
FO16AZRN,9.30,63
FO16GEUJ,7.51,63
FO16YLHL,9.29,63
FO16HSYI,2.06,63
FO16JDKN,8.19,63
FO16CUXP,7.70,63
FO16RVKM,2.51,63
FO16ALOK,4.90,63
FO16AWNM,7.97,63
FO16LGOL,6.52,63
FO16UZRT,6.05,63
FO16YYCA,2.60,63
FO16YOOQ,8.22,63
FO16BUHU,8.71,63
FO16PKGO,8.08,63
FO16DADZ,5.60,63
FO16RVYQ,9.07,63
FO16OCXT,7.81,63
FO16DEEI,9.16,63
FO16PBRP,8.20,63
FO16PYLO,8.76,63
FO16NLNP,8.46,63
FO16FAFI,8.50,63
FO16OMSE,7.96,63
FO16CWLH,8.95,63
FO16OQOQ,8.87,63
FO16LJNP,8.84,63
FO16ZMZC,9.06,63
FO16ISCP,8.78,63
FO16IFAF,8.75,63
FO16DRWU,8.57,63
FO16SBVM,8.18,63
FO16FXCX,8.56,63
FO17BWBQ,7.94,63
FO17SFRC,8.78,63
FO17IETN,2.79,63
FO17SZEL,7.87,63
FO17SYNJ,7.85,63
FO17YDWJ,7.49,63
FO17JRRV,8.58,63
FO17GNSL,6.78,63
FO17HYRK,8.12,63
FO17JGVH,7.00,63
FO17PRQX,8.22,63
FO17TWAA,7.12,63
FO17JUYA,9.49,63
FO17LCHS,7.88,63
FO17UIJR,8.22,63
FO17QRLG,8.93,63
FO17AVHQ,7.56,63
FO17DZWC,8.66,63
FO17ORAN,6.61,63
FO17NIRV,0.00,63
FO17JBUX,7.79,63
FO17VKYC,5.66,63
FO17ZEID,7.81,63
FO17CTFA,8.00,63
FO17NAWQ,7.92,63
FO17LQGY,8.92,63
FO17SUQL,8.39,63
FO17IWVY,8.98,63
FO17AZGF,3.64,63
FO17MMGO,8.29,63
FO17TDOZ,7.90,63
FO17NBOG,7.72,63
FO17VJEB,9.04,63
FO17HAAT,8.54,63
FO17IKOM,8.78,63
FO17KBJH,8.12,63
FO17JELK,7.19,63
FO17WVBN,8.86,63
FO17YGHG,9.12,63
FO17CQIL,7.68,63
FO17BVMS,9.17,63
FO17JVUG,7.39,63
FO17WPXP,8.54,63
FO17CMXF,4.93,63
FO17TGHH,8.50,63
FO17OTRP,8.25,63
FO17GXAQ,4.06,63
FO17IFSE,8.76,63
FO17OOEC,8.17,63
FO17URHH,9.27,63
FO17OTGB,8.98,63
FO17QZIS,9.20,63
FO17DMSI,6.65,63
FO17UNKH,9.17,63
FO17ZYUW,7.95,63
FO17MMOH,9.50,63
FO17ADFS,8.19,63
FO17EWBW,6.00,63
FO17RIEC,8.44,63
FO17LELW,9.00,63
FO17YGXC,7.81,63
FO17PHOC,8.39,63
FO17SATM,9.34,63
FO17UXKA,9.57,63
FO17BZKW,8.50,63
FO17KIHH,7.43,63
FO17WCAW,8.24,63
FO17NIKF,9.25,63
FO17NHNS,9.19,63
FO17VYZX,9.65,63
FO17XVWF,8.09,63
FO17BVTU,6.28,63
FO17QOGL,9.44,63
FO17NLST,3.85,63
FO17IFSD,7.78,63
FO17KZWW,9.47,63
FO17HRQP,9.38,63
FO17RDMM,9.47,63
FO17TMSD,9.25,63
FO17VILB,9.30,63
FO17UQTZ,9.58,63
FO17BVEE,8.99,63
FO17EGGS,9.24,63
FO17DORL,9.25,63
FO17NOHJ,9.18,63
FO17WWEG,9.73,63
FO17RBLZ,1.35,63
FO17KGFI,2.62,63
FO17CFKQ,4.38,63
FO17FXMJ,7.95,63
FO17YAOK,7.85,63
FO17CDDN,9.73,63
FO17ISIT,8.94,63
FO17JFCW,8.95,63
FO17LTPR,1.18,63
FO17AAPW,3.27,63
FO17TXQC,8.66,63
FO17KTJT,5.39,63
FO17RRAS,8.32,63
FO17GDKR,8.36,63
FO17URBP,6.27,63
FO17KPKQ,6.41,63
FO17UFCB,8.05,63
FO17OKNS,6.66,63
FO17LLHK,8.93,63
FO17MAYR,5.81,63
FO17YEGN,8.97,63
FO17QSDY,6.29,63
FO17UTSL,8.35,63
FO17XTQM,8.39,63
FO17GDFL,9.45,63
FO17JIZK,8.63,63
FO17DVHO,7.56,63
FO17XNVD,7.47,63
FO17WVRY,9.27,63
FO17BBUH,9.49,63
FO17PTBU,8.78,63
FO17QERT,7.00,63
FO17WMIV,8.53,63
FO17NLEM,7.54,63
FO17NMXR,9.80,63
FO17KELA,7.08,63
FO17IJIZ,7.14,63
FO17CFAW,8.46,63
FO17FHJA,8.42,63
FO17LNDZ,7.91,63
FO17YAPI,8.83,63
FO17THDO,9.64,63
FO17BWZV,9.31,63
FO17XIAB,5.93,63
FO17DMHR,8.04,63
FO17WOOZ,7.24,63
FO17CGXX,8.42,63
FO17PXLJ,8.35,63
FO17FYAO,6.91,63
FO17CUHA,8.47,63
FO17LZHW,8.07,63
FO17KZOC,9.37,63
FO17BAQE,6.25,63
FO17BTOA,7.59,63
FO17MNUH,7.41,63
FO17VBNA,9.22,63
FO17MEVB,9.31,63
FO17QKSY,7.51,63
FO17IHMI,5.91,63
FO17HYWO,8.25,63
FO17IFOP,9.17,63
FO17KMWH,5.75,63
FO17MPAZ,6.78,63
FO17HFHD,5.22,63
FO17NPJE,8.81,63
FO17LMMJ,8.54,63
FO17OUDE,7.51,63
FO17WTMQ,6.86,63
FO17GDOX,9.14,63
FO17MXNH,8.51,63
FO17ORZP,7.99,63
FO17LYSN,9.00,63
FO17PUJY,8.96,63
FO17WVCT,9.07,63
FO17UMOF,9.18,63
FO17KVUX,9.00,63
FO17AJRC,8.78,63
FO17LNEJ,8.79,63
FO17SGHA,9.00,63
FO17TPGN,8.71,63
FO17FJXA,8.77,63
FO17HXFP,8.68,63
FO17KYDB,8.74,63
LT15QVUI,7.32,63
LT15CILF,8.79,81
LT15BONG,9.38,63
LT15HRUU,8.03,63
LT15KLQA,4.65,63
LT15YIIE,6.05,63
LT15WRVR,3.88,63
LT15VMJJ,6.11,63
LT15FXBV,8.41,63
LT15ZNSU,5.55,63
LT15VKQY,7.77,63
LT15LWIC,8.88,63
LT15SGQV,6.34,63
LT15QYYR,8.18,63
LT15BJTJ,7.72,63
LT15OGFN,6.87,63
LT15UJOY,6.24,63
LT15WDUU,8.39,63
LT15ZZKY,6.49,63
LT15CUZE,9.35,81
LT15SCRT,7.61,63
LT15KUGN,9.12,81
LT15WKEJ,7.66,63
LT15OJMX,5.62,63
LT15NRKV,3.96,63
LT15AICZ,7.88,63
LT15HVNQ,9.57,63
LT15ZQWI,9.86,63
LT15SIVY,7.63,63
LT15VBHN,8.76,63
LT15OUGQ,7.53,63
LT15JOFP,7.03,63
LT15GGTI,9.24,63
LT15PKFV,8.68,63
LT15XMUR,8.91,63
LT15SAWF,8.10,63
LT15FDBB,9.62,63
LT15XQZU,8.67,63
LT15RWPF,7.79,63
LT15AHZX,8.58,63
LT15WXQA,8.01,63
LT15KSCT,8.19,63
LT15QLTK,8.46,63
LT15STPC,7.59,63
LT15NKBM,6.01,63
LT15OWJI,5.35,63
LT15HKCM,8.75,63
LT15VJMG,8.25,63
LT16PKNX,5.82,63
LT16LCJP,5.97,63
LT16RHLN,2.33,63
LT16KNPB,5.53,63
LT16HHVH,4.23,63
LT16CKSM,3.63,63
LT16ZKUJ,9.32,63
LT16OBCO,9.32,63
LT16ZUUD,8.56,63
LT16OADC,9.65,63
LT16EFEH,8.13,63
LT16SYGC,7.16,63
LT16UWTT,8.52,63
LT16YGDC,9.35,63
LT16QJEC,6.99,63
LT16ZVIL,8.52,63
LT16PRFI,8.78,63
LT16CVTP,8.99,63
LT16XQWB,5.02,63
LT16KWVZ,8.24,63
LT16NZYT,7.12,63
LT16LSWR,9.25,63
LT16WAAV,6.10,63
LT16MMZH,8.22,63
LT16JVXX,6.52,63
LT16ZGBY,8.74,63
LT16PKRU,8.60,63
LT16DQMG,8.61,63
LT16BSPF,8.93,63
LT16GNJQ,7.65,63
LT16OYOG,9.43,63
LT16QDBX,8.24,63
LT16GAEE,8.04,63
LT16WQXA,7.82,63
LT16RLTQ,9.70,63
LT16YNIL,9.26,63
LT16KZZL,2.53,63
LT16BTKI,6.70,63
LT16OQCU,7.93,63
LT16CMLY,7.21,63
LT16OIBN,9.13,63
LT16QQAP,8.60,63
LT16GFAQ,8.46,63
LT16IZDA,6.79,63
LT16ATNI,7.50,63
LT16VRQL,7.34,63
LT16QPLR,6.78,63
LT16LVZE,8.22,63
LT17BEYI,8.00,63
LT17AZAH,1.84,63
LT17QBQI,7.39,63
LT17FBUZ,2.30,63
LT17DJRT,9.70,63
LT17NZQM,4.26,63
LT17VVHN,5.00,63
LT17KLJI,7.64,63
LT17EEDQ,7.11,63
LT17MEWH,8.75,63
LT17RYXA,8.21,63
LT17WYRL,6.82,63
LT17YAOV,8.04,63
LT17IANO,7.43,63
LT17EQLG,8.21,63
LT17UGUP,1.70,63
LT17REEO,6.43,63
LT17POXQ,0.21,63
LT17NBSE,5.68,63
LT17IBJP,7.96,63
LT17CHVJ,7.25,63
LT17SNXT,6.25,63
LT17KRSX,8.36,63
LT17LKRX,7.50,63
LT17CHIA,8.14,63
LT17RGKU,8.04,63
LT17FKYM,7.00,63
LT17POOF,4.93,63
LT17UDFA,6.46,63
LT17XCJU,9.22,63
LT17AWAE,9.00,63
LT17KPKR,8.64,63
LT17HKTB,8.04,63
LT17EFSY,5.29,63
LT17JCEF,8.32,63
LT17CCJC,4.57,63
LT17SFNR,8.14,63
LT17CCMW,6.29,63
LT17FHDM,8.25,63
LT17CYCF,4.24,63
LT17DZEV,8.57,63
LT17DLAP,6.93,63
LT17TSRW,8.83,63
LT17HPKQ,8.04,63
LT17SGGZ,0.1,63
LT17YSPR,7.75,63
LT17BZJH,5.64,63
LT17CMOF,2.67,63
LT17TDDI,7.25,63
SC15WORJ,7.76,63
SC15VFWN,6.99,63
SC15IRQS,8.85,81
SC15LYJY,5.43,63
SC15RPBY,7.37,63
SC15DBEA,7.30,63
SC15SXUB,6.99,63
SC15QPTW,8.63,63
SC15LDQQ,9.37,63
SC15UFNX,8.34,63
SC15SEKY,6.48,63
SC15QHTI,9.22,81
SC15YCPS,7.70,63
SC15EKTP,5.48,63
SC15VBAJ,9.34,63
SC15VLUQ,7.20,63
SC15PEXG,7.08,63
SC15SKTM,8.25,63
SC15DFRV,6.92,63
SC15TYFK,7.04,63
SC15IGQJ,7.45,63
SC15FWAG,9.08,81
SC15DZVU,8.11,63
SC15CHMG,4.96,63
SC15YPKT,6.25,63
SC15MDJT,9.46,63
SC15JMVQ,7.82,63
SC15HEZX,6.85,63
SC15YKDW,3.92,63
SC15UEGJ,8.08,63
SC15BVUW,8.01,63
SC15NZMY,8.39,63
SC15JNTD,6.99,63
SC15GHGW,9.37,63
SC15FEIS,8.46,63
SC15EVXP,8.34,63
SC15ARZL,8.11,63
SC15IYTK,9.27,63
SC15JRBS,7.26,63
SC15UBSJ,7.05,63
SC15CSNL,5.93,63
SC15VHDN,6.48,63
SC15WOXR,6.09,63
SC15YQRT,4.56,63
SC15DJWN,7.88,63
SC15EYVU,7.93,63
SC15VXLG,5.84,63
SC15WQWT,5.29,63
SC16MHIA,9.72,63
SC16DDKV,7.16,63
SC16WBOR,3.29,63
SC16XDZG,7.45,63
SC16JLQC,8.90,63
SC16OHLJ,7.11,63
SC16CPNO,2.42,63
SC16GWSC,8.05,63
SC16SEUG,8.19,63
SC16VPVC,7.98,63
SC16UMTL,4.35,63
SC16VDVL,7.67,63
SC16UPGM,7.69,63
SC16AKHA,5.76,63
SC16URSJ,5.96,63
SC16DTJT,7.62,63
SC16MPQF,6.68,63
SC16FVKI,7.45,63
SC16SGOM,8.70,63
SC16VMCC,3.20,63
SC16NGDQ,7.57,63
SC16OTVC,7.07,63
SC16EFMQ,7.03,63
SC16YZJG,6.72,63
SC16ZHDB,8.79,63
SC16UURS,6.84,63
SC16CXXH,7.67,63
SC16YVZD,8.11,63
SC16JHBL,8.10,63
SC16SZQV,7.28,63
SC16DWKY,7.74,63
SC16NHRC,7.53,63
SC16WFZU,8.86,63
SC16RNWX,9.07,63
SC16GQWO,6.09,63
SC16YYQH,6.88,63
SC16DXFE,5.49,63
SC16CGYW,7.71,63
SC16PBZM,9.83,63
SC16MDJQ,6.51,63
SC16BZDN,8.09,63
SC16XBCA,4.73,63
SC16JXWL,7.07,63
SC16GHPE,8.93,63
SC16HAXQ,6.62,63
SC16SUEJ,5.73,63
SC16YMNW,8.23,63
SC16OQQR,3.83,63
SC16UDQW,7.95,63
SC16QPEZ,3.15,63
SC16QEGU,7.98,63
SC16JHWQ,5.34,63
SC16QCEO,2.49,63
SC16KQTE,8.39,63
SC16KQEI,7.99,63
SC16OKFI,8.84,63
SC16LZSA,7.50,63
SC16ZIRV,7.01,63
SC17FUXH,9.55,63
SC17CYYR,4.62,63
SC17ZREU,5.36,63
SC17ANEV,8.51,63
SC17URQI,5.92,63
SC17ATOU,1.86,63
SC17USQT,4.95,63
SC17VORI,7.46,63
SC17YQOW,4.69,63
SC17KMYL,4.87,63
SC17RFTO,8.53,63
SC17HEQJ,6.03,63
SC17GNRM,8.33,63
SC17IMGY,8.38,63
SC17PPCW,3.41,63
SC17TAPF,3.10,63
SC17WNAJ,7.15,63
SC17NDZA,9.48,63
SC17RSNF,6.41,63
SC17XRIO,7.36,63
SC17HNLU,8.97,63
SC17NFPA,1.59,63
SC17YDKP,9.14,63
SC17VRPC,7.97,63
SC17YRWF,5.49,63
SC17ULZP,7.92,63
SC17NUOC,4.76,63
SC17AODP,5.59,63
SC17TWEC,7.72,63
SC17CFYJ,8.21,63
SC17FATO,7.82,63
SC17OQLT,8.85,63
SC17FKKE,6.78,63
SC17CTFN,8.60,63
SC17WLTB,7.10,63
SC17SZIM,7.69,63
SC17ZVPH,4.74,63
SC17XVLI,9.00,63
SC17FNZR,4.67,63
SC17XQOU,7.78,63
SC17NZEG,8.56,63
SC17MIJC,5.82,63
SC17GWHG,7.85,63
SC17VVVM,4.08,63
SC17QLOD,7.36,63
SC17BBJG,4.99,63
SC17SZDZ,8.10,63
SC17INXV,7.94,63
SC17FJXE,9.03,63
SC17IZGA,8.56,63
SC17DGAP,7.92,63
SC17HJRH,8.32,63
SC17AYXG,7.10,63
SC17UKQL,8.83,63
EI15DAXC,8.06,63
EI15QFGT,6.16,63
EI15QTSL,7.35,63
EI15QSAZ,7.85,63
EI15DVGV,8.33,63
EI15WNUE,8.95,63
EI15KMWN,5.98,63
EI16UEEE,4.29,63
EI16OHTF,9.29,63
EI16WYOY,6.89,63
EI16IXIM,6.40,63
EI16DPAT,6.82,63
EI16AJKA,8.99,63
EI16PPMV,9.48,63
EI16YRHC,7.28,63
EI16KIVT,7.35,63
EI16COBG,6.10,63
EI16JEXC,5.68,63
EI17BAUJ,5.82,63
EI17RUSY,7.48,63
EI17KVEZ,8.64,63
EI17YGXG,3.63,63
EI17DPAG,8.30,63
EI17ECWU,8.56,63
EI17XCRK,5.85,63
EI17KBVZ,7.42,63
EI17IDTM,9.15,63
