Student Roll Number, Course ID 
KJ15TAMW,XMIUBV
KJ15TAMW,NMKJIA
KJ15TAMW,XMJNTV
KJ15TAMW,DDXIXA
KJ15TAMW,QQDNHA
KJ15STAY,DDVQGR
KJ15STAY,NMPQAJ
KJ15EWBK,NMPQAJ
KJ15EWBK,QQELSA
KJ15EWBK,TJZMSI
KJ15EWBK,GZMFCA
KJ15EWBK,DNWTSM
KJ15EWBK,DNVUSE
KJ15MQPT,NMKJIA
KJ15MQPT,DNSVRR
KJ15MQPT,QQIBYU
KJ15AXCE,TJPIKQ
KJ15AXCE,DNXTXO
KJ15AXCE,NMKJIA
KJ15AXCE,NMPQAJ
KJ15AXCE,QQDNHA
KJ15KTLM,NMPQAJ
KJ15KTLM,QQELSA
KJ15JGKH,NMPQAJ
KJ15JGKH,NMUQEU
KJ15JGKH,DNNRZI
KJ15JGKH,TJGDMF
KJ15JGKH,QQAJZJ
KJ15JGKH,NMLQKI
KJ15HVRB,QQDNHA
KJ15HVRB,NMWUNK
KJ15HVRB,DNNRZI
KJ15HVRB,NMPQAJ
KJ15KTPD,NMIDYM
KJ15KTPD,NMCFUH
KJ15KTPD,NMKJIA
KJ15KTPD,NMUQEU
KJ15KTPD,DNOENI
KJ15LMVB,NMHBWI
KJ15LMVB,DNJEXJ
KJ15LMVB,NMKJIA
KJ15LMVB,NMXRJS
KJ15LMVB,QQAJZJ
KJ15LMVB,NMLQKI
KJ15TGRN,NMKJIA
KJ15TGRN,NMLQKI
KJ15TGRN,TJGDMF
KJ15TGRN,DNNRZI
KJ15TGRN,TJNLID
KJ15TGRN,QQAJZJ
KJ15AICJ,NMKJIA
KJ15AICJ,DNSVRR
KJ15AICJ,QQIBYU
KJ15AICJ,NMSEGH
KJ15AICJ,TJGDMF
KJ15AICJ,TJNLID
KJ15NYAL,NMLQKI
KJ15NYAL,UFNVKH
KJ15NYAL,NMXRJS
KJ15HVIG,TCPHOV
KJ15HVIG,NMKJIA
KJ15HVIG,TJGDMF
KJ15HVIG,DNWTSM
KJ15QJYW,NMKJIA
KJ15QJYW,XMAUVI
KJ15QJYW,DNWTSM
KJ15DTZZ,DNSVRR
KJ15DTZZ,TJGDMF
KJ15DTZZ,NMSEGH
KJ15DTZZ,NMKJIA
KJ15DTZZ,TJNLID
KJ15EWGA,NMPQAJ
KJ15EWGA,NMBUCE
KJ15EWGA,GZNRAM
KJ15EWGA,NMSEGH
KJ15EWGA,DNJEXJ
KJ15EWGA,NMZRWR
KJ15VQWG,NMXRJS
KJ15VQWG,DDCVOF
KJ15VQWG,DNNSOC
KJ15VQWG,NMKJIA
KJ15VQWG,NMLQKI
KJ15VQWG,QQAJZJ
KJ15VUMR,NMKJIA
KJ15VUMR,XMAUVI
KJ15VUMR,DNWTSM
KJ15OFKV,NMCFUH
KJ15OFKV,DDCVOF
KJ15OFKV,QQIBYU
KJ15OFKV,DNSVRR
KJ15MJFL,NMCFUH
KJ15MJFL,DDCVOF
KJ15MJFL,DNNSOC
KJ15MJFL,NMXRJS
KJ15MJFL,QQAJZJ
KJ15DKOB,TJPIKQ
KJ15DKOB,NMHBWI
KJ15DKOB,NMUQEU
KJ15HPGD,DSWJGL
KJ15HPGD,DDCVOF
KJ15HPGD,NMCFUH
KJ15ZFES,DNSVRR
KJ15ZFES,QQELSA
KJ15ZFES,NMKJIA
KJ15ZFES,NMPQAJ
KJ15NOFI,DNDIKQ
KJ15NOFI,DNNSOC
KJ15NOFI,GZNRAM
KJ15NOFI,NMCTCD
KJ15ZXPJ,NMGQWM
KJ15ZXPJ,NMZRWR
KJ15ZXPJ,DNWTSM
KJ15ZXPJ,LFRDXJ
KJ15ZXPJ,NMUQEU
KJ15ZXPJ,DNRPKM
KJ15OEPE,NMKJIA
KJ15OEPE,XMAUVI
KJ15OEPE,DNWTSM
KJ15YYLT,NMKJIA
KJ15YYLT,QQELSA
KJ15YYLT,DNXTXO
KJ15YYLT,TJGDMF
KJ15YYLT,NMIDYM
KJ15YYLT,NMUQEU
KJ15MTXM,DSAFYI
KJ15MTXM,QQELSA
KJ15MTXM,TJYMUE
KJ15MTXM,TJGDMF
KJ15YFBZ,DNMIGT
KJ15YFBZ,NMIDYM
KJ15YFBZ,GZNRAM
KJ15YFBZ,NMCFUH
KJ15YMKL,XMIUBV
KJ15YMKL,TCPMBP
KJ15YMKL,GZBZIF
KJ15EHER,TJGDMF
KJ15EHER,DNKXCW
KJ15EHER,NMKJIA
KJ15EHER,NMPQAJ
KJ15EHER,TJNLID
KJ15JAHX,TCPHOV
KJ15JAHX,DNNSOC
KJ15JAHX,DSAFYI
KJ15DHYY,DSAFYI
KJ15DHYY,DNKXCW
KJ15DHYY,NMUQEU
KJ15VWLY,XMAUVI
KJ15VWLY,DNIMNG
KJ15VWLY,NMKJIA
KJ15VWLY,TJGDMF
KJ15XWXH,NMUQEU
KJ15XWXH,DNKXCW
KJ15XWXH,NMKJIA
KJ15XWXH,NMGQWM
KJ15TWSB,NMKJIA
KJ15TWSB,DNNRZI
KJ15TWSB,NMGQWM
KJ15TWSB,NMUQEU
KJ15TWSB,NMBUCE
KJ15PPQI,XMAUVI
KJ15PPQI,TCPHOV
KJ15PPQI,NMKJIA
KJ15PPQI,DNNRZI
KJ15TGKJ,PGBJRE
KJ15TGKJ,GZHQDV
KJ15TGKJ,PGRAQF
KJ15TGKJ,NMSEGH
KJ15TGKJ,DNJEXJ
KJ15GJSE,NMKJIA
KJ15GJSE,NMSEGH
KJ15GJSE,TJGDMF
KJ15GJSE,DNJEXJ
KJ15GJSE,GZSFJX
KJ15HWWU,XMMLMN
KJ15HWWU,XMAFNC
KJ15HWWU,DNSVRR
KJ15WQET,QQELSA
KJ15HYZX,NMUQEU
KJ15HYZX,SFKFKY
KJ15HYZX,NMHBWI
KJ15HYZX,DNNSOC
KJ15ESNN,TJTDRY
KJ15ESNN,NMKJIA
KJ15ESNN,DNWTSM
KJ15CEHG,DSAAFM
KJ15CEHG,DSAFYI
KJ15CEHG,DNKXCW
KJ15OOQN,DNKXCW
KJ15OOQN,TJGDMF
KJ15XOTM,DNKXCW
KJ15XOTM,NMZRWR
KJ15XOTM,NMIDYM
KJ15XOTM,NMLQKI
KJ16DQOH,DDVQGR
KJ16DQOH,NMLQKI
KJ16UPUS,DDPNZK
KJ16DGAI,TJPIKQ
KJ16DGAI,DDVQGR
KJ16JRMA,NMSEGH
KJ16JRMA,DDVQGR
KJ16OEWJ,DDHMRB
KJ16OEWJ,NMUQEU
KJ16OEMM,DDHMRB
KJ16OEMM,NMLQKI
KJ16UYMS,NMWUNK
KJ16YKEK,EIDIZF
KJ16YKEK,DDVQGR
KJ16GRIC,DDVQGR
KJ16GRIC,GZSXZC
KJ16EXRI,NMLQKI
KJ16EXRI,DDVQGR
KJ16WRWL,DDKVSX
KJ16WRWL,NMUQEU
KJ16UTQJ,DDHMRB
KJ16BLSO,DDKVSX
KJ16BLSO,NMUQEU
KJ16VMIC,DDHMRB
KJ16SNPK,DDHMRB
KJ16SNPK,TJPIKQ
KJ16XHQX,DDKVSX
KJ16XHQX,EIDIZF
KJ16KVJV,NMUQEU
KJ16KVJV,DDVQGR
KJ16KVJV,NMGQWM
KJ16OMZK,DDSKTM
KJ16OMZK,DDKVSX
KJ16OXOM,DDHMRB
KJ16OXOM,NMXRJS
KJ16OKNM,DDHMRB
KJ16OKNM,NMLQKI
KJ16RJAW,NMIDYM
KJ16RJAW,DDVQGR
KJ16YUNI,DDHMRB
KJ16YUNI,UFFIIQ
KJ16YUNI,NMKJIA
KJ16YQAS,DNJNPL
KJ16YQAS,QQAJZJ
KJ16YQAS,UFFIIQ
KJ16HCTZ,NMWUNK
KJ16HCTZ,DDVQGR
KJ16VGRL,DDHMRB
KJ16VGRL,NMLQKI
KJ16YIYE,DDVQGR
KJ16YIYE,NMUQEU
KJ16ROZO,DDHMRB
KJ16ROZO,NMKJIA
KJ16ZOAP,NMGQWM
KJ16ZOAP,DDVQGR
KJ16ZOAP,NMUQEU
KJ16LZFK,DDVQGR
KJ16LZFK,NMLQKI
KJ16WLSY,DDVQGR
KJ16WLSY,NMUQEU
KJ16WLSY,NMGQWM
KJ16AKGZ,DDHMRB
KJ16AKGZ,FOXAXG
KJ16RMMV,DDHMRB
KJ16RMMV,NMLQKI
KJ16GEWP,DDVQGR
KJ16GEWP,NMLQKI
KJ16SXFV,NMKJIA
KJ16SXFV,DDVQGR
KJ16JXZH,DDHMRB
KJ16JXZH,DNUBYC
KJ16IODE,DDVQGR
KJ16IODE,NMLQKI
KJ16ZKAC,DDNATV
KJ16ZKAC,NMLQKI
KJ16ZKAC,NMIDYM
KJ16WYFB,DDKVSX
KJ16WYFB,NMUQEU
KJ16ENIA,DDHMRB
KJ16ENIA,NMLQKI
KJ16MNNS,DDHMRB
KJ16XQTP,NMLQKI
KJ16XQTP,DDVQGR
KJ16BZRZ,DDVQGR
KJ16BZRZ,NMLQKI
KJ16XRLH,NMSEGH
KJ16XRLH,DDVQGR
KJ16THSJ,DDVQGR
KJ16THSJ,NMLQKI
KJ16PNAS,DDHMRB
KJ16PNAS,NMLQKI
KJ16BUDS,DDVQGR
KJ16BUDS,TJPIKQ
KJ16BXNB,TCPHOV
KJ16WOWY,DDVQGR
KJ16ASJR,DDVQGR
KJ16ASJR,NMKJIA
KJ16CDXG,DDHMRB
KJ16CDXG,NMLQKI
KJ16ROJR,DDVQGR
KJ16ELAD,DDVQGR
KJ16ELAD,NMKJIA
KJ16QICV,DDHMRB
KJ16QICV,UFBHOZ
KJ16QICV,NMGQWM
KJ16TCOA,DDVQGR
KJ16TBAK,DDHMRB
KJ16TBAK,TJPIKQ
KJ16KTMR,DDVQGR
KJ16KTMR,NMUQEU
KJ16UNVQ,DDVQGR
KJ16UNVQ,NMGQWM
KJ16UNVQ,NMLQKI
KJ16XREN,DDHMRB
KJ17YZBF,DNMIGT
KJ17NZNB,DNITCO
KJ17ZCGN,DNMHEO
KJ17FPUW,TCPHOV
KJ17BQCG,DNMIGT
KJ17BQCG,DSCODQ
KJ17MDMG,DNITCO
KJ17MDMG,FOKYSQ
KJ17XVLB,DNMIGT
KJ17XVLB,FOKYSQ
KJ17ZGYD,DNITCO
KJ17VYVD,DNMHEO
KJ17XRFE,TCPHOV
KJ17XRFE,DNMHEO
KJ17DXAX,DNMIGT
KJ17DXAX,DSCODQ
KJ17LAFE,DNITCO
KJ17EAYT,DNJNPL
KJ17CQXN,DNMHEO
KJ17KJMG,DNITCO
KJ17TCOQ,DNKCVN
KJ17RQBJ,DNPUEO
KJ17RQBJ,FOKYSQ
KJ17HZDE,DNITCO
KJ17SPTL,DNMIGT
KJ17RDJY,DNDIKQ
KJ17WXVA,DNMIGT
KJ17WXVA,NMSEGH
KJ17JYCX,DNITCO
KJ17AKNO,DNMIGT
KJ17HWLD,DNMHEO
KJ17LNEW,DNPUEO
KJ17LNEW,EIDIZF
KJ17FLHI,PGLSBR
KJ17TDGZ,DNITCO
KJ17XBHN,DNDIKQ
KJ17FCDV,DNMHEO
KJ17QEJQ,DNMIGT
KJ17GKKK,DNMHEO
KJ17GKKK,TCPMBP
KJ17HYNV,DNMIGT
KJ17CBEZ,DNVUSE
KJ17YCVC,DNITCO
KJ17JALY,DNITCO
KJ17MKSL,DNITCO
KJ17DYGU,DNITCO
KJ17CXGY,DNMIGT
KJ17CYLD,DNITCO
KJ17WTAI,DNITCO
KJ17VQTA,DNMIGT
KJ17EMAK,DNITCO
KJ17XLQF,DNITCO
KJ17INNQ,DNMIGT
KJ17CWIK,DNKCVN
KJ17ZLPH,DNMIGT
KJ17HNZS,DNMIGT
KJ17HNZS,QQIBYU
KJ17NTQB,DNITCO
KJ17ZTHP,DNITCO
KJ17SBCA,DNITCO
KJ17HNAA,DNMIGT
KJ17HNAA,QQAJZJ
VL15JECT,XMIUBV
VL15JECT,DSAFYI
VL15JECT,XMMLMN
VL15JECT,UFTEBU
VL15BCUB,PGKRDZ
VL15BCUB,PGFHZR
VL15BCUB,PGWGFF
VL15BCUB,PGZEYI
VL15BCUB,PGCFGV
VL15BCUB,DSSPCL
VL15NNVC,PGKTQX
VL15NNVC,PGCYVE
VL15NNVC,PGFHZR
VL15IVWR,PGKWAA
VL15IVWR,DNSVRR
VL15IVWR,PGBJRE
VL15IVWR,PGCYVE
VL15IVWR,PGYQUV
VL15IVWR,UFTEBU
VL15WQXH,PGKWAA
VL15YHXT,GZHQDV
VL15YHXT,PGFHZR
VL15YHXT,PGEIVW
VL15YHXT,PGGCLT
VL15YHXT,GZEBQY
VL15YHXT,GZMFCA
VL15UTDJ,DNMIGT
VL15UTDJ,DNXTXO
VL15UTDJ,PGFHZR
VL15UTDJ,TJGDMF
VL15UTDJ,PGYQUV
VL15CCZB,PGYQUV
VL15CCZB,PGBJRE
VL15CCZB,DNIFQF
VL15HQFC,DSSPCL
VL15HQFC,PGCYVE
VL15HQFC,PGWGFF
VL15HQFC,PGKRDZ
VL15HQFC,PGBJRE
VL15TXSW,PGRZSJ
VL15TXSW,DNRPKM
VL15TXSW,PGXGAO
VL15TXSW,PGKRDZ
VL15TXSW,PGCEOB
VL15TXSW,PGOMLJ
VL15TXSW,PGKWAA
VL15CUKP,TJPIKQ
VL15CUKP,TJPYYJ
VL15CUKP,PGWGFF
VL15CUKP,TJNLID
VL15DMGX,DNOENI
VL15DMGX,PGYQUV
VL15DMGX,PGBJRE
VL15DMGX,PGKRDZ
VL15DMGX,PGWGFF
VL15DMGX,PGKWAA
VL15JZRL,PGXGAO
VL15JZRL,PGRAQF
VL15JZRL,PGUGOU
VL15JZRL,PGEIVW
VL15JZRL,DNJEXJ
VL15JZRL,PGRZSJ
VL15FFGZ,DDHMRB
VL15FFGZ,PGKRDZ
VL15FFGZ,PGBJRE
VL15FFGZ,PGWGFF
VL15FFGZ,PGEIVW
VL15FFGZ,PGYQUV
VL15SPXZ,PGWGFF
VL15SPXZ,PGHFIE
VL15SPXZ,PGLSBR
VL15IMPC,PGBJRE
VL15IMPC,FOHNNN
VL15IMPC,GZHQDV
VL15RKZC,XMIUBV
VL15RKZC,DNKXCW
VL15RKZC,PGBJRE
VL15RKZC,PGYQUV
VL15RKZC,DSAFYI
VL15RKZC,QQAJZJ
VL15BIPK,TJPYYJ
VL15BIPK,PGYQUV
VL15BIPK,PGKRDZ
VL15DSSS,PGKRDZ
VL15DSSS,PGFHZR
VL15DSSS,TJYMUE
VL15DSSS,TJGDMF
VL15TEQK,DSWJGL
VL15TEQK,PGKRDZ
VL15TEQK,PGYQUV
VL15TEQK,PGWGFF
VL15FIFG,PGYQUV
VL15FIFG,PGBJRE
VL15FIFG,PGCFGV
VL15FIFG,QQDNHA
VL15SUQY,PGKWAA
VL15SUQY,PGKRDZ
VL15SUQY,PGFHZR
VL15SUQY,PGGCLT
VL15SUQY,TJNLID
VL15OTNH,PGKTQX
VL15OTNH,PGFHZR
VL15OTNH,PGGCLT
VL15OTNH,PGBNKH
VL15NOKP,PGYQUV
VL15NOKP,PGBJRE
VL15NOKP,PGEIVW
VL15NOKP,PGWGFF
VL15NOKP,DNJEXJ
VL16SNLX,PGLSBR
VL16SNLX,PGOMLJ
VL16SNLX,PGBNKH
VL16RFLH,PGOMLJ
VL16RFLH,PGLSBR
VL16RFLH,TJNLID
VL16HRLX,PGBNKH
VL16HRLX,PGLSBR
VL16HRLX,PGUGOU
VL16RAYD,DNKXCW
VL16EFVF,QQAJZJ
VL16JFCY,PGOMLJ
VL16JFCY,DNVUSE
VL16JFCY,PGLSBR
VL16HHOO,DDNATV
VL16HHOO,PGOMLJ
VL16HHOO,PGLSBR
VL16QHQM,PGRAQF
VL16QHQM,PGLSBR
VL16VNCM,DNUBYC
VL16VNCM,PGLSBR
VL16VNCM,EIYFHW
VL16NSSA,UFCYEE
VL16NSSA,PGLSBR
VL16ISTA,PGLSBR
VL16HPIZ,PGLSBR
VL16HPIZ,PGOMLJ
VL16HPIZ,TJNLID
VL16YBPB,PGLSBR
VL16YBPB,PGOMLJ
VL16YBPB,PGBNKH
VL16TBOT,PGOMLJ
VL16TBOT,PGLSBR
VL16TBOT,TJNLID
VL16YRMG,PGLSBR
VL16YRMG,PGOMLJ
VL16YRMG,PGBNKH
VL16TNAT,UFCYEE
VL16METN,PGLSBR
VL16METN,QQELSA
VL16METN,PGBNKH
VL16QWNJ,TJGDMF
VL16QWNJ,PGGCLT
VL16QWNJ,PGRAQF
VL16UEIM,PGLSBR
VL16UEIM,QQELSA
VL16UEIM,PGBNKH
VL16UKLT,PGLSBR
VL16UKLT,PGBNKH
VL16UKLT,PGOMLJ
VL16LZYH,PGLSBR
VL16LZYH,QQELSA
VL16QARN,UFCYEE
VL16QARN,PGRAQF
VL16QARN,PGHFIE
VL16ZBRD,PGLSBR
VL16ZBRD,DDPNZK
VL16XZPQ,DNJNPL
VL16XZPQ,UFCYEE
VL16XZPQ,PGLSBR
VL16CPJW,QQIBYU
VL16HAEE,PGLSBR
VL16HAEE,PGOMLJ
VL16HAEE,PGRAQF
VL16RMTY,PGLSBR
VL16RMTY,PGOMLJ
VL16DTCZ,PGLSBR
VL16DTCZ,PGOMLJ
VL16DTCZ,PGRAQF
VL17QELG,DNITCO
VL17IWSE,DNKCVN
VL17IWSE,DDVQGR
VL17PMCK,DDVQGR
VL17ZLQJ,DDBVFC
VL17ABZL,DDVQGR
VL17ABZL,DNKCVN
VL17XZRP,PGCYVE
VL17XZRP,DDBVFC
VL17UOZU,PGCYVE
VL17OTSU,DDBVFC
VL17OTSU,PGCYVE
VL17XVJZ,DNKCVN
VL17XVJZ,DDBVFC
VL17CDXX,PGCYVE
VL17CDXX,DDVQGR
VL17OZUY,DDVQGR
VL17OZUY,DNMHEO
VL17XQJR,DDVQGR
VL17XQJR,DNPUEO
VL17BGMW,DDVQGR
VL17BGMW,DNVUSE
VL17GJTM,DDHMRB
VL17GJTM,DNMHEO
VL17JFAX,DDHMRB
VL17JFAX,DNRPKM
VL17RCAY,DDBVFC
VL17RCAY,DNPUEO
VL17UEPG,DNPUEO
VL17UEPG,DDBVFC
VL17HVJK,DDVQGR
VL17HVJK,DNPUEO
VL17VEKY,DDHMRB
VL17VEKY,DNPUEO
VL17LFDM,DDVQGR
VL17LFDM,DNUBYC
VL17KDLN,DNITCO
VL17KDLN,DDVQGR
VL17GHNZ,DDBVFC
VL17GHNZ,DNMHEO
VL17PKBF,PGCYVE
VL17PKBF,DDBVFC
VL17ZMAS,DDBVFC
VL17ZMAS,DNRPKM
VL17WFTW,DDBVFC
VL17WFTW,DNKCVN
VL17DTYW,DDBVFC
VL17DTYW,DNPUEO
VL17SVNC,PGCYVE
VL17SVNC,DDVQGR
VL17OOVJ,DDHMRB
VL17OOVJ,DNUBYC
VL17DZAT,DDKVSX
VL17DZAT,DNJNPL
VL17WTAO,PGCYVE
VL17WTAO,DDBVFC
VL17FVFW,DNPUEO
VL17FVFW,DDKVSX
VL17RKDP,PGCYVE
VL17RKDP,DDVQGR
BJ15PZGR,PGGCLT
BJ15PZGR,PGKRDZ
BJ15PZGR,PGBJRE
BJ15CLYS,DNKCVN
BJ15CLYS,LFBMNG
BJ15CLYS,PGKRDZ
BJ15JIXK,DSAAFM
BJ15JIXK,DNJEXJ
BJ15FZNI,GZDPDH
BJ15FZNI,FOHNNN
BJ15FZNI,PGYQUV
BJ15ZSST,DDBVFC
BJ15ZSST,DNKXCW
BJ15ZSST,PGBJRE
BJ15KJCI,TJPIKQ
BJ15KJCI,DNKCVN
BJ15KJCI,TJGDMF
BJ15KJCI,TJYMUE
BJ15KJCI,PGKRDZ
BJ15VCTJ,XMIUBV
BJ15VCTJ,TJPYYJ
BJ15VCTJ,TJNLID
BJ15VCTJ,TJYMUE
BJ15LSSC,DNNSOC
BJ15LSSC,DNKCVN
BJ15LSSC,TJZMSI
BJ15LSSC,QQAJZJ
BJ15LSSC,PGKRDZ
BJ15YNOK,PGKRDZ
BJ15YNOK,PGKTQX
BJ15YNOK,GZZSOA
BJ15YNOK,DNRPKM
BJ15CODK,PGBNKH
BJ15CODK,PGBJRE
BJ15CODK,DNKXCW
BJ15MATK,TJZMSI
BJ15MATK,DNKXCW
BJ15MATK,DDBVFC
BJ15EYOR,PGRZSJ
BJ15EYOR,PGFHZR
BJ15EYOR,DNSVRR
BJ15VRAB,PGGCLT
BJ15VRAB,PGFHZR
BJ15VRAB,PGBJRE
BJ15XLFJ,PGRZSJ
BJ15XLFJ,PGGCLT
BJ15XLFJ,PGKRDZ
BJ15XLFJ,PGCEOB
BJ15MJMA,PGRZSJ
BJ15MJMA,DNSVRR
BJ15IGFE,DNRPKM
BJ15IGFE,LTLVQE
BJ15IGFE,TJZMSI
BJ15IGFE,TJYMUE
BJ15IGFE,QQAJZJ
BJ15GLOG,DDVQGR
BJ15GLOG,PGBJRE
BJ15GLOG,PGWGFF
BJ15AJMX,DNKCVN
BJ15AJMX,QQAJZJ
BJ15AJMX,TJYMUE
BJ15EVRH,PGKRDZ
BJ15EVRH,PGFHZR
BJ15EVRH,PGBJRE
BJ15EVRH,PGGCLT
BJ15RWNG,PGKRDZ
BJ15RWNG,PGFHZR
BJ15RWNG,PGGCLT
BJ15RWNG,PGWGFF
BJ15QFWC,LFBMNG
BJ15QFWC,QQIBYU
BJ15CXKG,UFCYEE
BJ15CXKG,GZHQDV
BJ15CXKG,PGEIVW
BJ15CXKG,PGRZSJ
BJ15CXKG,GZMFCA
BJ15UHUB,TJTDRY
BJ16GEUE,PGOMLJ
BJ16GEUE,PGLSBR
BJ16MDCH,PGGCLT
BJ16TWCK,PGKRDZ
BJ16TWCK,PGOMLJ
BJ16TWCK,PGLSBR
BJ16RYXO,PGGCLT
BJ16RYXO,TJPYYJ
BJ16VVQY,PGOMLJ
BJ16VVQY,PGKRDZ
BJ16VVQY,PGLSBR
BJ16GYRO,PGLSBR
BJ16GYRO,PGGCLT
BJ16VYAP,QQELSA
BJ16VYAP,PGLSBR
BJ16QFZJ,PGLSBR
BJ16QFZJ,PGGCLT
BJ16BRIY,PGLSBR
BJ16BRIY,QQIBYU
BJ16BRIY,PGOMLJ
BJ16WWKQ,PGOMLJ
BJ16WWKQ,PGLSBR
BJ16UQEJ,PGGCLT
BJ16UQEJ,TJPYYJ
BJ16WWYV,PGLSBR
BJ16WWYV,PGOMLJ
BJ16WWYV,TJNLID
BJ16WHJG,PGGCLT
BJ16WHJG,PGLSBR
BJ16WHJG,DDPTBQ
BJ16RUFH,XMAUVI
BJ16RUFH,TJGDMF
BJ16BLSG,PGGCLT
BJ16BLSG,QQELSA
BJ16YFMZ,PGGCLT
BJ16YFMZ,TJPYYJ
BJ16BKAA,PGGCLT
BJ16BKAA,TJGDMF
BJ16OHNV,QQELSA
BJ16OHNV,PGGCLT
BJ16IESQ,PGGCLT
BJ16IESQ,QQELSA
BJ16VXWD,OZVQHD
BJ16VXWD,QQELSA
BJ16VXWD,PGBJRE
BJ16LBQH,PGLSBR
BJ16LBQH,PGOMLJ
BJ16LBQH,OZVQHD
BJ16AUIE,PGOMLJ
BJ16AUIE,QQELSA
BJ16AUIE,OZVQHD
BJ17KBRI,DNKCVN
BJ17PNWN,DNITCO
BJ17WLQT,DNITCO
BJ17UVEF,DNMHEO
BJ17QGDE,DNMHEO
BJ17TNWD,DNPUEO
BJ17YJAD,DNMIGT
BJ17JOEN,DNKCVN
BJ17WCHB,DNMHEO
BJ17UKWL,DNITCO
BJ17IJDU,DNPUEO
BJ17CMYR,DNITCO
BJ17BUHV,DNITCO
BJ17PDAI,DNPUEO
BJ17WFFD,DNPUEO
BJ17XAPN,DNPUEO
BJ17FWPW,DNKCVN
BJ17VPVN,DNITCO
BJ17OODE,DNPUEO
BJ17CROX,DNITCO
BJ17QEAS,DNUBYC
BJ17MWAV,DNJNPL
BJ17MGEM,DNITCO
BJ17SAXY,DNMHEO
BJ17KBWC,DNPUEO
BJ17DDHG,DNMHEO
BJ17WQPQ,DNUBYC
BJ17NBRR,DNPUEO
BJ17RVOH,DNMIGT
BJ17QNKQ,DNITCO
BJ17VTML,DNITCO
LF15PVTT,LFDMJU
LF15PVTT,LFGYHL
LF15PVTT,QQAJZJ
LF15PVTT,TJGDMF
LF15PVTT,DNNRZI
LF15PVTT,LFBXBB
LF15JHHM,LFDMJU
LF15JHHM,LFGYHL
LF15JHHM,QQAJZJ
LF15JHHM,TJGDMF
LF15JHHM,DNNRZI
LF15JHHM,LFBXBB
LF15PWIT,LFBXBB
LF15PWIT,LFSBJJ
LF15PWIT,LFLFPM
LF15PWIT,TJGDMF
LF15CJCD,LFQPIS
LF15CJCD,TCTTOY
LF15FEVD,LFYNDN
LF15FEVD,LFTMEY
LF15FEVD,LFORDZ
LF15FEVD,LFGZRD
LF15FEVD,DNNSOC
LF15TQLL,DNXTXO
LF15TQLL,TJGDMF
LF15TQLL,LFIDWQ
LF15HPQA,LFTMEY
LF15HPQA,LFORDZ
LF15HPQA,LFNVWZ
LF15HPQA,LFBXBB
LF15HPQA,LFQPIS
LF15HPQA,DNJEXJ
LF15PSSQ,DNNSOC
LF15PSSQ,LFHIZL
LF15PSSQ,QQIBYU
LF15PSSQ,LFOASC
LF15PSSQ,LFTMEY
LF15PSSQ,LFORDZ
LF15ZIHE,TJPIKQ
LF15ZIHE,TJPYYJ
LF15ZIHE,DNXTXO
LF15ZIHE,LFFUAL
LF15ZIHE,LFNVWZ
LF15WKQG,DNSVRR
LF15WKQG,LFNVWZ
LF15WKQG,LFGZRD
LF15WKQG,LFTMEY
LF15TXIQ,LFGYHL
LF15TXIQ,LFXTGG
LF15TXIQ,LFBMNW
LF15TXIQ,LFHZJW
LF15TXIQ,DNNRZI
LF15TTJX,LFBXBB
LF15TTJX,LFRBZC
LF15TTJX,LFMGKE
LF15TTJX,LFGYHL
LF15QUQZ,LFSBJJ
LF15QUQZ,TJPYYJ
LF15QUQZ,LFBXBB
LF15QUQZ,DNWTSM
LF15QUQZ,QQDNHA
LF15ONBU,LFSBJJ
LF15ONBU,QQIBYU
LF15ONBU,DNJEXJ
LF15ONBU,LFPDGV
LF15JRAZ,LFSBJJ
LF15JRAZ,DNSVRR
LF15PKTP,LFPMFX
LF15PKTP,LFSBJJ
LF15PKTP,TJYMUE
LF15IDYY,QQAJZJ
LF15IDYY,TJGDMF
LF15IDYY,LFGYHL
LF15IDYY,LFPMFX
LF15IDYY,LFDMJU
LF15EZEQ,DNXTXO
LF15EZEQ,DSAFYI
LF15EZEQ,QQAJZJ
LF15EZEQ,TJCKDJ
LF15GEKL,TJGDMF
LF15GEKL,LFSBJJ
LF15GEKL,QQIBYU
LF15KUNC,DDBVFC
LF15KUNC,LFTMEY
LF15KUNC,LFBXBB
LF15KUNC,LFDMJU
LF15KUNC,LFGYHL
LF15KUNC,DNNRZI
LF15WDFA,QQELSA
LF15WDFA,DNPELC
LF15WDFA,LFBXBB
LF15WDFA,LFVJPA
LF15EZAI,DNKXCW
LF15EZAI,LFRBZC
LF15EZAI,DSAFYI
LF15EZAI,QQAJZJ
LF15EZAI,LFYNDN
LF15UHDW,DNNSOC
LF15UHDW,LFRBZC
LF15UHDW,LFSBJJ
LF15UHDW,LFHIZL
LF15UHDW,LFHZJW
LF15UHDW,QQDNHA
LF15XQDF,LFSBJJ
LF15XQDF,DNSVRR
LF15XQDF,QQAJZJ
LF15MDKY,LFPMFX
LF15MDKY,TJTDRY
LF15MDKY,LFSBJJ
LF15MDKY,TJYMUE
LF15KZJO,DDBVFC
LF15KZJO,DNNSOC
LF15KZJO,LFXTGG
LF15KZJO,LFGYHL
LF15KZJO,LFGZRD
LF15KZJO,LFERTJ
LF15KZJO,LFPDGV
LF15FHEB,LFBMNW
LF15FHEB,LFXTGG
LF15FHEB,LFGYHL
LF15FHEB,DNGKDP
LF15FHEB,LFERTJ
LF15BGVV,DDBVFC
LF15BGVV,DNTXOD
LF15BGVV,TJGDMF
LF15BGVV,TJNLID
LF15BGVV,QQAJZJ
LF15QUMO,LFGYHL
LF15QUMO,LFBMNW
LF15QUMO,DNNRZI
LF15QUMO,LFHZJW
LF15QUMO,LFXTGG
LF15ZXQA,LFOASC
LF15ZXQA,LFTMEY
LF15ZXQA,LFORDZ
LF15ZXQA,DNNSOC
LF15ZXQA,LFDVTW
LF15NKVR,DSAAFM
LF15NKVR,DSMQRI
LF15NKVR,DNKXCW
LF15NKVR,QQAJZJ
LF15NKVR,LFPDGV
LF15DRTF,QQELSA
LF15GROY,TJTDRY
LF15GROY,TJYMUE
LF15GROY,LFPMFX
LF15XUNR,LFXXYW
LF15QSHS,QQELSA
LF15QSHS,QQIBYU
LF15QSHS,LFOSDE
LF15QSHS,LFHZJW
LF15MGNQ,QQAJZJ
LF15MGNQ,LFSBJJ
LF15NMGK,TJPIKQ
LF15NMGK,LFPMFX
LF15NMGK,TJYMUE
LF15HMBD,LFDMJU
LF15HMBD,DNNRZI
LF15HMBD,LFTMEY
LF15HMBD,LFBXBB
LF15HMBD,LFGYHL
LF15NYGZ,LFGYHL
LF15NYGZ,LFBMNW
LF15NYGZ,LFHZJW
LF15NYGZ,LFTVQD
LF15NYGZ,DNNRZI
LF15NYGZ,QQAJZJ
LF15PCDW,DNNRZI
LF15PCDW,LFDMJU
LF15PCDW,LFTMEY
LF15PCDW,LFBXBB
LF15PCDW,LFGYHL
LF15PCDW,QQAJZJ
LF15AOYT,TJPYYJ
LF15AOYT,LFSBJJ
LF15AOYT,LFKAZX
LF15TPZB,LFSBJJ
LF15TPZB,TJPYYJ
LF15TPZB,DNWTSM
LF15TPZB,LFVJPA
LF15VQIH,TJPYYJ
LF15VQIH,LFSBJJ
LF15VQIH,DSAFYI
LF15VQIH,TJYMUE
LF15VQIH,DDKVSX
LF15XRER,DNNRZI
LF15XRER,QQAJZJ
LF15XRER,LFTVQD
LF15XRER,LFGYHL
LF15XRER,LFDMJU
LF15XRER,LFTMEY
LF15YLJJ,DNSVRR
LF15YLJJ,LFYNDN
LF15YLJJ,TCJTUZ
LF15YLJJ,LFHZJW
LF15YLJJ,LFGYHL
LF15KURV,TJPYYJ
LF15KURV,DSAFYI
LF15KURV,LFPDGV
LF15KURV,TJYMUE
LF15KURV,DDKVSX
LF15YXXY,LFHIZL
LF15YXXY,LFBTLY
LF15YXXY,LFHZJW
LF15WVVU,QQIBYU
LF15WVVU,DNSVRR
LF15WVVU,LFGYHL
LF15WVVU,LFBXBB
LF15WVVU,LFDMJU
LF15WVVU,TJZMSI
LF15KQAI,DDBVFC
LF15KQAI,LFHZJW
LF15KQAI,LFORDZ
LF15KQAI,DNWTSM
LF15KQAI,DNVUSE
LF15KQAI,LFBMNW
LF15NLPO,DNNRZI
LF15NLPO,LFDMJU
LF15NLPO,LFBXBB
LF15NLPO,TJGDMF
LF15NLPO,LFGYHL
LF15NLPO,LFTMEY
LF15NLPO,QQAJZJ
LF15XWPP,LFTMEY
LF15XWPP,LFBXBB
LF15XWPP,LFDMJU
LF15XWPP,DNNRZI
LF15XWPP,TJGDMF
LF15XWPP,LFGYHL
LF15EFRH,LFGYHL
LF15EFRH,LFXXYW
LF15VBAI,QQAJZJ
LF15VBAI,LFGYHL
LF15VBAI,LFDMJU
LF15VBAI,TJGDMF
LF15VBAI,LFPMFX
LF15OWOW,DNNSOC
LF15OWOW,LFRBZC
LF15OWOW,LFSBJJ
LF15OWOW,LFHIZL
LF15OWOW,LFHZJW
LF15OWOW,QQDNHA
LF15ZCRL,DNKXCW
LF15ZCRL,LFBXBB
LF15YCGL,QQAJZJ
LF15YCGL,LFGYHL
LF15YCGL,LFDMJU
LF15YCGL,DNNRZI
LF15YCGL,TJGDMF
LF15YCGL,LFBXBB
LF15VSIH,TJGDMF
LF15VSIH,LFSBJJ
LF15VSIH,DNXTXO
LF15VSIH,LFBMSL
LF15VSIH,LFLFPM
LF15TYIP,TJTDRY
LF15TYIP,QQIBYU
LF15TYIP,TJYMUE
LF15TYIP,LFVJPA
LF15TYIP,LFWVHJ
LF15DSGL,DNJEXJ
LF15DSGL,LFMGKE
LF15XXKV,TCPHOV
LF15XXKV,LFHIZL
LF15HZII,DNNSOC
LF15HZII,LFBXPN
LF15LFOA,DNNSOC
LF15LFOA,TJZMSI
LF15LFOA,LFGYHL
LF15RMZI,LFSBJJ
LF15RMZI,LFPMFX
LF15YGVK,LFOSDE
LF15YGVK,DNJEXJ
LF15LPZL,DDZAVC
LF15LPZL,LFPDGV
LF15LPZL,DDNATV
LF15NQEZ,LFGYHL
LF15NQEZ,LFBXBB
LF15VRVV,LFSBJJ
LF15VRVV,LFBXBB
LF15OQNN,LFSBJJ
LF15OQNN,LFHIZL
LF15CCQA,QQELSA
LF15CCQA,QQIBYU
LF15CGYG,LFVJPA
LF15CGYG,LFWVHJ
LF15CGYG,DNKXCW
LF15CGYG,LFNMEQ
LF15CGYG,LFOASC
LF15LNPN,LFERTJ
LF15LNPN,TJYMUE
LF15LNPN,LFEAFF
LF15LNPN,LFHZJW
LF15LNPN,LFQPIS
LF15BJXB,TCPHOV
LF15BJXB,TJZMSI
LF15BJXB,DSAFYI
LF15BJXB,LFPMFX
LF15BJXB,LFRZSV
LF15BJXB,DNIMNG
LF15BMZS,LFDMJU
LF15BMZS,LFSBJJ
LF15BMZS,QQDNHA
LF15BMZS,TJGDMF
LF15BMZS,DNNSOC
LF15BQSH,TJGDMF
LF15BQSH,LFSBJJ
LF15BQSH,LFBMNW
LF15BQSH,DNNRZI
LF15BQSH,LFHZJW
LF15BQSH,QQAJZJ
LF15UTIL,DNPUEO
LF15UTIL,LFHZJW
LF15FAEB,DNMIGT
LF15FAEB,TJNLID
LF15FAEB,LFGYHL
LF15FAEB,LFBTLY
LF15FAEB,LFUVNS
LF15FAEB,LFBMNW
LF15FAEB,LFXTGG
LF15IJTB,LFSBJJ
LF15IJTB,LFFUAL
LF15IJTB,TJGDMF
LF15IJTB,DNNSOC
LF15JWZT,LFRZSV
LF15JWZT,LFDJPF
LF15JWZT,LFHZJW
LF15KZEA,TJTDRY
LF15KZEA,LFWVHJ
LF15KZEA,LFQPIS
LF15KZEA,LFPDGV
LF15KZEA,LFVJPA
LF15KZEA,DNJEXJ
LF15KUTU,LFVJPA
LF15KUTU,LFNMEQ
LF15KUTU,LFPDGV
LF15KUTU,LFLFPM
LF15KUTU,LFWVHJ
LF15KUTU,DNJEXJ
LF15PXGV,TJTDRY
LF15PXGV,LFBMNW
LF15PXGV,LFGYHL
LF15PXGV,LFUVNS
LF15PXGV,NMMYGU
LF15BLZD,LFQPIS
LF15BLZD,LFBMNW
LF15BLZD,LFGYHL
LF15BLZD,LFXTGG
LF15BLZD,DNJEXJ
LF15BLZD,LFUVNS
LF15CONX,DNJEXJ
LF15LGXI,DNJEXJ
LF15LGXI,UFXJYO
LF15LGXI,LFXTGG
LF15LGXI,LFGYHL
LF15LGXI,QQDNHA
LF15IHGT,TCPHOV
LF15IHGT,LFHIZL
LF15IHGT,LFSBJJ
LF15IHGT,LFHZJW
LF15HFYG,LFORDZ
LF15HFYG,LFTVQD
LF15HFYG,LFGZRD
LF15HFYG,LFHZJW
LF15HFYG,DNGKDP
LF15HFYG,QQAJZJ
LF15NATV,TCPHOV
LF15NATV,XMIHEO
LF15NATV,TCPMBP
LF15NATV,LFBTLY
LF15DFXI,LFGYHL
LF15DFXI,LFHIZL
LF15SCXO,LFFUAL
LF15SCXO,LFSBJJ
LF15SCXO,LFHIZL
LF15SCXO,LFBXBB
LF15SCXO,TJGDMF
LF15SCXO,DNWTSM
LF15SCXO,QQAJZJ
LF15IXXR,LFSBJJ
LF15IXXR,LFBXBB
LF15IXXR,TJGDMF
LF15IXXR,LFFUAL
LF15IXXR,LFMGKE
LF15IXXR,LFVJPA
LF15APLJ,DNKXCW
LF15APLJ,LFOSDE
LF15APLJ,TJGDMF
LF15APLJ,LFRZSV
LF15HCBH,LFOXTO
LF15HCBH,LFVZVH
LF15HCBH,DDNATV
LF15HCBH,DDKKPI
LF16QUFF,DNKCVN
LF16GLWW,XMIOPG
LF16NPCN,DNKCVN
LF16KXIK,DNPUEO
LF16FBWR,LFTVQD
LF16SLJR,LFTVQD
LF16SLJR,TJPIKQ
LF16XFMK,LFTVQD
LF16JKDC,DDUUCC
LF16JKDC,TJPIKQ
LF16WUTX,DNPUEO
LF16ZABV,LFTVQD
LF16LFQJ,DDVQGR
LF16LFQJ,TJPIKQ
LF16UAAW,LFTVQD
LF16QBAJ,LFTVQD
LF16DIXP,GZSXZC
LF16DOQA,DDHMRB
LF16DOQA,TJPIKQ
LF16AFUF,DDBVFC
LF16SEAH,LFTVQD
LF16SEAH,TJPIKQ
LF16JTMY,LFTVQD
LF16DRXI,DNUBYC
LF16PIIU,DNMHEO
LF16EZOK,DDBVFC
LF16EZOK,TJPIKQ
LF16MWGX,LFTVQD
LF16GUDL,DDBVFC
LF16GUDL,TJPIKQ
LF16FLII,DNPUEO
LF16DXXC,LFTVQD
LF16DXXC,TJPIKQ
LF16KYGU,DNPUEO
LF16YLEB,DNPUEO
LF16QASW,DNPUEO
LF16SOBK,DNITCO
LF16UXMJ,TJPIKQ
LF16UXMJ,LFTVQD
LF16CTYK,LFTVQD
LF16RZAF,TJPIKQ
LF16RZAF,DNVUSE
LF16OSNV,LFTVQD
LF16DZXS,DNPUEO
LF16RRXU,GZSXZC
LF16BWUH,LFTVQD
LF16EJTX,DDVQGR
LF16CVSU,LFTVQD
LF16JEPQ,TJPIKQ
LF16JEPQ,LFBTLY
LF16ALRQ,TJPIKQ
LF16UKUG,DNMHEO
LF16NXWF,LFTVQD
LF16VWCR,FOPOAC
LF16DJLX,TJPIKQ
LF16IXJT,DDVQGR
LF16HSAN,TJPIKQ
LF16HSAN,LFTVQD
LF16YYWH,LFTVQD
LF16CZIN,DDUUCC
LF16LPQO,DNPUEO
LF16DYRO,UFBHOZ
LF16VEST,DDVQGR
LF16VEST,TJPIKQ
LF16MGLV,DNITCO
LF16INZS,DNMHEO
LF16OJTI,LFVJPA
LF16MALE,TJPIKQ
LF16IKTQ,TJPIKQ
LF16LEZM,DNPUEO
LF16NBEG,DNPUEO
LF16QAUR,LFTVQD
LF16HLVL,DNITCO
LF16KIXK,DNPUEO
LF16SHNM,LFGYHL
LF16VYOG,DNPUEO
LF16JLHP,DNPUEO
LF16ROWT,DNPUEO
LF16IXFG,DDVQGR
LF16IXFG,TJPIKQ
LF16DCXP,DNKCVN
LF16DHLM,DNPUEO
LF16XVDQ,TJPIKQ
LF16XEHY,LFMGKE
LF16OOUZ,DNMHEO
LF16CYMN,LFTVQD
LF17UIFA,DDBVFC
LF17DNAP,DDBVFC
LF17YQQB,DDHMRB
LF17ANMT,DDHMRB
LF17ANMT,DNRPKM
LF17GHTQ,DDHMRB
LF17YDWL,DDBVFC
LF17YDWL,DNRPKM
LF17OFTU,DDHMRB
LF17NXMB,DDHMRB
LF17KPLK,DDHMRB
LF17BNHA,DDHMRB
LF17QGIJ,DDHMRB
LF17ZXIB,DDHMRB
LF17ZXIB,DNRPKM
LF17FKKV,DDHMRB
LF17WQJP,DDHMRB
LF17PEAE,DDHMRB
LF17BVZR,DDHMRB
LF17BVZR,DNRPKM
LF17HMUR,DDHMRB
LF17TTXX,DDHMRB
LF17ZXWX,DDHMRB
LF17USYJ,DDHMRB
LF17VVPA,DDBVFC
LF17GOEJ,DDHMRB
LF17CGDP,DDBVFC
LF17MLVA,DDHMRB
LF17ULKZ,DDHMRB
LF17XXLT,DDHMRB
LF17SYMC,DDHMRB
LF17GKTJ,DDHMRB
LF17ROPE,DDHMRB
LF17ROPE,DNRPKM
LF17XBKY,DDHMRB
LF17XBKY,DNRPKM
LF17CGAF,DDBVFC
LF17CGAF,LFMGKE
LF17VOWB,DDHMRB
LF17DQHQ,DDHMRB
LF17DQHQ,DNRPKM
LF17ZVTM,DDHMRB
LF17PYAX,DDHMRB
LF17NWXQ,DDHMRB
LF17JNXC,DDBVFC
LF17DSOX,DDKVSX
LF17DSOX,QQELSA
LF17AOVW,DDHMRB
LF17ELSS,DDHMRB
LF17ELSS,QQELSA
LF17ZZGA,DDBVFC
LF17MJYX,DDHMRB
LF17VHZJ,DDHMRB
LF17ZJHF,DNMHEO
LF17ZJHF,DDVQGR
LF17EWST,DDBVFC
LF17ZNIL,DDHMRB
LF17SYOR,DDBVFC
LF17CNRJ,DDHMRB
LF17CJDU,DDHMRB
LF17DPLU,DDHMRB
LF17ZXDU,DDHMRB
LF17OEML,DDHMRB
LF17GNYQ,DNPUEO
LF17GNYQ,DDBVFC
LF17PVYN,DDBVFC
LF17KSTU,DDBVFC
LF17KSTU,DNRPKM
LF17EDQU,DNPUEO
LF17EDQU,DDBVFC
LF17YYCI,DDHMRB
LF17JQKR,DDHMRB
LF17VBSH,DDBVFC
LF17KWAT,DDHMRB
LF17QEXE,DDHMRB
LF17WAKA,DDHMRB
LF17CHIG,DDHMRB
LF17KABA,DDHMRB
LF17WJGT,DDHMRB
LF17YXDF,DDHMRB
LF17YXDF,DNRPKM
LF17QBXQ,DDBVFC
LF17DEUP,DDHMRB
LF17DEUP,DNRPKM
LF17QYCV,DDHMRB
LF17KULP,DDHMRB
LF17WPET,DDHMRB
LF17SJWL,DDBVFC
LF17DWDA,DDHMRB
LF17NOEE,DDHMRB
LF17JDAW,DDBVFC
LF17WRGC,DDHMRB
LF17XVAB,DDHMRB
LF17KJSE,DDHMRB
LF17FVGT,DDHMRB
LF17XQSJ,DDHMRB
LF17ZLIH,DDHMRB
LF17VNVQ,DNMHEO
LF17VNVQ,DDBVFC
LF17IBUL,DDHMRB
LF17GXST,DNMHEO
LF17GXST,DDBVFC
LF17UWPB,DDHMRB
LF17HWKS,DDHMRB
LF17WJIQ,DDHMRB
DS15KUGD,DNNSOC
DS15KUGD,TJPYYJ
DS15KUGD,DSZVWH
DS15SGJN,DSISHA
DS15SGJN,DNXTXO
DS15CRSM,TJPYYJ
DS15CRSM,DNVUSE
DS15CRSM,DSCLXQ
DS15CRSM,DSZVWH
DS15GNSK,DNKXCW
DS15GNSK,TJZMSI
DS15WJAD,DSLAHJ
DS15WJAD,DNKXCW
DS15WJAD,QQDNHA
DS15RSUK,DNMIGT
DS15RSUK,DDKVSX
DS15FDWB,DNXTXO
DS15FDWB,TJGDMF
DS15FDWB,DSZVWH
DS15TRGS,DNXTXO
DS15TRGS,TJGDMF
DS15MDUU,DNKXCW
DS15MDUU,DSWJGL
DS15MDUU,DSZVWH
DS15JLLE,DSAAFM
DS15JLLE,DSAFYI
DS15JLLE,UFKOQL
DS15ONVT,DNKXCW
DS15ONVT,DSAFYI
DS15USRT,QQAJZJ
DS15USRT,DSZVWH
DS15ULAL,QQAJZJ
DS15ULAL,TJZMSI
DS15ULAL,DSZVWH
DS15RWNB,GZDPDH
DS15IZZH,GZDPDH
DS15IZZH,DSISHA
DS15HDMG,DSQRDO
DS15HDMG,DSZVWH
DS15HDMG,DSXJJT
DS15QNUG,QQAJZJ
DS15QNUG,DNSVRR
DS15QNUG,DSZVWH
DS15QNUG,TJZMSI
DS15UBJE,DSWJGL
DS15UBJE,DNJEXJ
DS15UBJE,DSZVWH
DS15WBOU,DSXJJT
DS15WBOU,DDWJGG
DS15WBOU,DNJEXJ
DS15WBOU,DSKUYZ
DS15WBOU,DSZVWH
DS15UTKG,TCPHOV
DS15UTKG,QQAJZJ
DS15UTKG,TCTTOY
DS15NWBJ,UMILKE
DS15NWBJ,DSISHA
DS15NWBJ,DSZVWH
DS15XQSE,TCPHOV
DS15XQSE,QQAJZJ
DS15XQSE,TCTTOY
DS15XQSE,DSZVWH
DS15JPJR,DNIFQF
DS15JPJR,DSISHA
DS15JPJR,DDKVSX
DS15FTNZ,DSZVWH
DS15FTNZ,DNKCVN
DS15FTNZ,PGOMLJ
DS15IKKH,DSAAFM
DS15IKKH,TJYMUE
DS15SORA,DNKXCW
DS15SORA,DSWJGL
DS15SORA,XMJVQT
DS15IFGB,DSAAFM
DS15IFGB,DNXTXO
DS15XATG,HXBUNJ
DS15XATG,DSZVWH
DS15XATG,DSXJJT
DS15XATG,DNJEXJ
DS15OLSF,DNXTXO
DS15OLSF,DSAFYI
DS15RYUH,DSJURV
DS15RYUH,DNTXOD
DS15RYUH,PGUGOU
DS15YFYH,DNTXOD
DS15YFYH,TJSHXI
DS15YFYH,DSZVWH
DS15GOXF,DSISHA
DS15GOXF,QQDNHA
DS15GOXF,UMILKE
DS15YBJA,DSCLXQ
DS15YBJA,TJYMUE
DS15YBJA,DSZVWH
DS15JMHC,DNKXCW
DS15JMHC,XMBELY
DS15JMHC,QQDNHA
DS15KQEH,DSZVWH
DS15KQEH,DSQRDO
DS15KQEH,DNXTXO
DS15QIBZ,DSISHA
DS15QIBZ,DNOENI
DS15QIBZ,QQIBYU
DS15EHLF,DNVUSE
DS15EHLF,TJGDMF
DS15EHLF,DNXTXO
DS15EHLF,DSCLXQ
DS15XDQG,DSAFYI
DS15XDQG,DSZVWH
DS15XDQG,TJZMSI
DS15XDQG,TJYMUE
DS15DDCI,DSZVWH
DS15DDCI,DNNSOC
DS15DDCI,TJZMSI
DS15XCTJ,DSZVWH
DS15XCTJ,UFQSNO
DS15UOWA,TJYMUE
DS15UOWA,TJGDMF
DS15WSMW,DNITCO
DS15WSMW,DNNSOC
DS15WSMW,DSQRDO
DS15WSMW,DSZVWH
DS15ADMY,TJPYYJ
DS15ADMY,TJYMUE
DS15ADMY,DSZVWH
DS15MDAA,DSISHA
DS15MDAA,UMILKE
DS15MDAA,DSZVWH
DS15HEAK,DNITCO
DS15HEAK,DDKVSX
DS15HEAK,DSISHA
DS15GPEE,DSISHA
DS15GPEE,DNOENI
DS15GPEE,PGKWAA
DS15PWOQ,DSAAFM
DS15PWOQ,DSNPQL
DS15PWOQ,DSZVWH
DS15WAMQ,DNKXCW
DS15WAMQ,QQDNHA
DS15WAMQ,DSAFYI
DS15QOIL,DNOENI
DS15QOIL,DSZVWH
DS15YQNS,TJPYYJ
DS15YQNS,DNXTXO
DS15YQNS,DSZVWH
DS15KHMZ,TCPHOV
DS15KHMZ,TCTTOY
DS15KHMZ,TJGDMF
DS15UZMA,TJYMUE
DS15UZMA,TJGDMF
DS15UZMA,DSZVWH
DS15UZMA,QQAJZJ
DS15RTRF,DNWTSM
DS15RTRF,DNMHEO
DS15RTRF,DSZVWH
DS15BFXE,DNTXOD
DS15BFXE,DDNATV
DS15SJKF,TJZMSI
DS15SJKF,QQAJZJ
DS15SJKF,DNNSOC
DS15SJKF,DSZVWH
DS15VLGN,TCPHOV
DS15VLGN,XMCRTZ
DS15VLGN,DNOENI
DS15ZBQO,DNWTSM
DS15ZBQO,DNKCVN
DS15ZBQO,TJGDMF
DS15ZBQO,DSCLXQ
DS15WAVF,DSZVWH
DS15WAVF,DSNPQL
DS15DZDZ,QQAJZJ
DS15DZDZ,TJPYYJ
DS15STNH,DSWJGL
DS15STNH,DNNRZI
DS15STNH,DSZVWH
DS15GAOX,DNXTXO
DS15GAOX,TJGDMF
DS15UXWA,DNMIGT
DS15UXWA,DDKVSX
DS15SFIQ,DNWTSM
DS15SFIQ,TJGDMF
DS15SFIQ,QQAJZJ
DS15SFIQ,DSZVWH
DS15ESHW,DSMUQM
DS15ESHW,QQDNHA
DS15ESHW,TJGDMF
DS15ESHW,DSZVWH
DS15HWEX,DNKXCW
DS15HWEX,TJZMSI
DS15HWEX,QQAJZJ
DS15VFMD,DNDIKQ
DS15VFMD,TJPYYJ
DS15VFMD,TJYMUE
DS15RWTY,DNSVRR
DS15RWTY,DSNPQL
DS15RWTY,HXBUNJ
DS15FLSJ,DNOENI
DS15FLSJ,DSISHA
DS15FLSJ,DSXJJT
DS15XRKZ,DNOENI
DS15XRKZ,DSISHA
DS15XRKZ,QQDNHA
DS15UWZC,DSISHA
DS15UWZC,DNOENI
DS15UWZC,DSXJJT
DS15RFLV,DNXTXO
DS15RFLV,HXBUNJ
DS15RFLV,TJZMSI
DS15RFLV,QQAJZJ
DS15JYTW,DSMUQM
DS15JYTW,QQDNHA
DS15JYTW,TJZMSI
DS15XTRP,DSCLXQ
DS15XTRP,DNTXOD
DS15XTRP,TJSHXI
DS15EONI,QQIBYU
DS15EONI,TJZMSI
DS15MJZI,TJPYYJ
DS15MJZI,DSCLXQ
DS15MJZI,DNXTXO
DS15QPZQ,DNOENI
DS15QPZQ,DSISHA
DS15QPZQ,DSXJJT
DS15BQFO,DNKXCW
DS15BQFO,TJZMSI
DS15BQFO,QQAJZJ
DS15WVZN,TJPIKQ
DS15WVZN,TJPYYJ
DS15WVZN,DSAFYI
DS15WVZN,DSSIER
DS15PHKQ,DNKXCW
DS15PYZH,TJPYYJ
DS15PYZH,DSMUQM
DS15PYZH,DSZVWH
DS15AMCX,GZDPDH
DS15AMCX,DSISHA
DS15XXEQ,DNKXCW
DS15XXEQ,TJZMSI
DS15XXEQ,QQAJZJ
DS15OKHF,XMIUBV
DS15OKHF,DSWJGL
DS15OKHF,DSAFYI
DS16XFVC,DSNPQL
DS16XFVC,DSLAHJ
DS16CBYA,DNGKDP
DS16YXPI,PGLSBR
DS16YXPI,DSXJJT
DS16FLXP,TJYMUE
DS16AQKD,DSLAHJ
DS16AQKD,DSISHA
DS16DMIP,DNGKDP
DS16XNOT,DSAAFM
DS16XNOT,DSNPQL
DS16AHCE,DNXTXO
DS16AHCE,DSISHA
DS16MRKY,DSKPSV
DS16EFPD,DSISHA
DS16EFPD,DNXTXO
DS16JLHV,TJPIKQ
DS16JLHV,DSISHA
DS16DINN,TJPIKQ
DS16DINN,DSISHA
DS16IDDO,DSAAFM
DS16IDDO,TJPYYJ
DS16LZJK,TJPYYJ
DS16LZJK,TJPIKQ
DS16ABJK,DSKPSV
DS16ABJK,TJGDMF
DS16ABJK,TJNLID
DS16ZZHR,DSAAFM
DS16ZZHR,TJGDMF
DS16MENV,DNKXCW
DS16OFMW,DNKXCW
DS16OFMW,DSISHA
DS16UXMK,TJZMSI
DS16UXMK,QQAJZJ
DS16VFBC,DSAAFM
DS16VFBC,TJGDMF
DS16VHHW,DSMQRI
DS16VHHW,TJGDMF
DS16XAIC,DSMQRI
DS16XAIC,PGLSBR
DS16DMLK,TJTDRY
DS16GIRM,TJGDMF
DS16GIRM,TJNLID
DS16HMIP,DNKCVN
DS16HMIP,DSISHA
DS16HOVQ,DSAFYI
DS16HOVQ,TJGDMF
DS16KXKV,DSXJJT
DS16KXKV,TJGDMF
DS16NWWB,TJPIKQ
DS16NWWB,TJPYYJ
DS16NWWB,DSSIER
DS16RVXZ,DNKCVN
DS16RVXZ,DSISHA
DS16WLCS,TJYMUE
DS16AOSF,DSISHA
DS16AOSF,DSLAHJ
DS16XSWN,DSISHA
DS16XSWN,TJYMUE
DS16AMXW,DSKPSV
DS16EQTV,DSMQRI
DS16EQTV,PGLSBR
DS16HQZJ,DSAFYI
DS16HQZJ,TJGDMF
DS16BBJW,TJTDRY
DS16BBJW,DDVAPV
DS16ROIG,DSSIER
DS16EYAM,DSXJJT
DS16EYAM,TJGDMF
DS16QPGZ,DSISHA
DS16QPGZ,DNKXCW
DS16YQFF,DSMQRI
DS16YQFF,TJPIKQ
DS16YQFF,DSISHA
DS16TMHD,DSSIER
DS16JXKV,TJPIKQ
DS16JXKV,DSAFYI
DS16JXKV,XMJNTV
DS16GOCN,TJPIKQ
DS16GOCN,TJPYYJ
DS16TDXI,DSAAFM
DS16TDXI,DSNPQL
DS16TDXI,DSXJJT
DS16ZBUA,DNMHEO
DS16ZBUA,DSISHA
DS16BDAB,DSKPSV
DS16BDAB,TJZMSI
DS16HORZ,TJPIKQ
DS16HORZ,DSJURV
DS16HORZ,DNVUSE
DS16VOGD,DNIFQF
DS16MYUW,DSISHA
DS16MYUW,DNIFQF
DS16LHNO,DSKPSV
DS16LHNO,TJZMSI
DS16RESY,DSKPSV
DS16RESY,TJGDMF
DS16DWSB,TJPIKQ
DS16DWSB,TJPYYJ
DS16NQPW,DSMQRI
DS16KLKM,DSLAHJ
DS16KLKM,TJTDRY
DS16YGJF,PGLSBR
DS16YGJF,DSMQRI
DS16JTRJ,PGLSBR
DS16YQGL,DSISHA
DS16YQGL,DNKXCW
DS16CSGQ,DDUUCC
DS16CSGQ,UFBHOZ
DS16LUCH,TJGDMF
DS16LUCH,DSAFYI
DS16ASYC,DSNPQL
DS16SLRZ,DSLAHJ
DS16SLRZ,DSNPQL
DS16RWXR,DSISHA
DS16RWXR,TJPIKQ
DS16SAJS,DDUUCC
DS16SAJS,TJGDMF
DS16WJOW,DSKPSV
DS16WJOW,TJZMSI
DS16MCSG,DSISHA
DS16JEUM,TJTDRY
DS16JEUM,DNKXCW
DS16XIRF,DSKPSV
DS16UVGQ,TJPIKQ
DS16UVGQ,TJPYYJ
DS16UVGQ,QQIBYU
DS16JQCY,DSMQRI
DS16JQCY,DSISHA
DS16VCEG,DSSIER
DS16CCAC,TJPIKQ
DS16CCAC,TJPYYJ
DS16CCAC,DSLAHJ
DS16UZIS,DSKPSV
DS16UZIS,DSISHA
DS16PZLQ,DSKPSV
DS16PZLQ,TJYMUE
DS16CBZT,TJPYYJ
DS16CBZT,DSLAHJ
DS16DVEI,DSISHA
DS16DVEI,TJPIKQ
DS16DVEI,DSLAHJ
DS16SZUP,DSLAHJ
DS16SZUP,DSISHA
DS16PUPF,DSAAFM
DS16PUPF,TJZMSI
DS16SQTV,DSNPQL
DS16SQTV,DNNSOC
DS16BADK,DSXJJT
DS16BADK,PGLSBR
DS16XQUZ,DSAFYI
DS16XQUZ,TJGDMF
DS16XZIC,DSISHA
DS16XZIC,TJPIKQ
DS16XZIC,DSLAHJ
DS16RRSC,DSISHA
DS16IBAC,DNITCO
DS16IBAC,TJPIKQ
DS16IBAC,DSSIER
DS16IUMM,PGLSBR
DS16LYVN,DSNPQL
DS16LYVN,DSLAHJ
DS17XZYF,DNPUEO
DS17XZYF,DDBVFC
DS17UIKA,DNMHEO
DS17UIKA,DDBVFC
DS17YMPV,DNPUEO
DS17YMPV,DDBVFC
DS17KLMS,DDBVFC
DS17NLVE,DDBVFC
DS17NLVE,DNKCVN
DS17SACP,DDBVFC
DS17SACP,DNMHEO
DS17JUVF,DDHMRB
DS17JUVF,DNPUEO
DS17HRTY,DDHMRB
DS17HRTY,DNPUEO
DS17PNUZ,DNPUEO
DS17PNUZ,DDBVFC
DS17UTYA,DDHMRB
DS17UTYA,DNMHEO
DS17RJVO,DDBVFC
DS17RJVO,DNMHEO
DS17ZWWV,DNITCO
DS17ZWWV,DDBVFC
DS17PLRG,DDBVFC
DS17PLRG,DNMHEO
DS17NAVC,DDBVFC
DS17NAVC,DNMHEO
DS17VQXG,DDBVFC
DS17VQXG,DNMHEO
DS17AXGO,DNPUEO
DS17AXGO,DDBVFC
DS17PPKW,DNKCVN
DS17PPKW,DDBVFC
DS17ZKBR,DNITCO
DS17ZKBR,DDVQGR
DS17TYOS,DNPUEO
DS17PBPW,DDBVFC
DS17PBPW,DNMHEO
DS17GQGE,DDVQGR
DS17GQGE,DNMHEO
DS17VTBV,DDBVFC
DS17VTBV,DNMHEO
DS17GHTO,DDBVFC
DS17GHTO,DNMHEO
DS17FPTI,DDHMRB
DS17FPTI,DNPUEO
DS17CNGC,DNPUEO
DS17CNGC,DDBVFC
DS17CYOE,DNMHEO
DS17CYOE,DDBVFC
DS17UZQX,DDBVFC
DS17UZQX,DNKCVN
DS17VJFC,DNITCO
DS17VJFC,DDVQGR
DS17TPIL,DDVQGR
DS17TPIL,DNMHEO
DS17RJJO,DNITCO
DS17RJJO,DDVQGR
DS17UXDG,DDHMRB
DS17UXDG,DNMHEO
DS17OCLN,DDHMRB
DS17OCLN,DNPUEO
DS17VJJO,DNMHEO
DS17VJJO,DDBVFC
DS17CZCU,TJPIKQ
DS17CZCU,DDVQGR
DS17PDRH,DNPUEO
DS17PDRH,DDVQGR
DS17JXUZ,DDBVFC
DS17JXUZ,DNMHEO
DS17OCKY,DDBVFC
DS17OCKY,DNMHEO
DS17CIHI,DNKCVN
DS17CIHI,DDBVFC
DS17CIHI,QQIBYU
DS17DPZB,DDKVSX
DS17VQPE,DNPUEO
DS17VQPE,DDBVFC
DS17HBSU,DNMHEO
DS17HBSU,DDVQGR
DS17QYRO,DDBVFC
DS17QYRO,DNMHEO
DS17LONP,DNMIGT
DS17LONP,DDBVFC
DS17DXHA,DNITCO
DS17DXHA,DDBVFC
DS17HUSK,DDBVFC
DS17HUSK,DNMHEO
DS17ZQEU,DDKVSX
DS17ZQEU,DNMHEO
DS17XQUL,DDVQGR
DS17XQUL,DNMHEO
DS17FLSK,DDBVFC
DS17FLSK,DNPUEO
DS17OSXD,DNITCO
DS17OSXD,DDBVFC
DS17QZHI,DNITCO
DS17QZHI,DDBVFC
DS17PBBK,DDBVFC
DS17PBBK,DNMHEO
DS17SKLA,DDBVFC
DS17SKLA,DNMHEO
DS17YGEB,DDBVFC
DS17YGEB,DNPUEO
DS17XKXX,DDBVFC
DS17XKXX,DNPUEO
DS17JHXV,DNITCO
DS17JHXV,DDBVFC
DS17QRNS,DDHMRB
DS17QRNS,DNPUEO
DS17MVDZ,DDBVFC
DS17MVDZ,DNMHEO
DS17GNOY,DNPUEO
DS17GNOY,DDBVFC
DS17TDSF,DNPUEO
DS17TDSF,DDVQGR
DS17XSHY,DDBVFC
DS17XSHY,DNRPKM
DS17EAOW,DDHMRB
DS17EAOW,DNPUEO
DS17HYHZ,DNPUEO
DS17HYHZ,DDBVFC
DS17HCVI,DNPUEO
DS17HCVI,DDVQGR
DS17HYGR,DDHMRB
DS17HYGR,DNUBYC
DS17WYHO,DDHMRB
DS17WYHO,DNPUEO
DS17HXHW,DNPUEO
DS17HXHW,DDVQGR
DS17YMLB,DNPUEO
DS17YMLB,DDBVFC
DS17KFYE,DDKVSX
DS17KFYE,DNPUEO
DS17ZIFN,DDBVFC
DS17ZIFN,DNMHEO
DS17ILPP,DNMHEO
DS17ILPP,DDBVFC
DS17OEKM,DDHMRB
DS17OSWU,DDHMRB
DS17OSWU,DNMHEO
DS17DFKM,DNKCVN
DS17DFKM,DDBVFC
DS17EYKC,DNMHEO
DS17EYKC,DDVQGR
DS17MGGV,DNPUEO
DS17MGGV,DDVQGR
DS17UVGT,DNITCO
DS17UVGT,DDBVFC
DS17LVFM,DNITCO
DS17LVFM,DDBVFC
DS17WYFQ,DDBVFC
DS17WYFQ,DNPUEO
DS17ZPYG,DNITCO
DS17QOXD,DNMIGT
DS17QOXD,DDBVFC
DS17GDFE,DNMIGT
DS17GDFE,DDVQGR
DS17BSLP,DNITCO
DS17BSLP,DDBVFC
DS17RTPB,DNITCO
DS17RTPB,DDBVFC
DS17CNCW,DNITCO
DS17CNCW,DDVQGR
DS17RZDI,DNITCO
DS17RZDI,DDBVFC
DS17NBOF,DNITCO
DS17NBOF,DDBVFC
DS17WIFA,DNMHEO
DS17WIFA,DDBVFC
DS17HOEE,DNKCVN
DS17HOEE,DDBVFC
DS17YOWV,DNMHEO
DS17YOWV,DDBVFC
DS17DGUG,DDVQGR
DS17DGUG,DNVUSE
XM15XNWO,XMAFNC
XM15XNWO,PGBJRE
XM15XNWO,XMIHEO
XM15XNWO,XMFOYC
XM15XNWO,XMKLXA
XM15OHDA,XMAFNC
XM15OHDA,XMCDUN
XM15OHDA,PGHFIE
XM15OHDA,DNIMNG
XM15QTKH,XMHZDH
XM15QTKH,XMAFNC
XM15QTKH,XMGNAN
XM15QTKH,DNNRZI
XM15YMSN,DDVQGR
XM15YMSN,XMMLMN
XM15YMSN,XMIOPG
XM15YMSN,QQAJZJ
XM15YMSN,TJYMUE
XM15ANFT,XMAFNC
XM15ANFT,XMCDUN
XM15ANFT,DNNSOC
XM15ANFT,TJGDMF
XM15ANFT,XMNXYO
XM15XDXG,XMIUBV
XM15XDXG,UFEENI
XM15XDXG,DNSVRR
XM15XDXG,XMMLMN
XM15XDXG,XMOTTJ
XM15NOAE,XMHZDH
XM15NOAE,DDWJGG
XM15NOAE,DNWTSM
XM15NOAE,XMCDUN
XM15NOAE,XMOTTJ
XM15NJFN,XMHZDH
XM15NJFN,XMGNAN
XM15NJFN,XMBELY
XM15NJFN,DDWJGG
XM15NJFN,DNIMNG
XM15VJXM,DDVQGR
XM15VJXM,DNIMNG
XM15VJXM,XMBELY
XM15VJXM,XMMLMN
XM15VJXM,XMIOPG
XM15XJVJ,XMHIYP
XM15XJVJ,XMIUBV
XM15XJVJ,XMFOYC
XM15XJVJ,PGBJRE
XM15XJVJ,DNSVRR
XM15SEOP,XMGNAN
XM15SEOP,XMMLMN
XM15SEOP,DNSVRR
XM15SEOP,XMOTTJ
XM15SEOP,DDBVFC
XM15LWXU,XMMLMN
XM15LWXU,XMIUBV
XM15LWXU,DNSVRR
XM15LWXU,DNRPKM
XM15LWXU,TJCKDJ
XM15AQTS,DNXTXO
XM15AQTS,TJPYYJ
XM15AQTS,XMMLMN
XM15AQTS,XMNXYO
XM15AQTS,DNRPKM
XM15ZPVQ,XMAFNC
XM15ZPVQ,XMMLMN
XM15ZPVQ,XMKBXQ
XM15ZPVQ,DNJEXJ
XM15ZPVQ,PGBJRE
XM15KTKS,XMAFNC
XM15KTKS,XMPBPG
XM15KTKS,DNSVRR
XM15KTKS,PGCYVE
XM15KTKS,XMBELY
XM15KTKS,XMKBXQ
XM15JKSI,XMHZDH
XM15JKSI,XMFFJO
XM15JKSI,TJZMSI
XM15JKSI,DNNSOC
XM15JKSI,QQAJZJ
XM15ATBG,XMAFNC
XM15ATBG,XMGNAN
XM15ATBG,XMMLMN
XM15ATBG,XMOTTJ
XM15RZDW,XMAFNC
XM15RZDW,DNVUSE
XM15RZDW,TJGDMF
XM15PXDP,XMHZDH
XM15PXDP,DDWJGG
XM15PXDP,DNWTSM
XM15PXDP,XMCDUN
XM15PXDP,XMOTTJ
XM15PTVQ,XMHIYP
XM15PTVQ,XMAFNC
XM15PTVQ,XMBELY
XM15PTVQ,PGHFIE
XM15PTVQ,DNSVRR
XM15SHVL,XMBELY
XM15SHVL,XMHIYP
XM15SHVL,XMFFJO
XM15SHVL,DNNRZI
XM15BPRS,XMAFNC
XM15BPRS,LFBLGN
XM15BPRS,XMCRTZ
XM15BPRS,XMOTTJ
XM15BPRS,DNGKDP
XM15FHVP,UFXJYO
XM15FHVP,XMMLMN
XM15FHVP,XMIOPG
XM15FHVP,DNSVRR
XM15FHVP,DDBVFC
XM15BXJJ,DNKXCW
XM15TCCQ,DDVQGR
XM15TCCQ,TJGDMF
XM15TCCQ,DNNSOC
XM15TCCQ,XMMLMN
XM15TCCQ,DNRPKM
XM15NXQQ,DDVQGR
XM15NXQQ,DSCODQ
XM15NXQQ,DNJEXJ
XM15NXQQ,XMBELY
XM15NXQQ,XMMLMN
XM15NXQQ,PGDWUN
XM15UGVL,XMMLMN
XM15UGVL,DNRPKM
XM15UGVL,DNJEXJ
XM15UGVL,XMOTTJ
XM15UGVL,PGDWUN
XM15OKAX,XMKLXA
XM15OKAX,XMMLMN
XM15OKAX,XMOTTJ
XM15OKAX,XMCDUN
XM15OKAX,DNJEXJ
XM15IDTI,XMGNAN
XM15IDTI,XMKBXQ
XM15IDTI,XMOTTJ
XM15IDTI,DDWJGG
XM15IDTI,DNSVRR
XM15RKMD,XMAFNC
XM15RKMD,XMIOPG
XM15RKMD,XMMLMN
XM15RKMD,XMHIYP
XM15RKMD,XMOTTJ
XM15MWXU,XMMLMN
XM15MWXU,XMNXYO
XM15MWXU,XMOTTJ
XM15MWXU,XMCDUN
XM15MWXU,DNWTSM
XM15ZSHA,DNMIGT
XM15ZSHA,XMPBPG
XM15ZSHA,XMFFJO
XM15ZSHA,PGBJRE
XM15FYYQ,XMAFNC
XM15FYYQ,XMCDUN
XM15FYYQ,DNJEXJ
XM15FYYQ,DNRPKM
XM15FYYQ,TJGDMF
XM15FYYQ,PGDWUN
XM15XOZW,XMCDUN
XM15XOZW,XMOTTJ
XM15XOZW,DNTXOD
XM15XOZW,XMCRTZ
XM15XOZW,DDBVFC
XM15MNIF,XMHZDH
XM15MNIF,TJTDRY
XM15MNIF,XMGNAN
XM15MNIF,XMAFNC
XM15MNIF,DNSVRR
XM15YRGO,XMAFNC
XM15YRGO,XMMLMN
XM15YRGO,XMIOPG
XM15YRGO,DNNRZI
XM15GIAD,XMPBPG
XM15GIAD,XMHIYP
XM15GIAD,XMOTTJ
XM15GIAD,XMAFNC
XM15GIAD,DNNRZI
XM15GIAD,QQAJZJ
XM15NZGN,DNJEXJ
XM15NZGN,UFEENI
XM15NZGN,PGDWUN
XM15NZGN,XMOTTJ
XM15NZGN,XMMLMN
XM15HXEX,DNXTXO
XM15HXEX,PGBJRE
XM15HXEX,XMAFNC
XM15ISYH,XMHZDH
XM15ISYH,DNMHEO
XM15ISYH,XMOTTJ
XM15ISYH,XMCDUN
XM15ISYH,XMIUBV
XM15NALJ,XMGNAN
XM15NALJ,XMIUBV
XM15NALJ,XMOTTJ
XM15NALJ,DNSVRR
XM15NALJ,QQAJZJ
XM15ZPPC,XMMLMN
XM15ZPPC,XMNXYO
XM15ZPPC,XMCRTZ
XM15ZPPC,LFBLGN
XM15ZPPC,DDBVFC
XM15RBZJ,XMIHEO
XM15RBZJ,XMIUBV
XM15RBZJ,XMGNAN
XM15RBZJ,XMOTTJ
XM15SCXT,XMHZDH
XM15SCXT,XMOTTJ
XM15SCXT,XMCRTZ
XM15SCXT,DNSVRR
XM15SCXT,DDWJGG
XM15SCXT,LFBLGN
XM15SCXT,QQAJZJ
XM15YGSX,XMCDUN
XM15YGSX,XMMLMN
XM15YGSX,XMNXYO
XM15YGSX,XMIHEO
XM15YGSX,XMOTTJ
XM15GWNX,QQELSA
XM15GWNX,XMKBXQ
XM15GWNX,XMNXYO
XM15LWIU,XMHZDH
XM15LWIU,XMOTTJ
XM15LWIU,XMCRTZ
XM15LWIU,DDWJGG
XM15LWIU,DNSVRR
XM15MMPX,QQIBYU
XM15MMPX,XMCRTZ
XM15MMPX,XMOTTJ
XM15MMPX,XMHIYP
XM15MMPX,DDBVFC
XM15MMPX,DNTXOD
XM15GSGI,XMOTTJ
XM15GSGI,XMMLMN
XM15GSGI,XMPBPG
XM15GSGI,XMNXYO
XM15GSGI,DNSVRR
XM15EBTZ,XMKLXA
XM15EBTZ,XMIOPG
XM15EBTZ,XMIHEO
XM15EBTZ,DDBVFC
XM15EBTZ,DNWTSM
XM15KFLO,XMKBXQ
XM15KFLO,XMNXYO
XM15KFLO,DDWJGG
XM15HSLU,DNJNPL
XM15HSLU,QQELSA
XM15HSLU,QQAJZJ
XM15UFRA,XMMLMN
XM15UFRA,XMOTTJ
XM15UFRA,XMCRTZ
XM15UFRA,DNSVRR
XM15UFRA,DDWJGG
XM15PLJM,XMIHEO
XM15PLJM,XMOTTJ
XM15PLJM,XMHIYP
XM15PLJM,DDBVFC
XM15PLJM,DDAWSL
XM15PLJM,DNSVRR
XM15FVJV,XMIOPG
XM15FVJV,XMIHEO
XM15FVJV,XMKLXA
XM15FVJV,PGBJRE
XM15FVJV,DNTXOD
XM15FVJV,DDBVFC
XM15VIAW,XMHZDH
XM15VIAW,DNXTXO
XM15VIAW,UFKRXK
XM15VIAW,XMOTTJ
XM15VIAW,XMKLXA
XM15NELO,XMFOYC
XM15NELO,XMGNAN
XM15NELO,XMBELY
XM15NELO,QQAJZJ
XM15NELO,DNJEXJ
XM15SIUI,XMPBPG
XM15SIUI,XMIHEO
XM15SIUI,XMGNAN
XM15SIUI,XMFOYC
XM15SIUI,PGBJRE
XM16CEWC,XMFFJO
XM16CEWC,DNRPKM
XM16EEET,XMAFNC
XM16HJHC,XMAFNC
XM16POZM,XMGNAN
XM16GGDV,XMAFNC
XM16QQWU,XMHZDH
XM16XFHE,XMHZDH
XM16VSJW,DNPUEO
XM16VSJW,XMGNAN
XM16LKSL,XMGNAN
XM16SVNF,XMGNAN
XM16GNSZ,XMFFJO
XM16GNSZ,XMGNAN
XM16INPN,XMFFJO
XM16INPN,DDNATV
XM16UFYB,DDSKTM
XM16UFYB,XMAFNC
XM16OQKP,XMAFNC
XM16AEWE,XMHZDH
XM16WXLQ,XMFFJO
XM16WXLQ,DDJPLV
XM16WNDH,XMAFNC
XM16TJNZ,XMAFNC
XM16GXDM,XMAFNC
XM16GXDM,DNUBYC
XM16QGOM,XMHZDH
XM16KZVQ,XMHZDH
XM16JMUT,TJPIKQ
XM16JMUT,DDPNZK
XM16CEXQ,XMAFNC
XM16CEXQ,XMMLMN
XM16PIPT,XMIOPG
XM16XHZG,XMGNAN
XM16HCHI,XMAFNC
XM16HCHI,DNUBYC
XM16NXBO,XMCRTZ
XM16NXBO,XMAFNC
XM16BBLL,XMMLMN
XM16BBLL,XMFFJO
XM16YQBI,XMAFNC
XM16YQBI,GZHQDV
XM16OWKQ,XMHZDH
XM16RNBA,XMHZDH
XM16SLSG,XMAFNC
XM16HSNC,XMAFNC
XM16VHRD,XMAFNC
XM16VHRD,DNUBYC
XM16RTDQ,XMHZDH
XM16UABZ,XMAFNC
XM16UTMD,XMIOPG
XM16DAUY,XMHZDH
XM16XJRE,XMHZDH
XM16TXLG,XMHZDH
XM16CYFW,XMHZDH
XM16VDRI,XMHZDH
XM16IRQM,XMNXYO
XM16UVMS,XMFFJO
XM16UVMS,XMGNAN
XM16UVMS,XMMLMN
XM16BODA,XMAFNC
XM16XNKU,XMFFJO
XM16VKLV,XMHZDH
XM16VKLV,DDVQGR
XM16MNNM,XMHZDH
XM16KBSU,XMHZDH
XM16RGZH,XMAFNC
XM16RGZH,XMBELY
XM16RICN,XMHZDH
XM16OWKJ,XMHZDH
XM16NGEP,XMFFJO
XM16NGEP,XMGNAN
XM16JGAK,XMHZDH
XM16HNTH,XMAFNC
XM16HNTH,TJPIKQ
XM16HFXZ,XMHZDH
XM16HFXZ,DDWJGG
XM17RFMA,DNITCO
XM17RFMA,TJGDMF
XM17KYTN,DNMIGT
XM17KYTN,TJGDMF
XM17HLCC,DNMIGT
XM17HLCC,SFMUVI
XM17EBJZ,TJPIKQ
XM17EBJZ,DNMHEO
XM17QHMN,DNMHEO
XM17QHMN,TJGDMF
XM17UYBO,DNITCO
XM17UYBO,TJGDMF
XM17HKJC,DNITCO
XM17HKJC,TJTDRY
XM17AUZP,DNITCO
XM17AUZP,TJGDMF
XM17XUUB,DNKCVN
XM17XUUB,TJGDMF
XM17MNCN,DNMHEO
XM17MNCN,TJGDMF
XM17NODZ,DNITCO
XM17NODZ,TJPYYJ
XM17YMVU,DNITCO
XM17YMVU,TJPYYJ
XM17DWTX,DNITCO
XM17DWTX,TJPYYJ
XM17ZHGT,DNITCO
XM17ZHGT,TJPYYJ
XM17WLJO,DNITCO
XM17WLJO,TJZMSI
XM17LCIJ,DNKCVN
XM17LCIJ,QQIBYU
XM17RVDS,DNITCO
XM17RVDS,QQIBYU
XM17MHCN,DNMIGT
XM17MHCN,PGDWUN
XM17MVRN,DNITCO
XM17MVRN,TJTDRY
XM17IDPT,DNDIKQ
XM17IDPT,PGDWUN
XM17ISLC,DNPUEO
XM17ISLC,TJPYYJ
XM17BLGY,DNMHEO
XM17BLGY,PGDWUN
XM17SZXY,DNMHEO
XM17SZXY,TJTDRY
XM17DMMW,DNITCO
XM17DMMW,TJPYYJ
XM17COJP,DNITCO
XM17COJP,TJPYYJ
XM17KYKP,DNITCO
XM17KYKP,TJTDRY
XM17VXAK,DNRPKM
XM17MDBT,DNMHEO
XM17MDBT,TJTDRY
XM17STRJ,DNITCO
XM17STRJ,DDUPML
XM17SWRO,DNITCO
XM17SWRO,DDHNJG
XM17FWGE,DNITCO
XM17FWGE,DDHNJG
XM17XAAS,DNITCO
XM17XAAS,PGDWUN
XM17QTUY,DNITCO
XM17QTUY,TJPYYJ
XM17YQEG,DNMHEO
XM17YQEG,PGDWUN
XM17AWUL,DNITCO
XM17AWUL,DSCODQ
XM17LUBZ,DNITCO
XM17LUBZ,QQIBYU
XM17QHDZ,DNMHEO
XM17QHDZ,TJPYYJ
XM17VQGO,DNPUEO
XM17VQGO,DDUPML
XM17EHAE,DNPUEO
XM17ZNPP,DNITCO
XM17ZNPP,DDHNJG
XM17XGDT,DNITCO
XM17XGDT,TJGDMF
XM17XFZR,DNRPKM
XM17XFZR,GZEBQY
XM17MGAR,DNPUEO
XM17JEFR,DNMIGT
XM17JEFR,TJTDRY
XM17JLWO,DNMIGT
XM17OMDG,DNPUEO
XM17OMDG,EIDIZF
XM17MDXU,TJGDMF
XM17MDXU,DNPUEO
XM17VFUX,DNPUEO
XM17VFUX,EIDIZF
XM17RCMW,DDUPML
XM17RCMW,DNMHEO
XM17WKMY,DNITCO
XM17WKMY,TJGDMF
XM17MGVP,DNDIKQ
XM17MGVP,TJGDMF
XM17EREY,DNITCO
XM17PHTC,DNITCO
XM17PHTC,TJGDMF
XM17VPSN,DNMIGT
XM17VPSN,OZVQHD
XM17LMSS,DNMIGT
XM17LMSS,OZVQHD
XM17MJWC,DNMIGT
XM17MJWC,TJGDMF
XM17RUVQ,DNITCO
XM17RUVQ,TJTDRY
XM17VXNX,DNPUEO
XM17OLON,TJPIKQ
XM17HBDN,DNITCO
XM17HBDN,TJGDMF
XM17YOUJ,DNPUEO
XM17YOUJ,TJGDMF
XM17SZBZ,DNUBYC
XM17SZBZ,PGBJRE
XM17EWQX,TJPIKQ
UF15ABJL,UFBHOZ
UF15ABJL,FOHOGN
UF15ABJL,GZHQDV
UF15ABJL,UFEENI
UF15WDSW,DDKVSX
UF15WDSW,UFEENI
UF15CKRF,XMIOPG
UF15CKRF,XMBELY
UF15CKRF,UFEENI
UF15CKRF,DDWWDC
UF15WGZM,TCPHOV
UF15WGZM,UFWLTQ
UF15WGZM,UFEENI
UF15WGZM,QQDNHA
UF15OEEG,QQELSA
UF15OEEG,QQAJZJ
UF15OEEG,DNNSOC
UF15OEEG,UFWLTQ
UF15OEEG,TJNLID
UF15RUDM,UFNLAM
UF15RUDM,DNNSOC
UF15RUDM,QQAJZJ
UF15FTCB,DDWWDC
UF15FTCB,UFHRZF
UF15FTCB,UFZHWK
UF15FTCB,UFXJYO
UF15UIXU,UFEENI
UF15UIXU,NMUQEU
UF15UIXU,NMKJIA
UF15UIXU,TJZMSI
UF15HINI,DNNSOC
UF15HINI,TCPHOV
UF15HINI,GZKBQC
UF15GSXR,TCTTOY
UF15GSXR,XMBELY
UF15GSXR,UFEENI
UF15GSXR,DDWWDC
UF15SACL,QQAJZJ
UF15SACL,QQELSA
UF15SACL,DNNSOC
UF15DCFR,DNNSOC
UF15DCFR,QQAJZJ
UF15DCFR,UFWLTQ
UF15DCFR,UFEENI
UF15UNCA,TJZMSI
UF15UNCA,QQELSA
UF15UNCA,DNNSOC
UF15UNCA,LFGYHL
UF15GHSM,DNPUEO
UF15GHSM,TJZMSI
UF15GHSM,DDKVSX
UF15GHSM,TJYMUE
UF15QPIS,UFEENI
UF15QPIS,UFKOQL
UF15QPIS,QQDNHA
UF15EXZR,GZKBQC
UF15EXZR,GZHQDV
UF15EXZR,UFXJYO
UF15EXZR,UFHRZF
UF15RGTE,GZSFJX
UF15RGTE,DDVQGR
UF15RGTE,GZHQDV
UF15RGTE,DNPELC
UF15WJWE,DSAFYI
UF15WJWE,XMIOPG
UF15WJWE,XMBELY
UF15WJWE,DNPELC
UF15XQXW,DNTXOD
UF15XQXW,NMZRWR
UF15XQXW,UFEENI
UF15XQXW,GZUNOC
UF15CDBG,TCPHOV
UF15CDBG,DNPUEO
UF15SBWC,TCPHOV
UF15SBWC,PGBJRE
UF15SBWC,UFEENI
UF15OSVM,QQIBYU
UF15CDXM,TJGDMF
UF15CDXM,TJYMUE
UF15CDXM,DSAFYI
UF15CDXM,UFXJYO
UF15KWLS,UFBHOZ
UF15KWLS,XMBELY
UF15KWLS,UFXJYO
UF15MPOX,DNNSOC
UF15MPOX,QQELSA
UF15DCNU,TJNLID
UF15DCNU,DDVQGR
UF15DCNU,UFEENI
UF15DCNU,TJGDMF
UF15FJHW,DNNSOC
UF15FJHW,UFNLAM
UF15FJHW,QQAJZJ
UF15FJHW,UFNVKH
UF15EXMF,TCPHOV
UF15EXMF,DNPUEO
UF15EXMF,GZHQDV
UF15EXMF,QQDNHA
UF15VBYU,DNKXCW
UF15VBYU,TCPHOV
UF15RYOI,UFEENI
UF15RYOI,QQAJZJ
UF15RYOI,TJZMSI
UF15OKTJ,QQAJZJ
UF15OKTJ,DNNSOC
UF15OKTJ,DNVUSE
UF15OKTJ,TJNLID
UF15KJVB,XMBELY
UF15KJVB,UFEENI
UF15KJVB,DNWTSM
UF15USLW,XMBELY
UF15USLW,UFXJYO
UF15USLW,DDAWQZ
UF15USLW,TJYMUE
UF15BGCQ,DNNSOC
UF15BGCQ,UFNLAM
UF15GYNF,DDHMRB
UF15FLHQ,DNNRZI
UF15FLHQ,TJZMSI
UF15FLHQ,QQDNHA
UF15RTAJ,TCPHOV
UF15RTAJ,UFEENI
UF15RTAJ,QQIBYU
UF15RTAJ,UFWLTQ
UF15HOPF,UFHRZF
UF15HOPF,DNNRZI
UF15HOPF,GZMFCA
UF15HOPF,QQDNHA
UF15QTBK,UFEENI
UF15QTBK,QQDNHA
UF15QTBK,LFSBJJ
UF15QTBK,GZMFCA
UF15TRWJ,DSAFYI
UF15TRWJ,UFNLAM
UF15TRWJ,DNNSOC
UF15TRWJ,QQAJZJ
UF15PLTP,UFZHWK
UF15PLTP,UFHRZF
UF15PLTP,UFXJYO
UF15PLTP,DDWWDC
UF15HIRN,QQELSA
UF15HIRN,DDKVSX
UF15HIRN,DNJEXJ
UF15OSSW,UFKOQL
UF15OSSW,DNNSOC
UF15OSSW,GZMFCA
UF15OSSW,UFNLAM
UF15SKFX,UFZHWK
UF15SKFX,UFEENI
UF15SKFX,QQAJZJ
UF15TSFK,UFZHWK
UF15TSFK,UFEENI
UF15TSFK,DDVAPV
UF15TSFK,LTXADY
UF15LNAC,UFKOQL
UF15LNAC,UFEENI
UF15LNAC,DNPELC
UF15PDZP,DSAFYI
UF15PDZP,XMBELY
UF15PDZP,DNPELC
UF15IRVC,DDWWDC
UF15IRVC,UFHRZF
UF15IRVC,UFZHWK
UF15IRVC,UFXJYO
UF15XUVZ,DDHMRB
UF15XUVZ,PGBNKH
UF15XUVZ,UFXJYO
UF15EJIG,UFHRZF
UF15EJIG,NMUQEU
UF15EJIG,DNNSOC
UF16VRMG,FOPOAC
UF16WKIH,UFBHOZ
UF16FTNM,NMUQEU
UF16SKKM,DNMHEO
UF16HQRE,DNMHEO
UF16HXDU,GZZCOH
UF16HXDU,LFUIYY
UF16GHNE,DNMHEO
UF16QJNL,DNKXCW
UF16QJNL,QQAJZJ
UF16SKQH,DNKXCW
UF16EWNB,DNMHEO
UF16ADWD,DNKXCW
UF16NEWY,QQIBYU
UF16HGGB,TCTTOY
UF16FKRU,GZHQDV
UF16ZUNN,DNMHEO
UF16KFIB,DNKXCW
UF16WRGW,NMUQEU
UF16WRGW,UFNVKH
UF16MMTO,DNMHEO
UF16SDXE,TJYMUE
UF16IYTR,DNMHEO
UF16IMMI,DNITCO
UF16JGQM,DNUBYC
UF16BYVF,TCTTOY
UF16XZIA,DNKXCW
UF16KNJO,GZHQDV
UF16AEXM,DSAFYI
UF16AEXM,GZHQDV
UF16AEXM,GZZCOH
UF16LEZQ,QQIBYU
UF16OMNX,DNITCO
UF16EWIB,QQIBYU
UF16FEAL,DNMHEO
UF16LLSV,QQAJZJ
UF16SFDX,UFBHOZ
UF16XMFJ,DNMHEO
UF16XEQM,UFZHWK
UF16KCOV,DNMHEO
UF16JMOE,UFBHOZ
UF16WYVQ,GZSXZC
UF16OUFM,DNMHEO
UF16FCKQ,DSAFYI
UF16PFOS,DNITCO
UF16ZAXO,TJPIKQ
UF16TELD,DNKXCW
SF15DDHI,XMAFNC
SF15DDHI,SFHERQ
SF15DDHI,SFVHKO
SF15DDHI,SFXEQR
SF15COUQ,SFXJNT
SF15COUQ,SFHERQ
SF15COUQ,SFQBNI
SF15COUQ,SFXEQR
SF15YRDI,TCPHOV
SF15YRDI,DNKXCW
SF15YRDI,DDKVSX
SF15SBDX,SFHZQC
SF15SBDX,SFKFKY
SF15SBDX,DSAFYI
SF15SBDX,TJGDMF
SF15SBDX,PGOMLJ
SF15XVVB,TJPIKQ
SF15XVVB,SFHERQ
SF15XVVB,SFRDII
SF15XVVB,DNTXOD
SF15XVVB,TJGDMF
SF15EBLD,SFHERQ
SF15EBLD,SFXEQR
SF15EBLD,SFVHKO
SF15PCUI,SFHERQ
SF15PCUI,SFNWEV
SF15PCUI,SFXEQR
SF15PCUI,TJGDMF
SF15MASD,SFHERQ
SF15MASD,SFWTCL
SF15MASD,TJGDMF
SF15MASD,DNSVRR
SF15GFJB,DDKVSX
SF15GFJB,SFHERQ
SF15GFJB,DNNSOC
SF15GFJB,PGBJRE
SF15AUHI,SFHERQ
SF15AUHI,SFWTCL
SF15AUHI,DNSVRR
SF15AUHI,TJGDMF
SF15EHEL,XMIOPG
SF15EHEL,SFXJNT
SF15EHEL,SFXEQR
SF15TDQH,SFXJNT
SF15TDQH,SFHERQ
SF15TDQH,DNNSOC
SF15TDQH,DDBVFC
SF15TDQH,OZSOMQ
SF15ORKE,XMAFNC
SF15ORKE,DNKCVN
SF15ORKE,SFXEQR
SF15CUCW,SFWXAU
SF15CUCW,TJGDMF
SF15CUCW,SFWTCL
SF15CUCW,DNSVRR
SF15TYYH,SFWXAU
SF15TYYH,SFHERQ
SF15TYYH,SFXEQR
SF15TYYH,DNSVRR
SF15TYYH,XMMLMN
SF15TYYH,TJGDMF
SF15WUXF,SFHERQ
SF15WUXF,SFGHQR
SF15WUXF,SFXEQR
SF15WUXF,DSAFYI
SF15SFVX,SFHERQ
SF15SFVX,SFXEQR
SF15SFVX,SFXJNT
SF15TTPF,PGLSBR
SF15TTPF,SFXJNT
SF15DGAW,TCPHOV
SF15DGAW,SFXEQR
SF15DGAW,DNIMNG
SF15DGAW,TCPMBP
SF15DGAW,DSAFYI
SF15YGOX,SFHERQ
SF15YGOX,SFWTCL
SF15YGOX,TJGDMF
SF15YGOX,DNSVRR
SF15VNII,SFWXAU
SF15VNII,PGHFIE
SF15VNII,TJGDMF
SF15VNII,DNSVRR
SF15VNII,QQDNHA
SF15CVFX,SFVHKO
SF15CVFX,SFHERQ
SF15CVFX,SFWTCL
SF15ULQP,DNDIKQ
SF15ULQP,PGBJRE
SF15ULQP,DNXTXO
SF15ULQP,DDKVSX
SF15YOXP,TJTDRY
SF15YOXP,SFGHQR
SF15YOXP,QQAJZJ
SF15VLCK,SFHERQ
SF15VLCK,SFXJNT
SF15VLCK,SFXEQR
SF15VLCK,SFWTCL
SF15VLCK,DNIMNG
SF15ECYN,SFONDZ
SF15ECYN,SFWTCL
SF15ECYN,DNGKDP
SF15ECYN,XMNXYO
SF15UGYL,DSCODQ
SF15UGYL,DDWJGG
SF15UGYL,DDONNA
SF15UGYL,DDHNJG
SF15UGYL,DNNSOC
SF15KWDE,SFHERQ
SF15KWDE,DDBVFC
SF15KWDE,SFXEQR
SF15KWDE,TCPMBP
SF15XFUH,SFWXAU
SF15XFUH,SFQBNI
SF15XFUH,PGHFIE
SF15XFUH,QQDNHA
SF15XFUH,DNSVRR
SF15XZTL,SFHERQ
SF15XZTL,SFXJNT
SF15XZTL,QQAJZJ
SF15MXCJ,DDBVFC
SF15MXCJ,TJTDRY
SF15MXCJ,DNGKDP
SF15MXCJ,DDNATV
SF15VPRK,NMKJIA
SF15VPRK,TJGDMF
SF15VPRK,DDPTBQ
SF15VPRK,DNGKDP
SF15VPRK,SFHPQZ
SF15VPRK,QQDNHA
SF15BRYF,DNIMNG
SF15BRYF,SFRDII
SF15BRYF,UFKOQL
SF15BRYF,TCPMBP
SF15TOSL,DNMIGT
SF15TOSL,SFWTCL
SF15TOSL,SFWXAU
SF15TOSL,TJGDMF
SF15GQMK,SFHZQC
SF15GQMK,SFXEQR
SF15GQMK,DSAFYI
SF15GQMK,SFGHQR
SF15YUMM,SFWXAU
SF15YUMM,SFHERQ
SF15YUMM,DNKXCW
SF15YUMM,TJGDMF
SF15YUMM,SFWTCL
SF15DJVT,SFHERQ
SF15DJVT,SFXJNT
SF15DJVT,QQAJZJ
SF15BOUH,DNKXCW
SF15BOUH,TJGDMF
SF15BOUH,DDBVFC
SF15CNHQ,XMAFNC
SF15CNHQ,SFHERQ
SF15CNHQ,SFXEQR
SF15CNHQ,SFVHKO
SF15QFUZ,SFHERQ
SF15QFUZ,SFWTCL
SF15QFUZ,DDBVFC
SF15QFUZ,SFVHKO
SF15EYGK,SFWXAU
SF15EYGK,SFHERQ
SF15EYGK,SFWTCL
SF15EYGK,DNSVRR
SF15EYGK,TJGDMF
SF15UYZI,SFWTCL
SF15UYZI,XMCRTZ
SF15UYZI,XMNXYO
SF15UYZI,DDKVSX
SF15UYZI,DNSVRR
SF15FBJS,TJPIKQ
SF15FBJS,TJGDMF
SF15FBJS,PGHFIE
SF15FBJS,QQAJZJ
SF15FBJS,DDBVFC
SF15FBJS,SFRZPA
SF15JFGL,XMAFNC
SF15JFGL,PGHFIE
SF15JFGL,SFFVDS
SF15JSGQ,SFHERQ
SF15JSGQ,SFRDII
SF15TCEZ,SFHERQ
SF15TCEZ,SFWTCL
SF15TCEZ,SFDPPJ
SF15TCEZ,DNJEXJ
SF15TFFF,NMKJIA
SF15TFFF,DDUPML
SF15TFFF,PGHFIE
SF15TFFF,DNGKDP
SF15TFFF,SFWXAU
SF15FDPC,NMKJIA
SF15FDPC,QQIBYU
SF15FDPC,PGHFIE
SF15FDPC,DNGKDP
SF15FDPC,SFHPQZ
SF15RYAH,SFWXAU
SF15RYAH,TJGDMF
SF15RYAH,DDHNJG
SF15RYAH,SFPWTA
SF15VKIK,SFABDD
SF15VKIK,DNMHEO
SF15VKIK,TJYMUE
SF15SBFN,SFHERQ
SF15SBFN,SFXJNT
SF15SBFN,DDBVFC
SF15SBFN,DNNSOC
SF15MBFH,SFHERQ
SF15MBFH,SFXJNT
SF15MBFH,SFXEQR
SF15MBFH,DNWTSM
SF15YXRL,DDKVSX
SF15YXRL,SFHERQ
SF15YXRL,SFRDII
SF15YXRL,SFPWTA
SF15SMUW,SFHHOS
SF15SMUW,SFXEQR
SF15SMUW,XMMLMN
SF15SMUW,PGBJRE
SF15SMUW,DNPELC
SF15ZTCN,DNDIKQ
SF15ZTCN,SFHERQ
SF15ZTCN,SFXEQR
SF15ZTCN,SFKJIH
SF15ZTCN,SFVHKO
SF15DJKO,TCPHOV
SF15DJKO,PGLSBR
SF15DJKO,DNKXCW
SF15DJKO,DSAFYI
SF15FANN,SFWXAU
SF15FANN,SFHERQ
SF15FANN,TJGDMF
SF15FANN,DNJEXJ
SF15FANN,SFRDII
SF15YWTK,DDSKTM
SF15YWTK,PGHFIE
SF15YWTK,SFWXAU
SF15BEAD,DSAFYI
SF15BEAD,DNKXCW
SF15BEAD,TJGDMF
SF15BEAD,SFGHQR
SF15WPLP,SFWXAU
SF15WPLP,SFHERQ
SF15WPLP,SFKFKY
SF15WPLP,DNSVRR
SF15WPLP,TJGDMF
SF15NYTZ,QQAJZJ
SF15NYTZ,SFHERQ
SF15NYTZ,SFXJNT
SF15NYTZ,DDKVSX
SF15BJAF,DNNRZI
SF15BJAF,DDKVSX
SF15BJAF,XMGNAN
SF15BJAF,SFVHKO
SF15AKAP,SFWXAU
SF15AKAP,TJGDMF
SF15AKAP,DNXTXO
SF15BPLL,SFHERQ
SF15BPLL,SFXEQR
SF15BPLL,SFUMNS
SF15BPLL,DNTXOD
SF15FKIV,SFHERQ
SF15FKIV,DNXTXO
SF15FKIV,DSAFYI
SF15CTFP,DSAFYI
SF15CTFP,DDKVSX
SF15CTFP,DNKXCW
SF15CTFP,TJNLID
SF15CTFP,DDRPNG
SF15EHUB,SFHERQ
SF15EHUB,SFUMNS
SF15EHUB,DDKVSX
SF15EHUB,XMRIEZ
SF15EHUB,TJGDMF
SF15CXUD,SFHERQ
SF15CXUD,SFWTCL
SF15CXUD,SFQBNI
SF15CXUD,DDKVSX
SF15CXUD,DNTXOD
SF15ENJO,SFHERQ
SF15ENJO,SFWTCL
SF15ENJO,SFKJIH
SF15ATBT,SFHERQ
SF15ATBT,SFXEQR
SF15ATBT,SFWTCL
SF15ATBT,DNSVRR
SF15TBLG,PGLSBR
SF15TBLG,DNJEXJ
SF15TBLG,SFRDII
SF15TBLG,SFWXAU
SF15JYZU,SFHERQ
SF15JYZU,SFXEQR
SF15JYZU,SFONDZ
SF15JYZU,DNNRZI
SF15OXNA,SFHZQC
SF15OXNA,DSAFYI
SF15OXNA,XMAFNC
SF15OXNA,SFXEQR
SF15OXNA,SFGHQR
SF15IYBI,SFXEQR
SF15IYBI,SFHERQ
SF15IYBI,DNOENI
SF15IYBI,TJGDMF
SF15BQOV,SFGHQR
SF15BQOV,DNKXCW
SF15BQOV,SFWXAU
SF15BQOV,DSAFYI
SF15BQOV,LFPDGV
SF15MZEQ,SFFVZI
SF15MZEQ,SFWTCL
SF15MZEQ,SFONDZ
SF15MZEQ,SFPWTA
SF15MZEQ,QQAJZJ
SF15MZEQ,SFDPPJ
SF15VGNS,SFHERQ
SF15VGNS,SFWTCL
SF15VGNS,DNNRZI
SF15VGNS,SFWXAU
SF15PORA,SFHERQ
SF15PORA,SFXJNT
SF15PORA,SFXEQR
SF15PORA,DSAFYI
SF15PORA,PGBJRE
SF15PORA,DNNRZI
SF15NVNQ,SFHERQ
SF15NVNQ,SFXJNT
SF15NVNQ,SFXEQR
SF15NVNQ,DSAFYI
SF15NVNQ,DNNRZI
SF15XGPE,SFABDD
SF15XGPE,SFHHOS
SF15XGPE,SFNWEV
SF15XGPE,QQAJZJ
SF15XGPE,TJZMSI
SF15LGEY,DNMIGT
SF15LGEY,SFXEQR
SF15PTMX,SFGHQR
SF15PTMX,DSAFYI
SF15PTMX,PGBJRE
SF15PTMX,DNNRZI
SF15XAYN,DDUUCC
SF15XAYN,DSAFYI
SF15XAYN,SFQBNI
SF15XAYN,DNNSOC
SF15XAYN,TJGDMF
SF15KLPI,XMFOYC
SF15KLPI,EIUVHF
SF15KLPI,DSAFYI
SF15KLPI,PGBJRE
SF15FEJZ,SFWXAU
SF15FEJZ,SFXEQR
SF15FEJZ,SFONDZ
SF15FEJZ,SFWTCL
SF15FEJZ,PGOMLJ
SF15ADVK,SFONDZ
SF15ADVK,SFWTCL
SF15ADVK,SFPWTA
SF15ADVK,SFFVZI
SF15DSUI,SFXJNT
SF15DSUI,SFHERQ
SF15DSUI,DNXTXO
SF15DSUI,SFONDZ
SF15DSUI,DSAFYI
SF15SDSQ,SFWXAU
SF15SDSQ,SFUMNS
SF15SDSQ,SFONDZ
SF15SDSQ,SFPWTA
SF15SDSQ,EIDIZF
SF15HJZQ,XMRIEZ
SF15HJZQ,XMMLMN
SF15HJZQ,XMNXYO
SF15HJZQ,QQAJZJ
SF15SQVS,SFHZQC
SF15SQVS,SFABDD
SF15SQVS,DSAFYI
SF15SQVS,DNTXOD
SF15PWOK,TCPHOV
SF15PWOK,DSAFYI
SF15PWOK,DNXTXO
SF15PWOK,SFWXAU
SF15WVUQ,SFHERQ
SF15WVUQ,SFXEQR
SF15WVUQ,SFONDZ
SF15WVUQ,DNNSOC
SF15WVUQ,XMMLMN
SF15SZSP,TJPIKQ
SF15SZSP,TJPYYJ
SF15SZSP,SFXEQR
SF15SZSP,DNOENI
SF15GCIZ,SFHERQ
SF15GCIZ,SFXEQR
SF15GCIZ,PGBJRE
SF15GCIZ,DSAFYI
SF15KBCV,SFHERQ
SF15KBCV,SFXEQR
SF15KBCV,SFQBNI
SF15KBCV,OZSOMQ
SF15KBCV,DNOENI
SF15ACWO,TCPHOV
SF15ACWO,DSAFYI
SF15ACWO,SFGHQR
SF15QIUF,SFQBNI
SF15QIUF,SFXEQR
SF15QIUF,SFWXAU
SF15QIUF,DNOENI
SF15QIUF,QQAJZJ
SF15PPNC,SFHERQ
SF15PPNC,SFQBNI
SF15PPNC,SFXEQR
SF15PPNC,OZSOMQ
SF15PPNC,QQAJZJ
SF15QAYT,TJPYYJ
SF15QAYT,SFQBNI
SF15QAYT,DSAFYI
SF15QAYT,SFXEQR
SF15VZHU,SFABDD
SF15VZHU,SFHZQC
SF15VZHU,DSAFYI
SF15TVSW,SFQBNI
SF15TVSW,EIUVHF
SF15TVSW,SFNWEV
SF15WXBZ,SFGHQR
SF15WXBZ,DSAFYI
SF15WXBZ,DNNSOC
SF15WXBZ,DDKVSX
SF15ASZF,XMFOYC
SF15ASZF,SFHZQC
SF15ASZF,XMOTTJ
SF15WITY,XMIUBV
SF15WITY,SFQBNI
SF15WITY,DNNSOC
SF15KTKD,XMAUVI
SF15KTKD,TJZMSI
SF15KTKD,SFHHOS
SF15KTKD,SFEINB
SF15KTKD,QQAJZJ
SF15OHFS,SFABDD
SF15OHFS,SFQBNI
SF15OHFS,OZSOMQ
SF15DDOT,SFXJNT
SF15DDOT,SFHERQ
SF15DDOT,DNSVRR
SF15AKSF,DDKVSX
SF15AKSF,SFXJNT
SF15AKSF,SFUMNS
SF15AKSF,DNNRZI
SF15SPHX,SFXJNT
SF15SPHX,SFONDZ
SF15SPHX,DSAFYI
SF15SPHX,DNWTSM
SF15QNEO,SFWXAU
SF15QNEO,SFHERQ
SF15QNEO,SFXEQR
SF15QNEO,QQAJZJ
SF15KKLW,SFGHQR
SF15KKLW,DSAFYI
SF15KKLW,QQIBYU
SF15QXWC,DSAFYI
SF15QXWC,DDZAVC
SF15QXWC,DDRPNG
SF15WWOE,QQAJZJ
SF15OETS,SFWXAU
SF15OETS,SFHERQ
SF15OETS,SFPWTA
SF15OETS,SFGHQR
SF15RUTC,SFWXAU
SF15RUTC,SFHERQ
SF15RUTC,SFXEQR
SF15RUTC,DNHKAQ
SF15UANN,SFXJNT
SF15UANN,DNWTSM
SF15UANN,SFXEQR
SF15JKEL,TJYMUE
SF15JKEL,DDKVSX
SF15JKEL,SFGHQR
SF15AZNK,SFABDD
SF15AZNK,DDKVSX
SF15AZNK,TJYMUE
SF15PKXW,DNDIKQ
SF15PKXW,PGBJRE
SF15PKXW,SFNWEV
SF15PKXW,XMIMXS
SF15PKXW,DDKVSX
SF15PKXW,UFKRXK
SF15VNFO,DNMIGT
SF15VNFO,SFKJIH
SF15VNFO,OZSOMQ
SF15PYJH,SFXEQR
SF15PYJH,QQAJZJ
SF15PYJH,DNWTSM
SF15WBRW,UFKRXK
SF15WBRW,TJPYYJ
SF15WBRW,SFRDII
SF15OROD,DDKVSX
SF15OROD,TJYMUE
SF15ICJW,XMIUBV
SF15ICJW,XMFOYC
SF15ICJW,DNTXOD
SF15KYAX,DNUBYC
SF15KYAX,TJYMUE
SF15KYAX,QQAJZJ
SF15NPJM,PGBJRE
SF15NPJM,XMIOPG
SF15NPJM,SFXJNT
SF15NPJM,XMJVQT
SF15NPJM,DSAFYI
SF15DUDG,SFWTCL
SF15DUDG,SFQBNI
SF15DUDG,DSAFYI
SF15IENN,SFHERQ
SF15IENN,SFXJNT
SF15IENN,SFUMNS
SF15IENN,DNOENI
SF15IENN,SFWTCL
SF16YHGN,SFQBNI
SF16YHGN,SFABDD
SF16YHGN,SFONDZ
SF16FDVB,SFABDD
SF16FDVB,SFQBNI
SF16GSZM,SFABDD
SF16GSZM,TJPIKQ
SF16GSZM,DDBVFC
SF16MLZQ,SFONDZ
SF16MLZQ,SFABDD
SF16MLZQ,DDWJGG
SF16BNVY,TJPIKQ
SF16BNVY,DDWJGG
SF16BNVY,SFUMNS
SF16FUOK,SFABDD
SF16FUOK,SFHHOS
SF16FUOK,SFQBNI
SF16BCGZ,SFABDD
SF16BCGZ,SFQBNI
SF16BCGZ,SFHHOS
SF16MEWD,DDWJGG
SF16MEWD,SFABDD
SF16MEWD,SFONDZ
SF16HAPJ,SFWXAU
SF16HAPJ,SFABDD
SF16HAPJ,SFUMNS
SF16BJMV,SFABDD
SF16BJMV,SFFVZI
SF16BJMV,SFONDZ
SF16BMUD,SFWXAU
SF16BMUD,OZSOMQ
SF16BMUD,SFKFKY
SF16OFHY,SFXEQR
SF16OFHY,SFONDZ
SF16OFHY,SFFVZI
SF16BCWY,DDBVFC
SF16BCWY,SFONDZ
SF16BCWY,TJNLID
SF16BTRU,SFONDZ
SF16BTRU,SFHHOS
SF16VKCU,SFABDD
SF16VKCU,SFQBNI
SF16VKCU,SFONDZ
SF16SGEX,SFHERQ
SF16SGEX,SFABDD
SF16SGEX,SFONDZ
SF16CBJV,SFHERQ
SF16CBJV,SFONDZ
SF16AQGZ,DDHMRB
SF16AQGZ,SFABDD
SF16AQGZ,SFONDZ
SF16VTTB,SFABDD
SF16VTTB,SFQBNI
SF16VTTB,SFONDZ
SF16AUVZ,SFHERQ
SF16AUVZ,SFONDZ
SF16YNWZ,SFONDZ
SF16YNWZ,SFABDD
SF16PBEV,DDHMRB
SF16PBEV,SFONDZ
SF16IXMZ,SFUMNS
SF16IXMZ,SFABDD
SF16IXMZ,SFONDZ
SF16SOJB,SFQBNI
SF16SOJB,SFABDD
SF16SOJB,SFONDZ
SF16YFOL,SFQBNI
SF16YFOL,SFABDD
SF16YFOL,SFONDZ
SF16AJLH,SFQBNI
SF16AJLH,SFONDZ
SF16VBRY,SFONDZ
SF16VBRY,SFABDD
SF16VBRY,SFHHOS
SF16YUQS,SFONDZ
SF16YUQS,SFWXAU
SF16KMZJ,SFUMNS
SF16KMZJ,SFQBNI
SF16FCPQ,SFONDZ
SF16FCPQ,SFABDD
SF16FCPQ,DDWJGG
SF16NBWN,SFUMNS
SF16NBWN,SFHZQC
SF16KIKC,TCPHOV
SF16KIKC,DDWJGG
SF16KIKC,SFONDZ
SF16WCVG,SFABDD
SF16WCVG,SFONDZ
SF16WCVG,DDWJGG
SF16AOGW,SFABDD
SF16AOGW,XMIOPG
SF16AOGW,SFONDZ
SF16VYOW,SFABDD
SF16VYOW,SFONDZ
SF16VYOW,DDWJGG
SF16PHBM,SFONDZ
SF16PHBM,DDBVFC
SF16JUQF,DDWJGG
SF16JUQF,SFABDD
SF16JUQF,SFHHOS
SF16SJRH,SFHZQC
SF16SJRH,SFUMNS
SF16ICAM,SFHERQ
SF16ICAM,SFQBNI
SF16ICAM,SFONDZ
SF16IOVS,SFVHKO
SF16IOVS,SFABDD
SF16NVDD,SFABDD
SF16NVDD,SFHERQ
SF16NVDD,SFONDZ
SF16KNTE,TCPHOV
SF16KNTE,SFONDZ
SF16NBIV,SFHERQ
SF16NBIV,SFABDD
SF16NBIV,SFONDZ
SF16VAXE,DDVQGR
SF16VAXE,SFABDD
SF16VAXE,XMGNAN
SF16OERU,SFABDD
SF16OERU,SFHHOS
SF16OERU,SFQBNI
SF16TRBE,SFQBNI
SF16TRBE,SFABDD
SF16TRBE,SFONDZ
SF16XCZP,SFQBNI
SF16XCZP,SFHHOS
SF16NGOV,SFHZQC
SF16NGOV,SFABDD
SF16NGOV,PGBJRE
SF16HWIJ,SFQBNI
SF16HWIJ,SFONDZ
SF16HWIJ,SFHHOS
SF16QXAF,DDBVFC
SF16ABVL,SFHHOS
SF16ABVL,SFABDD
SF16LQNQ,SFABDD
SF16LQNQ,SFFVZI
SF16LQNQ,SFONDZ
SF16RDGK,SFUMNS
SF16RDGK,SFABDD
SF16RDGK,SFONDZ
SF16RDGK,SFHHOS
SF16MZAN,SFWXAU
SF16MZAN,SFHHOS
SF16GKMX,SFABDD
SF16GKMX,SFWXAU
SF16GKMX,SFONDZ
SF16XIZM,TCPHOV
SF16XIZM,SFQBNI
SF16GWFJ,SFQBNI
SF16GWFJ,SFABDD
SF16GWFJ,SFHHOS
SF16SAIX,XMMLMN
SF16SAIX,SFUMNS
SF16SAIX,SFONDZ
SF16YNJJ,DDKVSX
SF16YNJJ,SFQBNI
SF16YNJJ,XMBELY
SF16JTNW,SFABDD
SF16JTNW,SFONDZ
SF16JTNW,DDBVFC
SF16COVU,SFABDD
SF16COVU,SFQBNI
SF16COVU,DDKVSX
SF16MIJS,PGBJRE
SF16MIJS,SFQBNI
SF16CFGB,XMIOPG
SF16CFGB,PGBJRE
SF16CFGB,SFHHOS
SF16CFGB,DDKVSX
SF16IRQI,SFABDD
SF16IRQI,SFQBNI
SF16IRQI,PGBJRE
SF16IRQI,DDWJGG
SF16VTFC,SFABDD
SF16VTFC,SFWXAU
SF16VTFC,SFONDZ
SF16XFLU,SFHZQC
SF16XFLU,XMIOPG
SF16XFLU,SFONDZ
SF16JJSM,SFABDD
SF16JJSM,SFQBNI
SF16JJSM,PGBJRE
SF16JJSM,DDKVSX
SF16MPBK,SFUMNS
SF16MPBK,SFONDZ
SF16IQVU,DDHMRB
SF16IQVU,SFHHOS
SF16IQVU,SFONDZ
SF16JSTH,TCPHOV
SF16JSTH,XMIOPG
SF16JSTH,PGBJRE
SF16JSTH,DDWJGG
SF16VGHL,SFQBNI
SF16VGHL,DDBVFC
SF16AVNT,SFABDD
SF16AVNT,SFONDZ
SF16AVNT,DDWJGG
SF16UWNA,SFABDD
SF16UWNA,DDVQGR
SF16UWNA,SFQBNI
SF16PSWY,SFABDD
SF16PSWY,SFONDZ
SF16MURB,SFABDD
SF16MURB,XMMLMN
SF16MURB,SFQBNI
SF16AJZM,SFUMNS
SF16AJZM,SFONDZ
SF16FJLM,SFABDD
SF16FJLM,XMGNAN
SF16FJLM,XMMLMN
SF16BEZJ,SFABDD
SF16BEZJ,SFQBNI
SF16BEZJ,SFONDZ
SF16SFZO,SFABDD
SF16SFZO,XMMLMN
SF16SFZO,XMGNAN
SF16QVWT,SFQBNI
SF16QVWT,SFABDD
SF16OBHX,SFABDD
SF16OBHX,SFHERQ
SF16OBHX,SFONDZ
SF16MUUN,DDHMRB
SF16MUUN,SFABDD
SF16IWSX,SFWXAU
SF16NEFO,SFQBNI
SF16NEFO,SFABDD
SF16NEFO,SFONDZ
SF16JOLU,SFQBNI
SF16JOLU,SFABDD
SF16OPNJ,SFABDD
SF16OPNJ,SFONDZ
SF16SXZA,SFUMNS
SF16SXZA,XMBELY
SF16UQFI,SFABDD
SF16UQFI,TJPIKQ
SF16PUHH,SFABDD
SF16PUHH,SFHHOS
SF16OHRV,DDVQGR
SF16OHRV,SFONDZ
SF16EDWR,SFABDD
SF16EDWR,SFQBNI
SF16EDWR,PGBJRE
SF16LKCF,SFABDD
SF16LKCF,SFQBNI
SF16MIPI,SFABDD
SF16MIPI,SFHHOS
SF16HSQT,SFQBNI
SF16HSQT,DDWJGG
SF16KNYI,SFQBNI
SF16KNYI,DDVQGR
SF16WVUY,TCPHOV
SF16WVUY,DDVQGR
SF16WVUY,XMGNAN
SF16YPAF,SFABDD
SF16YPAF,GZLKZQ
SF16RBWM,SFHHOS
SF16RBWM,SFWXAU
SF16OFRA,TCPHOV
SF16OFRA,SFABDD
SF16OFRA,SFONDZ
SF16OFRA,DDWJGG
SF16THCE,SFABDD
SF16THCE,TJGDMF
SF16VYJG,DDBVFC
SF16VYJG,SFABDD
SF16VYJG,SFONDZ
SF16SFZW,SFWXAU
SF16SFZW,SFHHOS
SF16BFDB,SFONDZ
SF16BFDB,SFHHOS
SF16KVEH,DDVQGR
SF16KVEH,SFABDD
SF16KVEH,TJGDMF
SF16AQGS,SFHHOS
SF16AQGS,SFABDD
SF16JVXW,TJGDMF
SF16JVXW,SFWXAU
SF16ETAI,TCPHOV
SF16ETAI,SFQBNI
SF16ETAI,SFONDZ
SF16QPDA,DDHMRB
SF16QPDA,SFABDD
SF16QPDA,SFHHOS
SF16BFXH,PGLSBR
SF16BFXH,SFABDD
SF16BFXH,DDBVFC
SF16OTFZ,TCPHOV
SF16OTFZ,SFHERQ
SF16OTFZ,SFONDZ
SF16DRNY,XMGNAN
SF16DRNY,SFHHOS
SF16PCDK,SFQBNI
SF16PCDK,DDVQGR
SF16PCDK,SFHHOS
SF16QZWD,SFQBNI
SF16QZWD,SFABDD
SF16ZCPJ,SFUMNS
SF16ZCPJ,SFQBNI
SF16ZCPJ,SFHHOS
SF16KQLS,SFHHOS
SF16KQLS,SFONDZ
SF16NIXV,SFONDZ
SF16NIXV,SFABDD
SF16NIXV,SFQBNI
SF16EALT,SFABDD
SF16EALT,SFONDZ
SF16ZDET,SFQBNI
SF16ZDET,SFABDD
SF16ZDET,SFHHOS
SF16OJMX,SFONDZ
SF16OJMX,SFABDD
SF16VZYJ,SFONDZ
SF16VZYJ,SFHHOS
SF16YLKF,DDBVFC
SF16YLKF,SFABDD
SF16YLKF,SFONDZ
SF16XVAA,SFABDD
SF16XVAA,SFHHOS
SF16ELTG,DDVQGR
SF16ELTG,SFABDD
SF16ELTG,SFONDZ
SF16OQUF,SFABDD
SF16OQUF,SFONDZ
SF16OQUF,SFWXAU
SF16DKWF,SFABDD
SF16DKWF,TJGDMF
SF16XVLA,SFABDD
SF16XVLA,SFONDZ
SF17HLKU,DNDIKQ
SF17HLKU,DDWJGG
SF17CHJW,DNKCVN
SF17CHJW,OZSOMQ
SF17DTCM,DNMIGT
SF17DTCM,DDWJGG
SF17JKHS,DDVQGR
SF17JKHS,DNKCVN
SF17LJAS,DDVQGR
SF17LJAS,DNJNPL
SF17VAIX,DNMIGT
SF17VAIX,DDWJGG
SF17FGTZ,DDKVSX
SF17FGTZ,DNRPKM
SF17XPEL,DNDIKQ
SF17XPEL,DDWJGG
SF17WHQD,DNMIGT
SF17WHQD,DDBVFC
SF17DATI,DDHMRB
SF17DATI,DNRPKM
SF17DATI,SFMUVI
SF17MLAD,DDVQGR
SF17MLAD,DNUBYC
SF17FZUH,DNUBYC
SF17FZUH,DDBVFC
SF17FZUH,OZSOMQ
SF17ICSO,DNRPKM
SF17ICSO,DDVQGR
SF17PDHY,DNUBYC
SF17PDHY,DDWJGG
SF17PDHY,DDUPUE
SF17ULVJ,DNRPKM
SF17ULVJ,DDVQGR
SF17KFKR,DDVQGR
SF17KFKR,DNJNPL
SF17OXOG,DDBVFC
SF17OXOG,DNUBYC
SF17KGYO,DDBVFC
SF17KGYO,DNMHEO
SF17KGYO,DDKKPI
SF17CXMN,DDVQGR
SF17CXMN,DNRPKM
SF17EIZM,DDWJGG
SF17LMGD,DDBVFC
SF17DAQQ,DDBVFC
SF17DAQQ,DNUBYC
SF17PVWE,DNMIGT
SF17PVWE,DDKVSX
SF17OIRE,DDVQGR
SF17OIRE,DNUBYC
SF17VRNZ,DNDIKQ
SF17CKQX,DDWJGG
SF17CKQX,DNMHEO
SF17JWKC,DDVQGR
SF17JWKC,DNUBYC
SF17YVLO,DDVQGR
SF17YVLO,EIDIZF
SF17YIQU,DDHMRB
SF17YIQU,DNUBYC
SF17YIQU,TJGDMF
SF17VAJA,DNUBYC
SF17VAJA,OZSOMQ
SF17VAJA,DDBVFC
SF17JIBE,DNUBYC
SF17JIBE,TJGDMF
SF17JIBE,DDKVSX
SF17VVUQ,DDHMRB
SF17VVUQ,DNUBYC
SF17WCBF,DDVQGR
SF17WCBF,EIDIZF
SF17AVJM,DDVQGR
SF17AVJM,DNUBYC
SF17GCOB,DNUBYC
SF17GCOB,DDWJGG
SF17GCOB,TJGDMF
SF17KTFJ,DDWJGG
SF17KTFJ,DNMHEO
SF17WYZR,DDHMRB
SF17WYZR,DNRPKM
SF17XIJR,DNMIGT
SF17YQTL,DNPUEO
SF17YQTL,DDBVFC
SF17METY,DDKVSX
SF17METY,DNUBYC
SF17LVFO,DDHMRB
SF17LVFO,DNUBYC
SF17MQCQ,DDBVFC
SF17MQCQ,DNMHEO
SF17MQDU,DDBVFC
SF17VEHO,DDHMRB
SF17VEHO,DNUBYC
SF17VEHO,SFMUVI
SF17HYJV,DNITCO
SF17EIRX,DDHMRB
SF17EIRX,DNPUEO
SF17PZJF,DDVQGR
SF17PZJF,DNVUSE
SF17TAKV,DDKVSX
SF17TAKV,DNRPKM
SF17BRUQ,DDVQGR
SF17BRUQ,DNJNPL
SF17FZVF,DDBVFC
SF17FZVF,DNVUSE
SF17WFEM,DDVQGR
SF17GJHU,DNUBYC
SF17GJHU,DDKVSX
SF17GJHU,DNOENI
SF17PXWR,DDVQGR
SF17PXWR,DNUBYC
SF17CXOK,SFMUVI
SF17CXOK,DNMHEO
SF17CXOK,DDBVFC
SF17AYFV,DNDIKQ
SF17AYFV,DDBVFC
SF17RNMO,DDVQGR
SF17RNMO,DNKCVN
SF17MNLS,DNITCO
SF17MNLS,DDBVFC
SF17JCEP,DDBVFC
SF17JCEP,DNKCVN
SF17CQXW,DNMHEO
SF17MJPI,DNVUSE
SF17MJPI,DDWJGG
SF17EDQP,DNMIGT
SF17EDQP,DDBVFC
SF17EDQP,OZSOMQ
SF17MNHD,DNVUSE
SF17MNHD,DDVQGR
SF17ACHZ,DNDIKQ
SF17ACHZ,DDBVFC
SF17ECCM,DNITCO
SF17ECCM,DDKVSX
SF17RJUN,DDVQGR
SF17RJUN,DNUBYC
SF17PYYE,DDWJGG
SF17PYYE,DNKCVN
SF17EDNG,DDKVSX
SF17EDNG,DNPUEO
SF17UGPV,DNMIGT
SF17UGPV,DDWJGG
SF17TPSH,DNPUEO
SF17BFTH,DDWJGG
SF17BFTH,DNUBYC
SF17SNVH,DDVQGR
SF17GGUF,DDVQGR
SF17NJVE,DDKVSX
SF17NJVE,DNUBYC
SF17NJVE,SFXKJX
SF17QKDU,DDWJGG
SF17QKDU,DNJNPL
SF17BUXY,DDHMRB
SF17BUXY,DNUBYC
SF17ITSR,DDWJGG
SF17ITSR,DNJNPL
SF17TLYR,DDVQGR
SF17TLYR,PGBJRE
SF17PPNQ,DDBVFC
SF17ZBSN,DDVQGR
SF17ZBSN,DNUBYC
SF17YQRB,DDVQGR
SF17DQSB,DDHMRB
SF17DQSB,DNKCVN
SF17PZHL,DNMHEO
SF17PZHL,DDKVSX
SF17QEZD,DDHMRB
SF17QEZD,DNUBYC
SF17EMRZ,DNMHEO
SF17EMRZ,DDKVSX
SF17RKKG,DDVQGR
SF17RKKG,DNVUSE
SF17CJIO,DDVQGR
SF17CJIO,DNPUEO
SF17XPCV,DDKVSX
SF17XPCV,DNUBYC
SF17HZNY,DDHMRB
SF17HZNY,DNJNPL
SF17SJUJ,DDVQGR
SF17NRDI,DDBVFC
SF17NRDI,DNVUSE
SF17IGDA,DDVQGR
SF17IGDA,DNJNPL
SF17CMPN,DDWJGG
SF17CMPN,DNJNPL
SF17RKJD,DDWJGG
SF17RKJD,DNJNPL
SF17GOIB,DDWJGG
SF17GOIB,DNJNPL
SF17UNMN,DNMIGT
SF17UNMN,DDKVSX
SF17YVLX,DDHMRB
SF17YVLX,DNVUSE
SF17YOPY,DDVQGR
SF17YOPY,DNVUSE
SF17SJID,DNDIKQ
SF17SJID,DDBVFC
SF17YSJA,DNPUEO
SF17WPBB,DDWJGG
SF17WPBB,DNKCVN
SF17RHMY,DNMIGT
SF17WNQG,DNUBYC
SF17WNQG,UFEENI
SF17WNQG,DDBVFC
SF17OBWW,DDVQGR
SF17OBWW,PGBJRE
SF17PIYG,DNMIGT
SF17DIBS,DDVQGR
SF17DIBS,DNJNPL
SF17RIFT,DDVQGR
SF17RIFT,QQIBYU
SF17AVIF,DNMIGT
SF17AVIF,OZSOMQ
SF17FEFF,DDHMRB
SF17FEFF,DNJNPL
SF17AGNS,DDHMRB
SF17AGNS,DNJNPL
SF17ZEFN,DDKVSX
SF17ZEFN,DNPUEO
SF17ZEFN,SFVHKO
SF17PDTM,DDVQGR
SF17PDTM,PGBJRE
SF17PDTM,DNVUSE
SF17HXEX,DDWJGG
SF17HXEX,DNKCVN
SF17KZFU,DDVQGR
SF17KZFU,DNMHEO
SF17QUGZ,DDBVFC
SF17QUGZ,DNPUEO
SF17UKGD,DDWJGG
SF17XUUQ,DDVQGR
SF17XUUQ,DNUBYC
SF17OHPL,DNDIKQ
SF17WOOF,DNUBYC
SF17WOOF,TJGDMF
SF17SAGN,DDVQGR
SF17SAGN,DNUBYC
SF17GBAR,DDWJGG
SF17VMCY,DNUBYC
SF17VMCY,DDVQGR
SF17TVZL,DNPUEO
SF17FZJR,DNJNPL
SF17GPPM,DDBVFC
SF17LQMB,DDKVSX
SF17LQMB,DNPUEO
SF17GJHM,DNMHEO
SF17GJHM,DDKVSX
SF17WCHE,DDKVSX
SF17WCHE,DNUBYC
SF17WRWN,DDVQGR
SF17WRWN,DNMHEO
SF17TEOC,DDKVSX
SF17TEOC,DNPUEO
SF17YLNT,DDVQGR
SF17YLNT,DNJNPL
OZ15EEQH,EIXVMK
OZ15EEQH,DNNSOC
OZ15EEQH,FOBASL
OZ15NYUI,DNUBYC
OZ15NYUI,SFQBNI
OZ15NYUI,DDKKPI
OZ15GBBA,EIYFHW
OZ15GBBA,DNMHEO
OZ15GBBA,QQIBYU
OZ15WVYN,EIXVMK
OZ15WVYN,DNJEXJ
OZ15WVYN,DDKVSX
OZ15WVYN,FOBACS
OZ15YGIZ,XMIOPG
OZ15YGIZ,GZSFJX
OZ15YGIZ,SFKFKY
OZ15YGIZ,EIJCRU
OZ15TRLM,DNXTXO
OZ15TRLM,XMIHEO
OZ15TRLM,PGBJRE
OZ15DTNY,DNMIGT
OZ15DTNY,DDKVSX
OZ15DTNY,EIUVHF
OZ15UDKO,EIYFHW
OZ15UDKO,QQAJZJ
OZ15UDKO,OZNRWU
OZ15CJWO,DDBVFC
OZ15CJWO,DNKCVN
OZ15CJWO,EIUVHF
OZ15TDUW,EIXVMK
OZ15TDUW,EIUVHF
OZ15TDUW,DDBVFC
OZ15TDUW,DNOENI
OZ15AIAM,OZNRWU
OZ15AIAM,SFXEQR
OZ15AIAM,DDKVSX
OZ15OVOW,EIUVHF
OZ15OVOW,DNXTXO
OZ15OVOW,SFXEQR
OZ15OVOW,XMHIYP
OZ15GYUM,DNWTSM
OZ15GYUM,OZNRWU
OZ15GYUM,DNVUSE
OZ15GYUM,QQAJZJ
OZ15KMHM,SFWTCL
OZ15KMHM,SFAEYS
OZ15KMHM,SFONDZ
OZ15KMHM,DNGKDP
OZ15RTSJ,SFRDII
OZ15RTSJ,SFHPQZ
OZ15RTSJ,TCPMBP
OZ15VEFH,QQELSA
OZ15VEFH,DSAFYI
OZ15VEFH,SFRDII
OZ15ALMS,SFQBNI
OZ15ALMS,DNJNPL
OZ15ALMS,QQAJZJ
OZ15ALMS,SFONDZ
OZ15ALMS,SFWTCL
OZ15YXOH,EIUVHF
OZ15YXOH,EIZDZH
OZ15YXOH,EIYFHW
OZ15FHDK,EIJCRU
OZ15FHDK,EIDIZF
OZ15FHDK,DDKVSX
OZ15OAJU,EIXVMK
OZ15OAJU,EIJCRU
OZ15OAJU,DNVUSE
OZ15GXYD,DDSKTM
OZ15GMVB,EIJCRU
OZ15GMVB,EIUVHF
OZ15UEQI,DNUBYC
OZ15UEQI,DDBVFC
OZ15UEQI,TJSHXI
OZ15UEQI,TJYMUE
OZ15UEQI,EIDIZF
OZ15JKHC,SFQBNI
OZ15JKHC,EIUVHF
OZ15NGQM,TJYMUE
OZ15NGQM,DDVQGR
OZ15OXKF,XMRIEZ
OZ15OXKF,DNUBYC
OZ15OXKF,EIUVHF
OZ15OXKF,DDKVSX
OZ15SGYT,DSAAFM
OZ15SGYT,DSAFYI
OZ15SGYT,SFGHQR
OZ15UTVS,EIUVHF
OZ15UTVS,DNUBYC
OZ15YQXK,DSAAFM
OZ15YQXK,SFHPQZ
OZ15YQXK,SFRDII
OZ15YQXK,TCPMBP
OZ16MCMO,SFABDD
OZ16MCMO,OZNRWU
OZ16XAKA,SFABDD
OZ16XAKA,TJGDMF
OZ16XLFM,OZNRWU
OZ16XLFM,EIUVHF
OZ16XLFM,DDBVFC
OZ16JZQE,DNMHEO
OZ16JZQE,SFQBNI
OZ16JZQE,TJGDMF
OZ16ELTJ,DDVQGR
OZ16ELTJ,DNPUEO
OZ16ELTJ,EIUVHF
OZ16MVQA,SFABDD
OZ16MVQA,SFQBNI
OZ16KUGM,DDHMRB
OZ16KUGM,DDUPUE
OZ16VLAM,DNMHEO
OZ16VLAM,SFABDD
OZ16VLAM,EIUVHF
OZ16GMFS,SFQBNI
OZ16GMFS,OZNRWU
OZ16APPT,DNMIGT
OZ16APPT,SFABDD
OZ16APPT,TJGDMF
OZ16VXDP,DNPUEO
OZ16VXDP,TJPIKQ
OZ16FYTN,EIXVMK
OZ16FYTN,SFQBNI
OZ16JXOX,DNPUEO
OZ16JXOX,EIUVHF
OZ16GPDM,SFQBNI
OZ16GPDM,DNPUEO
OZ16GPDM,OZNRWU
OZ16ALLM,DDVQGR
OZ16ALLM,OZNRWU
OZ16SSKG,DNJNPL
OZ16SSKG,OZNRWU
OZ16KBDQ,DNJNPL
OZ16KBDQ,OZNRWU
OZ16LTJU,EIUVHF
OZ16LTJU,OZSOMQ
OZ16BALD,DNKCVN
OZ16BALD,DDWJGG
OZ16BALD,OZNRWU
OZ16STKU,DNDIKQ
OZ16STKU,SFUMNS
OZ16STKU,EIUVHF
OZ16UVLS,OZNRWU
OZ16UZLS,DNPUEO
OZ16UZLS,SFABDD
OZ16QSKP,DNITCO
OZ16QSKP,OZNRWU
OZ16HYIO,DNMIGT
OZ16HYIO,SFABDD
OZ16QESP,DDWJGG
OZ16QESP,SFONDZ
OZ16JFNE,SFQBNI
OZ16JFNE,EIUVHF
OZ16JFNE,TJGDMF
OZ16FKLO,EIXVMK
OZ16FKLO,DDWJGG
OZ16FKLO,EIUVHF
OZ16FWTT,DNITCO
OZ16FWTT,EIUVHF
OZ16FWTT,SFONDZ
OZ16FWTT,DDKVSX
OZ17AYSH,DNITCO
OZ17AYSH,DDVQGR
OZ17AYSH,OZNRWU
OZ17DEVU,DNITCO
OZ17FIGB,DDHMRB
OZ17FIGB,DNPUEO
OZ17BZNS,DNVUSE
OZ17BZNS,DDWJGG
OZ17BZNS,DNOENI
OZ17KJOO,DDWJGG
OZ17KJOO,DNPUEO
OZ17KJOO,OZNRWU
OZ17CPNS,DNDIKQ
OZ17CPNS,DDBVFC
OZ17SOBG,DDHMRB
OZ17SOBG,DNMHEO
OZ17OOXB,DDKVSX
OZ17OOXB,DNUBYC
OZ17QZDZ,DDHMRB
OZ17QZDZ,DNPUEO
OZ17QZDZ,OZNRWU
OZ17DYSP,DNITCO
OZ17DYSP,DDVQGR
OZ17IEYF,DDBVFC
OZ17IEYF,DNMHEO
OZ17WVUL,DDBVFC
OZ17QWWA,DNKCVN
OZ17QWWA,DDWJGG
OZ17MYIA,DNMIGT
OZ17MYIA,DDBVFC
OZ17JUTM,DNPUEO
OZ17JUTM,DDVQGR
OZ17JUTM,DNSVRR
OZ17MCRT,DNJNPL
OZ17MCRT,DDKVSX
OZ17EFRR,DNITCO
OZ17EFRR,DDVQGR
OZ17HGAK,DNMHEO
OZ17HGAK,DDVQGR
OZ17CAFH,DDHMRB
OZ17CAFH,DNPUEO
OZ17UZWE,DNMHEO
OZ17UZWE,DDBVFC
OZ17LPFA,DNKCVN
OZ17LPFA,DDBVFC
OZ17OUSV,DNITCO
OZ17OUSV,DDVQGR
OZ17WUSC,DDBVFC
OZ17GDWF,DDVQGR
OZ17GDWF,DNPUEO
OZ17GDWF,OZNRWU
OZ17PXGX,DDKVSX
OZ17PXGX,DNMHEO
OZ17MYBF,DNITCO
OZ17MYBF,DDVQGR
OZ17QNTI,DNITCO
OZ17QNTI,DDVQGR
OZ17QNTI,DNOENI
FO15XZMF,FORUPH
FO15XZMF,FOUVQA
FO15XZMF,TJZMSI
FO15XZMF,DNTXOD
FO15XZMF,FOPOAC
FO15XZMF,FOUVSH
FO15XZMF,UFCOVX
FO15QMQH,DDHMRB
FO15QMQH,QQELSA
FO15QMQH,FOXAXG
FO15QMQH,FOUVSH
FO15QMQH,DNNRZI
FO15JQSN,FOQDCN
FO15JQSN,FOXZDS
FO15JQSN,NMLQKI
FO15JQSN,FOUVSH
FO15JQSN,FOUVQA
FO15JQSN,FORUPH
FO15JQSN,DNOENI
FO15WSCG,FOUVSH
FO15WSCG,TCGSZI
FO15WSCG,FOHNNN
FO15WSCG,FOUVQA
FO15MGPC,FOUVQA
FO15MGPC,FOUVSH
FO15MGPC,TJGDMF
FO15MGPC,FORUPH
FO15MGPC,DNTXOD
FO15MGPC,DDKVSX
FO15NZVD,FORUPH
FO15NZVD,FOCRJC
FO15NZVD,TCPMBP
FO15NZVD,DSAFYI
FO15NZVD,FOMEQT
FO15NZVD,FOHNNN
FO15NZVD,DNOENI
FO15ZCCJ,FOUVSH
FO15ZCCJ,FOUBDO
FO15ZCCJ,FOXZDS
FO15ZCCJ,FOGTEV
FO15ZCCJ,QQAJZJ
FO15ZCCJ,DNOENI
FO15SZWU,DDHMRB
FO15SZWU,TJPYYJ
FO15SZWU,FOUVSH
FO15SZWU,DNNSOC
FO15SZWU,FOXZDS
FO15SZWU,FORUPH
FO15EKKB,TCPHOV
FO15EKKB,DNXTXO
FO15EKKB,TCGSZI
FO15EKKB,FOHNNN
FO15EKKB,FOUVQA
FO15EKKB,FOGFBQ
FO15BRIX,FOGFBQ
FO15BRIX,DNXTXO
FO15BRIX,TJZMSI
FO15BRIX,TJNLID
FO15BRIX,TCPHOV
FO15ACQL,FOUVSH
FO15ACQL,FODNVU
FO15ACQL,DNTXOD
FO15ACQL,QQDNHA
FO15ACQL,LFRDXJ
FO15ACQL,UMWORX
FO15YELK,DNNSOC
FO15YELK,FOUVSH
FO15YELK,FODNVU
FO15YELK,UMWORX
FO15YELK,QQAJZJ
FO15XLLC,DNKXCW
FO15XLLC,TJNLID
FO15XLLC,FOMEQT
FO15XLLC,FORUPH
FO15XLLC,FODNVU
FO15XLLC,FOPHSH
FO15EXOU,QQELSA
FO15EXOU,QQDNHA
FO15EXOU,DNTXOD
FO15EXOU,FODNVU
FO15EXOU,FOUVSH
FO15EXOU,LFRDXJ
FO15EXOU,UMWORX
FO15RAET,FOUVSH
FO15RAET,FOSMGN
FO15RAET,QQAJZJ
FO15RAET,TJZMSI
FO15LWKX,FOQDCN
FO15LWKX,FOUVSH
FO15LWKX,DNWTSM
FO15LWKX,TJGDMF
FO15LWKX,FOXZDS
FO15LWKX,QQAJZJ
FO15LWKX,FOUBDO
FO15XDYO,FOUVSH
FO15XDYO,FOSMGN
FO15XDYO,QQAJZJ
FO15XDYO,TJZMSI
FO15XDYO,FOXZDS
FO15VIDV,DNXTXO
FO15VIDV,FOXAXG
FO15VIDV,FOUVSH
FO15VIDV,TJZMSI
FO15VIDV,FORUPH
FO15VIDV,QQAJZJ
FO15OPYO,DNTXOD
FO15OPYO,TJGDMF
FO15OPYO,FOGFBQ
FO15OPYO,FOUBDO
FO15FFQF,DDWJGG
FO15FFQF,FOGFBQ
FO15FFQF,FOUVQA
FO15FFQF,DNNRZI
FO15FFQF,FOXAXG
FO15FFQF,FOUVSH
FO15KKAU,QQAJZJ
FO15KKAU,FOSMGN
FO15KKAU,FOUVSH
FO15KKAU,TJGDMF
FO15KKAU,FOXZDS
FO15WLMI,FOSMGN
FO15WLMI,FOUVSH
FO15WLMI,QQAJZJ
FO15WLMI,FOUBDO
FO15CQFJ,DDWJGG
FO15CQFJ,FOGFBQ
FO15CQFJ,FOXAXG
FO15CQFJ,FOUVSH
FO15CQFJ,DNNRZI
FO15CQFJ,FOUVQA
FO15OUKA,FOUVSH
FO15OUKA,GZDPDH
FO15OUKA,QQIBYU
FO15WPDM,FOKYSQ
FO15WPDM,PGGCLT
FO15WPDM,QQIBYU
FO15WPDM,FOIXVA
FO15WPDM,FODDBY
FO15CYIA,DSAFYI
FO15CYIA,FOCRJC
FO15CYIA,DNTXOD
FO15CYIA,DDKVSX
FO15CYIA,NMUQEU
FO15CYIA,TCPHOV
FO15NHVL,UFQSNO
FO15NHVL,TCPHOV
FO15NHVL,TJGDMF
FO15BXZX,FOUVQA
FO15BXZX,FOHNNN
FO15BXZX,TCPHOV
FO15BXZX,FOXAXG
FO15BXZX,TJGDMF
FO15BXZX,DNOENI
FO15CVHO,FOXAXG
FO15CVHO,FOHMYY
FO15CVHO,QQAJZJ
FO15CVHO,DNGKDP
FO15TPIA,FOHMYY
FO15TPIA,DNXTXO
FO15TPIA,QQIBYU
FO15TPIA,FOXAXG
FO15JJYG,DDSKTM
FO15JJYG,FOUBDO
FO15JJYG,GPWWGZ
FO15JJYG,FOGFBQ
FO15JJYG,NMLQKI
FO15JJYG,DNPELC
FO15GBIX,DNJEXJ
FO15GBIX,FORUPH
FO15GBIX,FOPHSH
FO15GBIX,DDKVSX
FO15GBIX,FOUVSH
FO15GBIX,FOUVQA
FO15KHIS,GPWWGZ
FO15KHIS,GZSXZC
FO15KHIS,FOUBDO
FO15KHIS,FOPOAC
FO15KHIS,FOYULI
FO15KHIS,NMLQKI
FO15ZZKD,DDPNZK
FO15ZZKD,TJYMUE
FO15ZZKD,TJGDMF
FO15ZZKD,FOGFBQ
FO15HLBB,DDHMRB
FO15HLBB,FOUVQA
FO15HLBB,TJGDMF
FO15HLBB,FOXAXG
FO15HLBB,TCPHOV
FO15HLBB,DNNRZI
FO15PWOW,DSAAFM
FO15PWOW,PGHFIE
FO15PWOW,TJYMUE
FO15PWOW,TJNLID
FO15VYZU,QQELSA
FO15VYZU,QQIBYU
FO15VYZU,PGBJRE
FO15VYZU,FOIXVA
FO15UWRY,FOUBDO
FO15UWRY,FOUVSH
FO15UWRY,FOGTEV
FO15UWRY,FOXZDS
FO15UWRY,DNOENI
FO15UWRY,FOQDCN
FO15WKRR,TJPIKQ
FO15WKRR,QQELSA
FO15WKRR,QQIBYU
FO15WKRR,PGGCLT
FO15JQXF,FOUVSH
FO15JQXF,FOPOAC
FO15JQXF,UMWORX
FO15JQXF,FONRZO
FO15JQXF,SFKFKY
FO15JQXF,DDETJV
FO15FVJQ,FOHOGN
FO15FVJQ,UFYBGB
FO15FVJQ,TCPMBP
FO15FVJQ,UFBHOZ
FO15FVJQ,FORUPH
FO15DDFH,UFQSNO
FO15DDFH,UFCTFV
FO15DDFH,UFZHWK
FO15DDFH,FOCRJC
FO15DDFH,FORUPH
FO15DDFH,FOUBDO
FO15CIMJ,DNNSOC
FO15CIMJ,NMSEGH
FO15CIMJ,FECCLT
FO15CIMJ,FOGFBQ
FO15CIMJ,TJGDMF
FO15CIMJ,DDONNA
FO15CIMJ,NMCFUH
FO15CJHQ,DSMQRI
FO15CJHQ,FOUVSH
FO15CJHQ,DNNSOC
FO15CJHQ,DDKVSX
FO15SXNA,FORUPH
FO15SXNA,FOHOGN
FO15SXNA,UFKOQL
FO15SXNA,TCPMBP
FO15SXNA,FOTRVE
FO15AXSD,FORUPH
FO15AXSD,TCPHOV
FO15AXSD,TJGDMF
FO15YWJV,DNNRZI
FO15YWJV,FOHMYY
FO15YWJV,FOYULI
FO15YWJV,FOGTEV
FO15YWJV,FORUPH
FO15GBIV,TJPIKQ
FO15GBIV,TJGDMF
FO15GBIV,DDKVSX
FO15GBIV,QQDNHA
FO15GBIV,FOVNGU
FO15GBIV,NMLQKI
FO15FUOY,TJPYYJ
FO15FUOY,TCPHOV
FO15FUOY,DSAFYI
FO15HDOV,FOGFBQ
FO15HDOV,FOUVSH
FO15HDOV,FOSMGN
FO15YCLX,DNXTXO
FO15YCLX,TJPYYJ
FO15YCLX,FOUVSH
FO15YCLX,FOGFBQ
FO15YCLX,DDKVSX
FO15VIJL,TJPYYJ
FO15VIJL,NMKJIA
FO15VIJL,QQAJZJ
FO15VIJL,UFNLAM
FO15VIJL,DNWTSM
FO15VIJL,FOUVSH
FO15VIJL,GZNRAM
FO15WBCZ,FOUVSH
FO15WBCZ,NMKJIA
FO15WBCZ,DNWTSM
FO15WBCZ,FOGFBQ
FO15WBCZ,QQAJZJ
FO15SMAK,UFHHKK
FO15SMAK,NMYLLH
FO15SMAK,FOPOAC
FO15SMAK,TJGDMF
FO15IMKQ,TJTDRY
FO15IMKQ,DNNSOC
FO15IMKQ,FOXZDS
FO15IMKQ,FOUVSH
FO15IMKQ,QQAJZJ
FO15INOW,GZDPDH
FO15UPWA,FOYULI
FO15UPWA,TCPHOV
FO15ZLBC,DDVQGR
FO15ZLBC,FOGFBQ
FO15ZLBC,DNXTXO
FO15ZLBC,FOUVSH
FO15VIXY,DNXTXO
FO15VIXY,TCPHOV
FO15VIXY,FOGFBQ
FO15VIXY,FOXAXG
FO15GUTS,TJZMSI
FO15GUTS,TJYMUE
FO15GUTS,DSCLXQ
FO15GUTS,UFNLAM
FO15GUTS,QQDNHA
FO15MQIJ,DNXTXO
FO15MQIJ,TJPYYJ
FO15MQIJ,FOXAXG
FO15MQIJ,FOGFBQ
FO15JVQC,TJTDRY
FO15JVQC,GPWWGZ
FO15JVQC,FOXAXG
FO15JVQC,FOGFBQ
FO15JVQC,DNNSOC
FO15JQHL,FOGFBQ
FO15JQHL,FOXAXG
FO15JQHL,TCPHOV
FO15JQHL,DNJEXJ
FO15UZHK,DNPUEO
FO15UZHK,FOHMYY
FO15UZHK,TJNLID
FO15UZHK,QQAJZJ
FO15UZHK,GPWWGZ
FO15XWKJ,TJTDRY
FO15XWKJ,FOGFBQ
FO15XWKJ,DSAFYI
FO15XWKJ,TJNLID
FO15TTYH,NMCFUH
FO15TTYH,FOGFBQ
FO15TTYH,DNNRZI
FO15TTYH,NMLQKI
FO15TTYH,FOVNGU
FO15TTYH,FOHOGN
FO15RZXZ,XMIUBV
FO15RZXZ,DDXIXA
FO15RZXZ,TJGDMF
FO15RZXZ,FOXAXG
FO15RZXZ,FOGFBQ
FO15RZXZ,DNNRZI
FO15JQSH,NMLQKI
FO15JQSH,FOSMGN
FO15JQSH,FOXAXG
FO15JQSH,FOGTEV
FO15LMET,FOGFBQ
FO15LMET,FOGTEV
FO15LMET,FOXAXG
FO15URUL,DDKVSX
FO15URUL,NMKJIA
FO15URUL,DDPTBQ
FO15URUL,TJGDMF
FO15PCBM,TJPIKQ
FO15PCBM,TJPYYJ
FO15PCBM,FOGFBQ
FO15PCBM,DNJEXJ
FO15LHRT,FOLREM
FO15LHRT,TJYMUE
FO15LHRT,TJGDMF
FO15LHRT,QQDNHA
FO15LTDR,FOGFBQ
FO15LTDR,XMAUVI
FO15LTDR,DDNATV
FO15UOMM,FOHOGN
FO15UOMM,FOPOAC
FO15UOMM,FORUPH
FO15UOMM,FECCLT
FO15RKNP,DNKXCW
FO15RKNP,UFYBGB
FO15RKNP,FOPOAC
FO15RKNP,FOUVSH
FO15GRJL,FOPOAC
FO15GRJL,UFCTFV
FO15GRJL,UFYBGB
FO15GRJL,DNTXOD
FO15PTML,DNXTXO
FO15PTML,DSMQRI
FO15PTML,DDKVSX
FO15PTML,TCPHOV
FO15PSEL,FODNVU
FO15PSEL,FORUPH
FO15PSEL,FOMEQT
FO15PSEL,FOPHSH
FO15VLIV,FOUVSH
FO15VLIV,GZUYOL
FO15DVJN,TCPHOV
FO15DVJN,DNXTXO
FO15SNEQ,DSAAFM
FO15SNEQ,DDZAVC
FO15YZXI,FODNVU
FO15YZXI,FOMEQT
FO15YZXI,FOPHSH
FO15YZXI,FORUPH
FO15YZXI,DDKVSX
FO15YZXI,DNGKDP
FO15YZXI,UFHHKK
FO15PYDW,FODNVU
FO15PYDW,FOMEQT
FO15PYDW,FOPHSH
FO15PYDW,FORUPH
FO15PYDW,DDKVSX
FO15PYDW,DNGKDP
FO15CJMI,FODNVU
FO15CJMI,FOMEQT
FO15CJMI,FOPHSH
FO15CJMI,FORUPH
FO15CJMI,DNWTSM
FO15CJMI,DDKVSX
FO15CJMI,UFHHKK
FO15PJAS,FOMEQT
FO15PJAS,FORUPH
FO15PJAS,FOPHSH
FO15PJAS,FODNVU
FO15PJAS,DDWJGG
FO15PJAS,DNGKDP
FO15FMGW,UFEENI
FO15FMGW,FOYULI
FO15FMGW,FOGTEV
FO15FMGW,FOHMYY
FO15FMGW,FOQDCN
FO15BNQK,FOYULI
FO15BNQK,FOGTEV
FO15BNQK,QQIBYU
FO15BNQK,FOHMYY
FO15BNQK,DDWJGG
FO15BCJF,FODNVU
FO15BCJF,FORUPH
FO15BCJF,FOPHSH
FO15BCJF,FOMEQT
FO15LFIZ,TCPHOV
FO15LFIZ,DSAFYI
FO15LFIZ,DNNRZI
FO15XRYM,FORUPH
FO15XRYM,FODNVU
FO15XRYM,FOPHSH
FO15XRYM,FOMEQT
FO15XRYM,DNNSOC
FO15BGAI,DNOENI
FO15BGAI,FORUPH
FO15BGAI,FOPHSH
FO15BGAI,FODNVU
FO15BGAI,FOMEQT
FO15BGAI,FOCRJC
FO15SHNH,DNWTSM
FO15SHNH,NMKJIA
FO15SHNH,FOMEQT
FO15SHNH,FOCRJC
FO15SHNH,FODNVU
FO15UXIW,FOPOAC
FO15UXIW,FOHOGN
FO15UXIW,NMCFUH
FO15UXIW,DNNSOC
FO15WYCR,FODNVU
FO15WYCR,FOMEQT
FO15WYCR,FORUPH
FO15WYCR,FOPHSH
FO15WYCR,PGGCLT
FO15WYCR,QQDNHA
FO15JJBG,TCPMBP
FO15JJBG,UFQSNO
FO15SRDI,TCPHOV
FO15SRDI,DSAFYI
FO15SRDI,DNNRZI
FO15LGIT,UFYBGB
FO15LGIT,FORUPH
FO15LGIT,FOUVQA
FO15LGIT,DNOENI
FO15LGIT,FOPOAC
FO15NJTS,FOIXVA
FO15NJTS,LFPDGV
FO15NJTS,LFLFPM
FO15NJTS,QQDNHA
FO15OUXL,DDHMRB
FO15OUXL,FORUPH
FO15OUXL,UFQSNO
FO15OUXL,FODNVU
FO15OUXL,FOPHSH
FO15OUXL,FOMEQT
FO15ISUZ,DNKXCW
FO15ISUZ,FOUVQA
FO15ISUZ,FOPOAC
FO15ISUZ,TCPHOV
FO15ISUZ,FOHNNN
FO15BEEF,FOPOAC
FO15BEEF,DNKXCW
FO15BEEF,FOHNNN
FO15BEEF,FOHOGN
FO15YHKB,FODNVU
FO15YHKB,FOMEQT
FO15YHKB,FOPHSH
FO15YHKB,FORUPH
FO15YHKB,DNOENI
FO15YHKB,FOUVQA
FO15KKJW,FOUVQA
FO15KKJW,FOPOAC
FO15KKJW,FOHOGN
FO15KKJW,NMCFUH
FO15KKJW,QQDNHA
FO15URMN,FOYULI
FO15URMN,FOGTEV
FO15URMN,FOHMYY
FO15URMN,QQAJZJ
FO15URMN,DDWJGG
FO15URMN,FOXAXG
FO15FPIF,TCPMBP
FO15FPIF,TCPHOV
FO15FPIF,FOPOAC
FO15FPIF,UFYBGB
FO15FPIF,DNOENI
FO15FPIF,GZEBQY
FO15AEOB,UFFIIQ
FO15AEOB,FOYULI
FO15AEOB,DNXTXO
FO15AEOB,FOGTEV
FO15AEOB,GZHQDV
FO15OWQW,FOUVQA
FO15OWQW,FOHNNN
FO15OWQW,DNXTXO
FO15OWQW,FOHOGN
FO15OWQW,FOPOAC
FO15ATJR,TCPMBP
FO15ATJR,TCPHOV
FO15ATJR,FORUPH
FO15ATJR,FOPOAC
FO15ATJR,UFYBGB
FO15ATJR,DNSVRR
FO15MRVP,FOYULI
FO15MRVP,DNXTXO
FO15MRVP,FOGTEV
FO15MRVP,DDWJGG
FO15MRVP,FOXAXG
FO15MRVP,TCPHOV
FO15AAXO,FODNVU
FO15AAXO,FORUPH
FO15AAXO,FOMEQT
FO15AAXO,FOPHSH
FO15SDPV,TCPMBP
FO15SDPV,TJNLID
FO15SDPV,TCPHOV
FO15SDPV,TJYMUE
FO15SDPV,UFKOQL
FO15FUVD,DNKXCW
FO15FUVD,TCPMBP
FO15FUVD,TCPHOV
FO15FUVD,FOUVQA
FO15FUVD,FORUPH
FO15HSVZ,TCPMBP
FO15HSVZ,TCPHOV
FO15HSVZ,DNTXOD
FO15HSVZ,FOVNGU
FO15YBAG,FOMEQT
FO15YBAG,FOPHSH
FO15YBAG,FODNVU
FO15YBAG,FORUPH
FO15CJFY,QQELSA
FO15CJFY,FORUPH
FO15CJFY,FOPHSH
FO15CJFY,FODNVU
FO15CJFY,FOMEQT
FO15CJFY,DNSVRR
FO15CEXB,XMIUBV
FO15CEXB,TCPMBP
FO15CEXB,UFBHOZ
FO15CEXB,TCTTOY
FO15CEXB,GZEBQY
FO15PJUO,FORUPH
FO15PJUO,FOHOGN
FO15PJUO,DNXTXO
FO15PJUO,QQAJZJ
FO15CMPD,FOGFBQ
FO15CMPD,FOUVQA
FO15CMPD,NMLQKI
FO15CMPD,TCPMBP
FO15CMPD,UFYBGB
FO15CMPD,TCPHOV
FO15GCIV,TCPMBP
FO15GCIV,FOPOAC
FO15GCIV,FOMEQT
FO15GCIV,UFYBGB
FO15GCIV,DNOENI
FO15GCIV,GZEBQY
FO15SJSD,FOGFBQ
FO15SJSD,FOGTEV
FO15SJSD,FOYULI
FO15AMNT,FOYULI
FO15AMNT,FOGTEV
FO15AMNT,FOHMYY
FO15AMNT,DDWJGG
FO15AMNT,QQAJZJ
FO15WBKG,TCPMBP
FO15WBKG,UFTEBU
FO15WBKG,LFPDGV
FO15FBAF,DNTXOD
FO15FBAF,FOGFBQ
FO15FBAF,GZDPDH
FO15FBAF,TCPHOV
FO15FBAF,FOYULI
FO15FBAF,FOGTEV
FO15DNOP,FODNVU
FO15DNOP,FORUPH
FO15DNOP,FOMEQT
FO15DNOP,FOPHSH
FO15DNOP,TJYMUE
FO15DVKE,XMFOYC
FO15DVKE,PGRAQF
FO15XOPN,TCPMBP
FO15XOPN,FECCLT
FO15XOPN,FOTRVE
FO15XOPN,FORUPH
FO15XOPN,GZSFJX
FO15WBYW,DNTXOD
FO15WBYW,FOPOAC
FO15WBYW,QQIBYU
FO15IJTU,FODNVU
FO15IJTU,FOMEQT
FO15IJTU,FORUPH
FO15IJTU,FOPHSH
FO15IJTU,DNSVRR
FO15IVLF,TCPMBP
FO15IVLF,TCPHOV
FO15IVLF,DNOENI
FO15IVLF,FOPOAC
FO15IVLF,FOQDCN
FO15IVLF,FORUPH
FO15APTC,TCPMBP
FO15APTC,DNXTXO
FO15APTC,FOUVQA
FO15APTC,FORUPH
FO15APTC,FOIXVA
FO15WGLO,XMFOYC
FO15WGLO,DNXTXO
FO15WGLO,DSAFYI
FO15WGLO,DDKVSX
FO15WGLO,TCPMBP
FO15VDCN,TCPMBP
FO15VDCN,FORUPH
FO15VDCN,DNXTXO
FO15KMYP,DDHMRB
FO15KMYP,DNXTXO
FO15KMYP,TCPHOV
FO15KMYP,DSAFYI
FO15FLMF,DNXTXO
FO15FLMF,FOUVQA
FO15FLMF,FOHOGN
FO15FXMS,TCPHOV
FO15FXMS,TCPMBP
FO15FXMS,FORUPH
FO15NJKG,FOTRVE
FO15NJKG,UFEENI
FO15NJKG,UFYBGB
FO15NJKG,UFZHWK
FO15RSML,UFZHWK
FO15IOML,DSAFYI
FO15IOML,TCPHOV
FO15IOML,DNXTXO
FO15BQOE,UFXJYO
FO15BQOE,FODNVU
FO15BQOE,FORUPH
FO15BQOE,FOPHSH
FO15BQOE,FOMEQT
FO15TMAU,DSAFYI
FO15TMAU,TCPHOV
FO15TMAU,DNTXOD
FO15NTEA,FOYULI
FO15NTEA,FOUBDO
FO15NTEA,TJGDMF
FO15NTEA,DSAFYI
FO15NTEA,TJYMUE
FO15ORRZ,TCPHOV
FO15ORRZ,FOQDCN
FO15ORRZ,FOYULI
FO15ORRZ,QQDNHA
FO15ORRZ,DNGKDP
FO15MGLI,DNMIGT
FO15MGLI,FORUPH
FO15MGLI,FOUVQA
FO15MGLI,UFLGFI
FO15MGLI,DNOENI
FO15QNVC,DSAFYI
FO15QNVC,FOCRJC
FO15QNVC,DNXTXO
FO15QNVC,FOQDCN
FO15KBUA,XMAUVI
FO15KBUA,QQIBYU
FO15KBUA,FOTRVE
FO15XWDP,FOUVSH
FO15XWDP,FOGFBQ
FO15XWDP,DNHKAQ
FO15ARKZ,TCPHOV
FO15ARKZ,PGLSBR
FO15MILI,FOGFBQ
FO15MILI,FOUVQA
FO15MILI,FOUVSH
FO15MILI,FOPOAC
FO15CKCP,TCPMBP
FO15CKCP,DNJEXJ
FO15CKCP,FOGFBQ
FO15CKCP,FOHOGN
FO15CKCP,UFKOQL
FO15PGHB,DDZAVC
FO15PGHB,TCPHOV
FO15PGHB,FOXAXG
FO15PGHB,FOHNNN
FO15FCHA,GZDPDH
FO15FCHA,XMAUVI
FO15FCHA,FOUVSH
FO15QHHI,DSAFYI
FO15QHHI,TCPHOV
FO15QHHI,DNKXCW
FO15QHHI,DDPTBQ
FO15WIWE,FOQDCN
FO15WIWE,FORUPH
FO15WIWE,FOYULI
FO15WIWE,FOSMGN
FO15WIWE,FOGTEV
FO15WIWE,UFZHWK
FO15WIWE,UFCTFV
FO15VJID,TCPMBP
FO15VJID,DNIMNG
FO15VJID,FOMEQT
FO15VJID,GZSFJX
FO15VJID,GZEBQY
FO15WBOC,FOHNNN
FO15WBOC,TCPHOV
FO15WBOC,DSAFYI
FO15WBOC,UFTEBU
FO15BYTS,FOPOAC
FO15BYTS,FOUVSH
FO15BYTS,DNIMNG
FO15BYTS,FORUPH
FO15AUWC,DSAFYI
FO15AUWC,TCPHOV
FO15AUWC,TCTTOY
FO15AUWC,FOHNNN
FO15TPPD,TCPHOV
FO15TPPD,DSAFYI
FO15TPPD,FOHNNN
FO15TPPD,FOTRVE
FO16YHKJ,TJPIKQ
FO16GHOK,GZZCOH
FO16NMGJ,GZPBPV
FO16IPVI,QQELSA
FO16VYVO,GZPBPV
FO16PVSN,UMILKE
FO16XFDQ,UMILKE
FO16KTBZ,UMILKE
FO16IWCC,QQIBYU
FO16CZRZ,TJPIKQ
FO16KLLP,TCPHOV
FO16WQEJ,TCPHOV
FO16DZOK,TJPIKQ
FO16GBHF,TJPIKQ
FO16RLFJ,TCPHOV
FO16DJXN,LTZNJM
FO16DVFQ,TJPIKQ
FO16TKZQ,TCPHOV
FO16WBSH,PGOMLJ
FO16JEKJ,UMILKE
FO16PIRE,NMSATV
FO16BZHM,TJTDRY
FO16OQAP,FOHOGN
FO16XDJV,FOHOGN
FO16ODUY,TJGDMF
FO16WSNC,UMILKE
FO16VMKI,TJPIKQ
FO16EXEM,TJPIKQ
FO16MCLM,FOHOGN
FO16THMP,TCPMBP
FO16MPGW,QQAJZJ
FO16XKBR,TCPHOV
FO16JCVD,TJPIKQ
FO16YQUY,TJPIKQ
FO16VOZF,FOHOGN
FO16KYGR,FOHOGN
FO16UWHY,GZPBPV
FO16NLJA,TCPHOV
FO16ZXAT,TJPIKQ
FO16HSSC,TCJTUZ
FO16YPHD,TJPIKQ
FO16IAZE,FOHOGN
FO16AXFT,UMILKE
FO16OTIL,TJPIKQ
FO16PFNB,FODNVU
FO16HXGF,GZPBPV
FO16CNNZ,TCPHOV
FO16KMEB,TCPMBP
FO16VFNB,TCTTOY
FO16DHKJ,TJTDRY
FO16NXVJ,TJPIKQ
FO16ACDN,QQAJZJ
FO16VRGK,DSWJGL
FO16ZFSQ,TJPIKQ
FO16ZFSQ,MUFQPM
FO16FBTM,TJPIKQ
FO16HAWE,TJPIKQ
FO16GWYC,TJTDRY
FO16KHJH,DNNSOC
FO16YMET,SFLORS
FO16GRGI,TCPHOV
FO16VNTN,TCJTUZ
FO16RLND,TCPHOV
FO16LPMU,TJPIKQ
FO16DKRU,TJTDRY
FO16FGVQ,DSWJGL
FO16RWOA,TJZMSI
FO16PNYX,QQAJZJ
FO16KFBC,QQAJZJ
FO16ZHHY,QQAJZJ
FO16KXTD,QQAJZJ
FO16VBOA,TJGDMF
FO16WSDE,TCPHOV
FO16UKKG,QQELSA
FO16XWQD,TJPIKQ
FO16TTNO,TCPHOV
FO16QGSR,QQAJZJ
FO16QAWE,TJGDMF
FO16GGWI,TCPMBP
FO16SIMN,FOMEQT
FO16QZDS,QQAJZJ
FO16AJQH,PGLSBR
FO16XMHS,DSWJGL
FO16KMMC,TJPIKQ
FO16YHOX,SFLORS
FO16IJCQ,GZWFWK
FO16QTDP,SFFWGR
FO16WFEV,TCPMBP
FO16TEPD,QQAJZJ
FO16BLFF,TJPIKQ
FO16TLEY,TJPIKQ
FO16HKLE,SFFWGR
FO16LSJK,TCPHOV
FO16PEPG,TJTDRY
FO16FAPQ,TCTTOY
FO16BCPK,LFACOO
FO16NFNK,TJGDMF
FO16UUSO,FOHOGN
FO16KLIL,TJPIKQ
FO16BCUO,TJGDMF
FO16TWNX,DDZAVC
FO16EYXM,FOMEQT
FO16QFNI,TJPIKQ
FO16IBDB,TCPHOV
FO16UUOI,TJPIKQ
FO16AZRN,TJPIKQ
FO16GEUJ,TJGDMF
FO16JDKN,FOMEQT
FO16CUXP,TJPIKQ
FO16ALOK,QQAJZJ
FO16AWNM,PGBJRE
FO16LGOL,TJTDRY
FO16UZRT,TJPIKQ
FO16YYCA,TJPIKQ
FO16YOOQ,TCPHOV
FO16BUHU,NMSATV
FO16PKGO,TJPIKQ
FO16RVYQ,DSAAFM
FO16OCXT,TCPMBP
FO16DEEI,TJPIKQ
FO16PBRP,TJPIKQ
FO16PYLO,TJPIKQ
FO16NLNP,TJPYYJ
FO16FAFI,PGLSBR
FO16OMSE,TCTTOY
FO16CWLH,TJPIKQ
FO16OQOQ,TJPIKQ
FO16LJNP,TJPIKQ
FO16ZMZC,DDUPUE
FO16ISCP,TJPIKQ
FO16IFAF,TJPIKQ
FO16DRWU,TJPIKQ
FO16SBVM,TCPHOV
FO16FXCX,TJPIKQ
FO17IETN,DNKCVN
FO17SYNJ,DNRPKM
FO17HYRK,TCPHOV
FO17JGVH,DNMHEO
FO17VJEB,DNPUEO
FO17TGHH,TJPIKQ
FO17KZWW,DNJNPL
FO17HRQP,DNITCO
FO17RDMM,DNMHEO
FO17EGGS,DNITCO
FO17DORL,DNMHEO
FO17NOHJ,DNMHEO
FO17RBLZ,DNKCVN
FO17KGFI,DNKCVN
FO17LTPR,DNKCVN
FO17AAPW,DNKCVN
FO17YEGN,DNJNPL
FO17WMIV,TJPIKQ
FO17KZOC,DNVUSE
FO17MNUH,DNPUEO
FO17HFHD,DNITCO
FO17NPJE,EIDIZF
FO17LMMJ,EIDIZF
FO17OUDE,TCPHOV
FO17WTMQ,TJPIKQ
FO17MXNH,UFKOQL
FO17LYSN,FOXAXG
FO17PUJY,FOXAXG
FO17WVCT,DNUBYC
FO17UMOF,DNPUEO
FO17KVUX,DNMHEO
FO17SGHA,DNMHEO
FO17TPGN,DNITCO
LT15QVUI,LTOQXL
LT15QVUI,LTFJBG
LT15QVUI,LTELVQ
LT15QVUI,DNOENI
LT15QVUI,TJGDMF
LT15QVUI,LTAEPG
LT15CILF,LTUUST
LT15CILF,DNNRZI
LT15CILF,PGCYVE
LT15CILF,QQAJZJ
LT15CILF,LTFTHE
LT15HRUU,UFNVKH
LT15HRUU,LTBJGD
LT15HRUU,LTXADY
LT15KLQA,LTAEPG
LT15KLQA,LTFJBG
LT15KLQA,QQIBYU
LT15KLQA,TJNLID
LT15YIIE,EIYFHW
LT15YIIE,UFXJYO
LT15YIIE,UFKRXK
LT15YIIE,QQAJZJ
LT15WRVR,QQAJZJ
LT15WRVR,LTFJBG
LT15WRVR,LTAEPG
LT15VMJJ,QQIBYU
LT15VMJJ,TJZMSI
LT15VMJJ,LTFJBG
LT15VMJJ,DDXIXA
LT15FXBV,LTFJBG
LT15FXBV,DNXTXO
LT15FXBV,LTAEPG
LT15FXBV,LTBJGD
LT15FXBV,TJGDMF
LT15FXBV,QQAJZJ
LT15ZNSU,DNNRZI
LT15ZNSU,LTAEPG
LT15ZNSU,LTXADY
LT15ZNSU,LTLQBM
LT15VKQY,DNOENI
LT15VKQY,QQAJZJ
LT15VKQY,TJZMSI
LT15LWIC,DNXTXO
LT15LWIC,TJPYYJ
LT15LWIC,QQAJZJ
LT15SGQV,DNIMNG
LT15SGQV,LTFJBG
LT15SGQV,LTOQXL
LT15SGQV,TJGDMF
LT15SGQV,TJNLID
LT15QYYR,LTOQXL
LT15QYYR,LTFJBG
LT15QYYR,LTELVQ
LT15QYYR,DNOENI
LT15QYYR,TJGDMF
LT15QYYR,LTAEPG
LT15BJTJ,DNWTSM
LT15BJTJ,LTOQXL
LT15BJTJ,LTZNJM
LT15BJTJ,DDNATV
LT15OGFN,DNKXCW
LT15OGFN,QQDNHA
LT15OGFN,LTAEPG
LT15UJOY,LTFJBG
LT15UJOY,TJZMSI
LT15UJOY,DDXIXA
LT15UJOY,QQDNHA
LT15WDUU,DDCVOF
LT15WDUU,TJPYYJ
LT15WDUU,EIUVHF
LT15WDUU,QQAJZJ
LT15WDUU,DNJEXJ
LT15ZZKY,LTAEPG
LT15ZZKY,LTLQBM
LT15ZZKY,QQIBYU
LT15ZZKY,TJZMSI
LT15CUZE,TCTTOY
LT15CUZE,DDNATV
LT15SCRT,TCLOKA
LT15SCRT,TCTTOY
LT15SCRT,LTBJGD
LT15SCRT,LTFJBG
LT15KUGN,DDNATV
LT15KUGN,LTFTHE
LT15WKEJ,TJPYYJ
LT15OJMX,LTFJBG
LT15OJMX,DNTXOD
LT15OJMX,QQIBYU
LT15OJMX,TJZMSI
LT15OJMX,LTAEPG
LT15NRKV,QQELSA
LT15NRKV,QQAJZJ
LT15NRKV,LTFJBG
LT15AICZ,LTAEPG
LT15AICZ,DSAFYI
LT15AICZ,TJZMSI
LT15SIVY,TJTDRY
LT15SIVY,LTAEPG
LT15SIVY,QQIBYU
LT15OUGQ,QQAJZJ
LT15OUGQ,TJPYYJ
LT15OUGQ,DNOENI
LT15JOFP,DDUPML
LT15JOFP,DDNATV
LT15JOFP,DDUPUE
LT15JOFP,DDPTBQ
LT15PKFV,DSNPQL
LT15PKFV,DNOENI
LT15PKFV,QQAJZJ
LT15XMUR,LTFJBG
LT15XMUR,DNOENI
LT15XMUR,TJSHXI
LT15XMUR,LTAEPG
LT15SAWF,QQELSA
LT15SAWF,TJGDMF
LT15RWPF,DSAAFM
LT15RWPF,TJPYYJ
LT15RWPF,LTLQBM
LT15RWPF,LTFJBG
LT15AHZX,UFNVKH
LT15AHZX,EIUVHF
LT15AHZX,QQIBYU
LT15WXQA,TJPYYJ
LT15WXQA,DNXTXO
LT15WXQA,LTAEPG
LT15QLTK,EIUVHF
LT15QLTK,UFNVKH
LT15QLTK,QQIBYU
LT15STPC,TJPIKQ
LT15STPC,LTLQBM
LT15STPC,LTXADY
LT15STPC,LTZNJM
LT15STPC,QQAJZJ
LT15NKBM,DNNSOC
LT15NKBM,TJPYYJ
LT15NKBM,LTXKVS
LT15NKBM,LTFEXZ
LT15OWJI,LTFJBG
LT15OWJI,LTLQBM
LT15OWJI,TJGDMF
LT15OWJI,LTHBIQ
LT15HKCM,TJPIKQ
LT15HKCM,LTELVQ
LT15HKCM,LTZNJM
LT16PKNX,DNJEXJ
LT16PKNX,LTELVQ
LT16LCJP,DNJEXJ
LT16LCJP,TJPIKQ
LT16KNPB,DNKCVN
LT16KNPB,LTSSRJ
LT16KNPB,DDBVFC
LT16HHVH,DNITCO
LT16CKSM,DNITCO
LT16ZKUJ,DNXTXO
LT16ZKUJ,TJPIKQ
LT16OBCO,LTLQBM
LT16OBCO,LTBJGD
LT16ZUUD,DNPUEO
LT16EFEH,DNMIGT
LT16EFEH,LTBJJP
LT16SYGC,DNITCO
LT16UWTT,DNMIGT
LT16QJEC,DNIFQF
LT16QJEC,LTBJJP
LT16ZVIL,LTLQBM
LT16ZVIL,LTBJGD
LT16PRFI,TJPIKQ
LT16PRFI,LTFTHE
LT16CVTP,LTLQBM
LT16CVTP,LTBJGD
LT16XQWB,DNXTXO
LT16XQWB,LTAEPG
LT16KWVZ,TCPHOV
LT16KWVZ,DNPUEO
LT16NZYT,LTBJJP
LT16NZYT,DNNSOC
LT16LSWR,LTLQBM
LT16LSWR,LTFTHE
LT16WAAV,DNNSOC
LT16WAAV,LTBJJP
LT16MMZH,DNPUEO
LT16JVXX,DNJEXJ
LT16JVXX,TJPIKQ
LT16ZGBY,DNXTXO
LT16PKRU,LTBJJP
LT16PKRU,DNPUEO
LT16DQMG,DNMIGT
LT16BSPF,DNMIGT
LT16BSPF,LTBJJP
LT16GNJQ,DNMIGT
LT16GNJQ,DNJEXJ
LT16QDBX,DNXTXO
LT16GAEE,DNNSOC
LT16WQXA,LTBJJP
LT16WQXA,TJPIKQ
LT16KZZL,DNRPKM
LT16BTKI,DNMIGT
LT16OQCU,DNRPKM
LT16CMLY,TJPIKQ
LT16QQAP,DNXTXO
LT16GFAQ,DNITCO
LT16IZDA,DNRPKM
LT16ATNI,DNKXCW
LT16VRQL,DNMIGT
LT16QPLR,DNMIGT
LT17BEYI,DNITCO
LT17BEYI,DDBVFC
LT17AZAH,DNKCVN
LT17AZAH,DDBVFC
LT17QBQI,DDVQGR
LT17QBQI,DNPUEO
LT17FBUZ,DNKCVN
LT17FBUZ,DDBVFC
LT17NZQM,DDVQGR
LT17NZQM,DNMHEO
LT17VVHN,DDBVFC
LT17VVHN,DNPUEO
LT17KLJI,DNPUEO
LT17KLJI,DDBVFC
LT17EEDQ,DNMIGT
LT17EEDQ,DDBVFC
LT17MEWH,DDVQGR
LT17MEWH,DNPUEO
LT17RYXA,DDBVFC
LT17RYXA,DNPUEO
LT17RYXA,TJGDMF
LT17WYRL,DDBVFC
LT17WYRL,DNPUEO
LT17YAOV,DNITCO
LT17YAOV,TJGDMF
LT17YAOV,DDBVFC
LT17IANO,DDBVFC
LT17IANO,DNPUEO
LT17EQLG,DNPUEO
LT17EQLG,DDBVFC
LT17UGUP,DDBVFC
LT17UGUP,DNKCVN
LT17REEO,DNITCO
LT17REEO,DDBVFC
LT17POXQ,DDBVFC
LT17NBSE,DNITCO
LT17NBSE,DDBVFC
LT17IBJP,DNITCO
LT17IBJP,DDBVFC
LT17CHVJ,DDHMRB
LT17CHVJ,TJGDMF
LT17SNXT,DDBVFC
LT17SNXT,DNMHEO
LT17SNXT,TJGDMF
LT17KRSX,DNPUEO
LT17KRSX,DDBVFC
LT17KRSX,SFMUVI
LT17LKRX,DDKVSX
LT17LKRX,DNMHEO
LT17CHIA,DDKVSX
LT17CHIA,DNMHEO
LT17RGKU,DDBVFC
LT17RGKU,DNPUEO
LT17RGKU,TJGDMF
LT17FKYM,DNITCO
LT17FKYM,DDBVFC
LT17FKYM,TJGDMF
LT17POOF,DNITCO
LT17POOF,DDBVFC
LT17POOF,TJGDMF
LT17UDFA,DNITCO
LT17UDFA,DDBVFC
LT17KPKR,DDVQGR
LT17KPKR,DNMHEO
LT17HKTB,DDHMRB
LT17HKTB,DNMHEO
LT17EFSY,DDBVFC
LT17EFSY,DNPUEO
LT17JCEF,DNMIGT
LT17JCEF,DDBVFC
LT17CCJC,DDBVFC
LT17SFNR,DDBVFC
LT17SFNR,DNMHEO
LT17CCMW,DDKVSX
LT17CCMW,DNJNPL
LT17CCMW,TJGDMF
LT17FHDM,DDBVFC
LT17FHDM,DNPUEO
LT17CYCF,DDBVFC
LT17CYCF,DNMHEO
LT17CYCF,SFMUVI
LT17DZEV,DDBVFC
LT17DZEV,DNPUEO
LT17DLAP,DNITCO
LT17DLAP,DDBVFC
LT17HPKQ,DDBVFC
LT17HPKQ,DNPUEO
LT17YSPR,DDBVFC
LT17BZJH,DDBVFC
LT17CMOF,DDBVFC
LT17CMOF,DNMHEO
LT17TDDI,DDBVFC
LT17TDDI,DNJNPL
SC15WORJ,DNKXCW
SC15WORJ,PGBJRE
SC15WORJ,DDXIXA
SC15WORJ,DDWJGG
SC15WORJ,DSAFYI
SC15VFWN,DDWJGG
SC15VFWN,FEQICB
SC15VFWN,FECCLT
SC15VFWN,DNHKAQ
SC15VFWN,DSAFYI
SC15IRQS,DNKXCW
SC15IRQS,QQDNHA
SC15IRQS,FEKWOC
SC15IRQS,DDWJGG
SC15IRQS,FECCLT
SC15IRQS,GZSXZC
SC15IRQS,FEDVXC
SC15LYJY,QQELSA
SC15LYJY,DDWJGG
SC15LYJY,FECCLT
SC15LYJY,TJGDMF
SC15RPBY,FECCLT
SC15RPBY,FEUYCV
SC15DBEA,DNMHEO
SC15DBEA,GZSXZC
SC15DBEA,UMUHNV
SC15DBEA,QQAJZJ
SC15DBEA,FECCLT
SC15DBEA,FEDVXC
SC15SXUB,TJZMSI
SC15SXUB,UMWORX
SC15SXUB,UMILKE
SC15QPTW,QQAJZJ
SC15QPTW,DDVQGR
SC15QPTW,TJGDMF
SC15QPTW,FEKWOC
SC15UFNX,TJPIKQ
SC15UFNX,TJZMSI
SC15UFNX,DNOENI
SC15SEKY,TJPIKQ
SC15SEKY,TJPYYJ
SC15SEKY,UMWYKO
SC15SEKY,FEKWOC
SC15QHTI,DDAWQZ
SC15QHTI,GZSXZC
SC15QHTI,DDNATV
SC15YCPS,TJPIKQ
SC15YCPS,TJZMSI
SC15YCPS,TJNLID
SC15YCPS,FEKWOC
SC15EKTP,TJPIKQ
SC15EKTP,UMWORX
SC15EKTP,FEPKBQ
SC15EKTP,FEKWOC
SC15VLUQ,FEKWOC
SC15VLUQ,UMWORX
SC15VLUQ,UMWYKO
SC15VLUQ,TJZMSI
SC15PEXG,DDWJGG
SC15PEXG,FECCLT
SC15PEXG,FEUYCV
SC15PEXG,TJGDMF
SC15PEXG,SFMUVI
SC15PEXG,DDNATV
SC15SKTM,DDVQGR
SC15SKTM,DNKXCW
SC15SKTM,UMWORX
SC15SKTM,FEKWOC
SC15DFRV,TJPIKQ
SC15DFRV,TJGDMF
SC15DFRV,FEUYCV
SC15DFRV,UMWORX
SC15DFRV,UMWYKO
SC15DFRV,FEKWOC
SC15TYFK,QQELSA
SC15TYFK,TJZMSI
SC15TYFK,FECCLT
SC15IGQJ,DNUBYC
SC15IGQJ,FEUYCV
SC15IGQJ,FEKWOC
SC15IGQJ,GZSXZC
SC15FWAG,NMLQKI
SC15FWAG,FETJJH
SC15FWAG,FEDVXC
SC15FWAG,FEWVUI
SC15FWAG,GZBZIF
SC15DZVU,DDWJGG
SC15DZVU,GZSXZC
SC15DZVU,TCTTOY
SC15DZVU,FEKWOC
SC15DZVU,DDKKPI
SC15DZVU,FECCLT
SC15CHMG,GZVZNT
SC15CHMG,GZNRAM
SC15CHMG,GZDPDH
SC15CHMG,GZLHOP
SC15YPKT,DDHMRB
SC15YPKT,QQIBYU
SC15YPKT,TJYMUE
SC15YPKT,FECCLT
SC15JMVQ,DDVQGR
SC15JMVQ,UMWORX
SC15JMVQ,FEUYCV
SC15JMVQ,TJGDMF
SC15JMVQ,FEKWOC
SC15HEZX,TJPIKQ
SC15HEZX,DNXTXO
SC15HEZX,TJGDMF
SC15HEZX,FEKWOC
SC15HEZX,QQAJZJ
SC15HEZX,DDWJGG
SC15HEZX,FECCLT
SC15YKDW,QQELSA
SC15YKDW,QQIBYU
SC15YKDW,UMILKE
SC15YKDW,UMWORX
SC15UEGJ,DNNRZI
SC15UEGJ,UMWYKO
SC15UEGJ,UMWORX
SC15UEGJ,QQDNHA
SC15UEGJ,FEKWOC
SC15BVUW,QQIBYU
SC15BVUW,FEUYCV
SC15BVUW,GZSXZC
SC15BVUW,FEKWOC
SC15NZMY,QQELSA
SC15NZMY,DNKXCW
SC15NZMY,GZDPDH
SC15NZMY,FECCLT
SC15NZMY,FETJJH
SC15JNTD,UFXJYO
SC15JNTD,FECCLT
SC15JNTD,FEUYCV
SC15JNTD,FEZIQS
SC15FEIS,DNKXCW
SC15FEIS,TJPYYJ
SC15FEIS,QQAJZJ
SC15FEIS,FECCLT
SC15IYTK,DSAAFM
SC15IYTK,UMWYKO
SC15IYTK,FECCLT
SC15UBSJ,FEUYCV
SC15UBSJ,FEPKBQ
SC15UBSJ,TJGDMF
SC15UBSJ,DSAFYI
SC15CSNL,FEONDQ
SC15CSNL,FEUYCV
SC15CSNL,FEWVUI
SC15CSNL,FECCLT
SC15VHDN,TJPIKQ
SC15VHDN,TJGDMF
SC15VHDN,FEPKBQ
SC15VHDN,FETJJH
SC15WOXR,FEWVUI
SC15WOXR,DNNSOC
SC15WOXR,FEKWOC
SC15WOXR,FEONDQ
SC15WOXR,UMWYKO
SC15YQRT,FEPKBQ
SC15DJWN,TCPHOV
SC15DJWN,TJZMSI
SC15DJWN,FEUYCV
SC15EYVU,TCPHOV
SC15EYVU,TJGDMF
SC15EYVU,FEUYCV
SC15EYVU,FEPKBQ
SC15VXLG,FEWVUI
SC15VXLG,FEONDQ
SC15VXLG,FEKWOC
SC15VXLG,UMWYKO
SC15WQWT,TJTDRY
SC15WQWT,FEWVUI
SC15WQWT,FEONDQ
SC16DDKV,FEZIQS
SC16DDKV,TJPIKQ
SC16WBOR,QQELSA
SC16XDZG,TJTDRY
SC16XDZG,PGRAQF
SC16OHLJ,FEZIQS
SC16OHLJ,FOXJPG
SC16CPNO,QQELSA
SC16GWSC,TJZMSI
SC16GWSC,TJPIKQ
SC16SEUG,TJGDMF
SC16VPVC,TJGDMF
SC16VPVC,DSAFYI
SC16UMTL,FEONDQ
SC16UMTL,QQELSA
SC16VDVL,TJPIKQ
SC16UPGM,TJTDRY
SC16UPGM,FOXAXG
SC16AKHA,FEONDQ
SC16AKHA,QQELSA
SC16URSJ,TJGDMF
SC16URSJ,QQELSA
SC16DTJT,TJPIKQ
SC16DTJT,TJZMSI
SC16MPQF,PGLSBR
SC16MPQF,TJPIKQ
SC16FVKI,SFLORS
SC16SGOM,FEZIQS
SC16SGOM,FEONDQ
SC16VMCC,FEONDQ
SC16NGDQ,TJZMSI
SC16NGDQ,TJPIKQ
SC16OTVC,TJZMSI
SC16OTVC,TJPIKQ
SC16EFMQ,FEZIQS
SC16EFMQ,FOXJPG
SC16YZJG,FEZIQS
SC16ZHDB,TJPIKQ
SC16ZHDB,DSAFYI
SC16UURS,FEZIQS
SC16UURS,TJPIKQ
SC16CXXH,FEZIQS
SC16CXXH,TJPIKQ
SC16YVZD,TJGDMF
SC16YVZD,TJPIKQ
SC16JHBL,XMGNAN
SC16SZQV,DNJNPL
SC16SZQV,FEZIQS
SC16DWKY,TJPIKQ
SC16DWKY,TJPYYJ
SC16NHRC,PGLSBR
SC16NHRC,TJPIKQ
SC16WFZU,TJGDMF
SC16WFZU,FEONDQ
SC16GQWO,FEZIQS
SC16GQWO,TJPIKQ
SC16YYQH,DNITCO
SC16YYQH,TJGDMF
SC16DXFE,DNITCO
SC16DXFE,TJZMSI
SC16CGYW,TJPIKQ
SC16CGYW,TJGDMF
SC16MDJQ,TJZMSI
SC16MDJQ,QQELSA
SC16BZDN,DNMHEO
SC16BZDN,TJGDMF
SC16XBCA,FEZIQS
SC16JXWL,DNRPKM
SC16JXWL,TJZMSI
SC16HAXQ,FEZIQS
SC16HAXQ,TJPIKQ
SC16SUEJ,TJPIKQ
SC16YMNW,PGLSBR
SC16OQQR,FEONDQ
SC16UDQW,DSAFYI
SC16UDQW,TJPIKQ
SC16QPEZ,FEONDQ
SC16QPEZ,QQELSA
SC16QEGU,TJTDRY
SC16JHWQ,PGLSBR
SC16JHWQ,QQELSA
SC16KQTE,TJGDMF
SC16KQEI,PGLSBR
SC16KQEI,TJPIKQ
SC16OKFI,FEZIQS
SC16OKFI,TJPIKQ
SC16LZSA,TJGDMF
SC16LZSA,TJPIKQ
SC16ZIRV,TJZMSI
SC17CYYR,DDBVFC
SC17CYYR,DNKCVN
SC17ZREU,DNITCO
SC17ZREU,DDBVFC
SC17ANEV,DDBVFC
SC17ANEV,DNKCVN
SC17URQI,DDBVFC
SC17URQI,DNKCVN
SC17ATOU,DDBVFC
SC17ATOU,DNKCVN
SC17USQT,DDBVFC
SC17USQT,DNMHEO
SC17VORI,DDBVFC
SC17VORI,DNUBYC
SC17YQOW,DDBVFC
SC17YQOW,DNMHEO
SC17KMYL,DDBVFC
SC17RFTO,DNITCO
SC17RFTO,DDBVFC
SC17HEQJ,DDBVFC
SC17HEQJ,DNKCVN
SC17GNRM,DDBVFC
SC17GNRM,DNKCVN
SC17IMGY,DNDIKQ
SC17IMGY,DDBVFC
SC17PPCW,DDBVFC
SC17PPCW,DNKCVN
SC17TAPF,DDKVSX
SC17TAPF,DNUBYC
SC17WNAJ,DNUBYC
SC17WNAJ,DDBVFC
SC17RSNF,DDBVFC
SC17RSNF,DNVUSE
SC17XRIO,DNMIGT
SC17XRIO,DDBVFC
SC17NFPA,DDBVFC
SC17NFPA,DNMHEO
SC17VRPC,DDHMRB
SC17VRPC,DNUBYC
SC17YRWF,DNKCVN
SC17YRWF,DDBVFC
SC17ULZP,DDKVSX
SC17ULZP,DDPNZK
SC17NUOC,DDBVFC
SC17AODP,DNRPKM
SC17AODP,DDBVFC
SC17TWEC,DNPUEO
SC17TWEC,DDBVFC
SC17TWEC,DNOENI
SC17CFYJ,DDBVFC
SC17CFYJ,DNVUSE
SC17FATO,DDHMRB
SC17FATO,DNJNPL
SC17OQLT,DNMIGT
SC17OQLT,DDBVFC
SC17FKKE,DDBVFC
SC17FKKE,DNMHEO
SC17CTFN,DNITCO
SC17CTFN,DDBVFC
SC17WLTB,DDBVFC
SC17WLTB,DNJNPL
SC17SZIM,DDBVFC
SC17SZIM,DNJNPL
SC17ZVPH,DDBVFC
SC17FNZR,DDBVFC
SC17FNZR,DNRPKM
SC17XQOU,DDBVFC
SC17XQOU,DNMHEO
SC17NZEG,DDBVFC
SC17NZEG,DNUBYC
SC17MIJC,DNVUSE
SC17MIJC,DDBVFC
SC17GWHG,DNITCO
SC17GWHG,DDBVFC
SC17VVVM,DDBVFC
SC17VVVM,DNKCVN
SC17QLOD,DDBVFC
SC17BBJG,DNITCO
SC17BBJG,DDBVFC
SC17SZDZ,DDBVFC
SC17INXV,DDBVFC
SC17INXV,DNMHEO
SC17IZGA,DDBVFC
SC17IZGA,DNJNPL
SC17DGAP,DDBVFC
SC17DGAP,DNMHEO
SC17HJRH,DNDIKQ
SC17HJRH,DDBVFC
SC17AYXG,DDBVFC
SC17AYXG,DNKCVN
EI15DAXC,EIFJIB
EI15DAXC,EIJCRU
EI15DAXC,EIUVHF
EI15DAXC,DDAWSL
EI15QTSL,EIFJIB
EI15QTSL,EIJCRU
EI15QTSL,EIUVHF
EI15QSAZ,EIJCRU
EI15QSAZ,EIFJIB
EI15QSAZ,EIUVHF
EI15DVGV,EIXVMK
EI15DVGV,EIUVHF
EI15DVGV,EIJCRU
EI15DVGV,EIFJIB
EI15WNUE,EIJCRU
EI15WNUE,EIFJIB
EI15WNUE,EIUVHF
EI15KMWN,EIJCRU
EI15KMWN,EIFJIB
EI15KMWN,EIUVHF
EI15KMWN,TCKVIG
EI16UEEE,OZNRWU
EI16OHTF,EIXVMK
EI16WYOY,TJTDRY
EI16IXIM,OZNRWU
EI16IXIM,EIUVHF
EI16AJKA,EIXVMK
EI16PPMV,EIXVMK
EI16YRHC,OZNRWU
EI16KIVT,PGCYVE
EI16JEXC,TJPYYJ
EI17BAUJ,DDBVFC
EI17BAUJ,DNUBYC
EI17RUSY,DDWJGG
EI17RUSY,DNJNPL
EI17KVEZ,DDBVFC
EI17YGXG,DDHMRB
EI17DPAG,DDVQGR
EI17DPAG,DNUBYC
EI17ECWU,DDWJGG
EI17XCRK,DDWJGG
EI17KBVZ,DNUBYC
EI17KBVZ,DDBVFC
EI17IDTM,DDBVFC
