Course ID, Total Capacity, Allotted Capacity, Students Allotted
GZFWOW$inside,0,0
GZFWOW$outside,0,0
GZLTBR$inside,0,0
GZLTBR$outside,0,0
GZQJRC$inside,0,0
GZQJRC$outside,0,0
GZBEDR$inside,0,0
GZBEDR$outside,0,0
GZEBQY$inside,0,0
GZEBQY$outside,20,6,VL15YHXT,XM17XFZR,FO15FPIF,FO15CEXB,FO15GCIV,FO15VJID
GZSFJX$inside,0,0
GZSFJX$outside,20,5,KJ15GJSE,UF15RGTE,OZ15YGIZ,FO15XOPN,FO15VJID
GZUNOC$inside,0,0
GZUNOC$outside,20,1,UF15XQXW
GZKBQC$inside,0,0
GZKBQC$outside,20,2,UF15HINI,UF15EXZR
GZXPIF$inside,0,0
GZXPIF$outside,20,0
GZZSOA$inside,0,0
GZZSOA$outside,20,1,BJ15YNOK
GZPBPV$inside,0,0
GZPBPV$outside,20,4,FO16NMGJ,FO16VYVO,FO16UWHY,FO16HXGF
GZMFCA$inside,0,0
GZMFCA$outside,20,6,KJ15EWBK,VL15YHXT,BJ15CXKG,UF15HOPF,UF15QTBK,UF15OSSW
GZLKZQ$inside,0,0
GZLKZQ$outside,20,1,SF16YPAF
GZWFWK$inside,0,0
GZWFWK$outside,20,1,FO16IJCQ
GZSXZC$inside,0,0
GZSXZC$outside,20,11,KJ16GRIC,LF16DIXP,LF16RRXU,UF16WYVQ,FO15KHIS,SC15IRQS,SC15DBEA,SC15QHTI,SC15IGQJ,SC15DZVU,SC15BVUW
GZZCOH$inside,0,0
GZZCOH$outside,20,3,UF16HXDU,UF16AEXM,FO16GHOK
GZUYOL$inside,0,0
GZUYOL$outside,15,1,FO15VLIV
GZVZNT$inside,0,0
GZVZNT$outside,20,1,SC15CHMG
GZAEHU$inside,0,0
GZAEHU$outside,25,0
GZDPDH$inside,0,0
GZDPDH$outside,25,10,BJ15FZNI,DS15RWNB,DS15IZZH,DS15AMCX,FO15OUKA,FO15INOW,FO15FBAF,FO15FCHA,SC15CHMG,SC15NZMY
GZBZIF$inside,0,0
GZBZIF$outside,20,2,KJ15YMKL,SC15FWAG
GZNRAM$inside,0,0
GZNRAM$outside,20,5,KJ15EWGA,KJ15NOFI,KJ15YFBZ,FO15VIJL,SC15CHMG
GZVTZP$inside,0,0
GZVTZP$outside,25,0
GZLHOP$inside,0,0
GZLHOP$outside,25,1,SC15CHMG
GZHQDV$inside,0,0
GZHQDV$outside,20,13,KJ15TGKJ,VL15YHXT,VL15IMPC,BJ15CXKG,XM16YQBI,UF15ABJL,UF15EXZR,UF15RGTE,UF15EXMF,UF16FKRU,UF16KNJO,UF16AEXM,FO15AEOB
NMIRWN$inside,0,0
NMIRWN$outside,4,0
NMIFPX$inside,0,0
NMIFPX$outside,4,0
NMMYGU$inside,0,0
NMMYGU$outside,4,1,LF15PXGV
NMVLTR$inside,0,0
NMVLTR$outside,4,0
NMQHIH$inside,0,0
NMQHIH$outside,4,0
NMYLLH$inside,0,0
NMYLLH$outside,4,1,FO15SMAK
NMRJCZ$inside,0,0
NMRJCZ$outside,0,0
NMUGJK$inside,0,0
NMUGJK$outside,0,0
NMSRND$inside,0,0
NMSRND$outside,0,0
NMSVWI$inside,0,0
NMSVWI$outside,4,0
NMJFNU$inside,0,0
NMJFNU$outside,4,0
NMSATV$inside,0,0
NMSATV$outside,8,2,FO16PIRE,FO16BUHU
NMPQAJ$inside,60,9,KJ15STAY,KJ15EWBK,KJ15AXCE,KJ15KTLM,KJ15JGKH,KJ15HVRB,KJ15EWGA,KJ15ZFES,KJ15EHER
NMPQAJ$outside,0,0
NMBUCE$inside,60,2,KJ15EWGA,KJ15TWSB
NMBUCE$outside,0,0
NMZRWR$inside,72,3,KJ15EWGA,KJ15ZXPJ,KJ15XOTM
NMZRWR$outside,8,1,UF15XQXW
NMWUNK$inside,80,3,KJ15HVRB,KJ16UYMS,KJ16HCTZ
NMWUNK$outside,0,0
NMLQKI$inside,72,23,KJ15JGKH,KJ15LMVB,KJ15TGRN,KJ15NYAL,KJ15VQWG,KJ15XOTM,KJ16DQOH,KJ16OEMM,KJ16EXRI,KJ16OKNM,KJ16VGRL,KJ16LZFK,KJ16RMMV,KJ16GEWP,KJ16IODE,KJ16ZKAC,KJ16ENIA,KJ16XQTP,KJ16BZRZ,KJ16THSJ,KJ16PNAS,KJ16CDXG,KJ16UNVQ
NMLQKI$outside,8,8,FO15JQSN,FO15JJYG,FO15KHIS,FO15GBIV,FO15TTYH,FO15JQSH,FO15CMPD,SC15FWAG
NMIDYM$inside,72,6,KJ15KTPD,KJ15YYLT,KJ15YFBZ,KJ15XOTM,KJ16RJAW,KJ16ZKAC
NMIDYM$outside,8,0
NMCFUH$inside,72,5,KJ15KTPD,KJ15OFKV,KJ15MJFL,KJ15HPGD,KJ15YFBZ
NMCFUH$outside,8,4,FO15CIMJ,FO15TTYH,FO15UXIW,FO15KKJW
NMGQWM$inside,72,8,KJ15ZXPJ,KJ15XWXH,KJ15TWSB,KJ16KVJV,KJ16ZOAP,KJ16WLSY,KJ16QICV,KJ16UNVQ
NMGQWM$outside,8,0
NMUQEU$inside,72,18,KJ15JGKH,KJ15KTPD,KJ15DKOB,KJ15ZXPJ,KJ15YYLT,KJ15DHYY,KJ15XWXH,KJ15TWSB,KJ15HYZX,KJ16OEWJ,KJ16WRWL,KJ16BLSO,KJ16KVJV,KJ16YIYE,KJ16ZOAP,KJ16WLSY,KJ16WYFB,KJ16KTMR
NMUQEU$outside,8,5,UF15UIXU,UF15EJIG,UF16FTNM,UF16WRGW,FO15CYIA
NMSEGH$inside,72,8,KJ15AICJ,KJ15DTZZ,KJ15EWGA,KJ15TGKJ,KJ15GJSE,KJ16JRMA,KJ16XRLH,KJ17WXVA
NMSEGH$outside,8,1,FO15CIMJ
NMKJIA$inside,72,27,KJ15TAMW,KJ15MQPT,KJ15AXCE,KJ15KTPD,KJ15LMVB,KJ15TGRN,KJ15AICJ,KJ15HVIG,KJ15QJYW,KJ15DTZZ,KJ15VQWG,KJ15VUMR,KJ15ZFES,KJ15OEPE,KJ15YYLT,KJ15EHER,KJ15VWLY,KJ15XWXH,KJ15TWSB,KJ15PPQI,KJ15GJSE,KJ15ESNN,KJ16YUNI,KJ16ROZO,KJ16SXFV,KJ16ASJR,KJ16ELAD
NMKJIA$outside,8,8,UF15UIXU,SF15VPRK,SF15TFFF,SF15FDPC,FO15VIJL,FO15WBCZ,FO15URUL,FO15SHNH
NMCTCD$inside,72,1,KJ15NOFI
NMCTCD$outside,8,0
NMHBWI$inside,72,3,KJ15LMVB,KJ15DKOB,KJ15HYZX
NMHBWI$outside,8,0
NMXRJS$inside,72,5,KJ15LMVB,KJ15NYAL,KJ15VQWG,KJ15MJFL,KJ16OXOM
NMXRJS$outside,8,0
NMYQYH$inside,72,0
NMYQYH$outside,8,0
PGHCKK$inside,0,0
PGHCKK$outside,0,0
PGMRBA$inside,0,0
PGMRBA$outside,0,0
PGHFIE$inside,30,2,VL15SPXZ,VL16QARN
PGHFIE$outside,10,10,XM15OHDA,XM15PTVQ,SF15VNII,SF15XFUH,SF15FBJS,SF15JFGL,SF15TFFF,SF15FDPC,SF15YWTK,FO15PWOW
PGDWUN$inside,0,0
PGDWUN$outside,10,9,XM15NXQQ,XM15UGVL,XM15FYYQ,XM15NZGN,XM17MHCN,XM17IDPT,XM17BLGY,XM17XAAS,XM17YQEG
PGCYVE$inside,30,11,VL15NNVC,VL15IVWR,VL15HQFC,VL17XZRP,VL17UOZU,VL17OTSU,VL17CDXX,VL17PKBF,VL17SVNC,VL17WTAO,VL17RKDP
PGCYVE$outside,20,3,XM15KTKS,LT15CILF,EI16KIVT
PGJSNK$inside,0,0
PGJSNK$outside,10,0
PGKWAA$inside,30,5,VL15IVWR,VL15WQXH,VL15TXSW,VL15DMGX,VL15SUQY
PGKWAA$outside,10,1,DS15GPEE
PGBJID$inside,0,0
PGBJID$outside,0,0
PGKQIO$inside,0,0
PGKQIO$outside,0,0
PGBIPM$inside,0,0
PGBIPM$outside,0,0
PGOOGV$inside,0,0
PGOOGV$outside,10,0
PGOMLJ$inside,30,21,VL15TXSW,VL16SNLX,VL16RFLH,VL16JFCY,VL16HHOO,VL16HPIZ,VL16YBPB,VL16TBOT,VL16YRMG,VL16UKLT,VL16HAEE,VL16RMTY,VL16DTCZ,BJ16GEUE,BJ16TWCK,BJ16VVQY,BJ16BRIY,BJ16WWKQ,BJ16WWYV,BJ16LBQH,BJ16AUIE
PGOMLJ$outside,30,4,DS15FTNZ,SF15SBDX,SF15FEJZ,FO16WBSH
PGLSBR$inside,60,34,VL15SPXZ,VL16SNLX,VL16RFLH,VL16HRLX,VL16JFCY,VL16HHOO,VL16QHQM,VL16VNCM,VL16NSSA,VL16ISTA,VL16HPIZ,VL16YBPB,VL16TBOT,VL16YRMG,VL16METN,VL16UEIM,VL16UKLT,VL16LZYH,VL16ZBRD,VL16XZPQ,VL16HAEE,VL16RMTY,VL16DTCZ,BJ16GEUE,BJ16TWCK,BJ16VVQY,BJ16GYRO,BJ16VYAP,BJ16QFZJ,BJ16BRIY,BJ16WWKQ,BJ16WWYV,BJ16WHJG,BJ16LBQH
PGLSBR$outside,20,20,KJ17FLHI,DS16YXPI,DS16XAIC,DS16EQTV,DS16YGJF,DS16JTRJ,DS16BADK,DS16IUMM,SF15TTPF,SF15DJKO,SF15TBLG,SF16BFXH,FO15ARKZ,FO16AJQH,FO16FAFI,SC16MPQF,SC16NHRC,SC16YMNW,SC16JHWQ,SC16KQEI
PGRAQF$inside,30,6,VL15JZRL,VL16QHQM,VL16QWNJ,VL16QARN,VL16HAEE,VL16DTCZ
PGRAQF$outside,20,3,KJ15TGKJ,FO15DVKE,SC16XDZG
PGVVNB$inside,0,0
PGVVNB$outside,0,0
PGXGAO$inside,40,2,VL15TXSW,VL15JZRL
PGXGAO$outside,0,0
PGGCLT$inside,40,20,VL15YHXT,VL15SUQY,VL15OTNH,VL16QWNJ,BJ15PZGR,BJ15VRAB,BJ15XLFJ,BJ15EVRH,BJ15RWNG,BJ16MDCH,BJ16RYXO,BJ16GYRO,BJ16QFZJ,BJ16UQEJ,BJ16WHJG,BJ16BLSG,BJ16YFMZ,BJ16BKAA,BJ16OHNV,BJ16IESQ
PGGCLT$outside,40,3,FO15WPDM,FO15WKRR,FO15WYCR
PGYQUV$inside,20,11,VL15IVWR,VL15UTDJ,VL15CCZB,VL15DMGX,VL15FFGZ,VL15RKZC,VL15BIPK,VL15TEQK,VL15FIFG,VL15NOKP,BJ15FZNI
PGYQUV$outside,0,0
PGFHZR$inside,40,11,VL15BCUB,VL15NNVC,VL15YHXT,VL15UTDJ,VL15DSSS,VL15SUQY,VL15OTNH,BJ15EYOR,BJ15VRAB,BJ15EVRH,BJ15RWNG
PGFHZR$outside,20,0
PGKRDZ$inside,40,19,VL15BCUB,VL15HQFC,VL15TXSW,VL15DMGX,VL15FFGZ,VL15BIPK,VL15DSSS,VL15TEQK,VL15SUQY,BJ15PZGR,BJ15CLYS,BJ15KJCI,BJ15LSSC,BJ15YNOK,BJ15XLFJ,BJ15EVRH,BJ15RWNG,BJ16TWCK,BJ16VVQY
PGKRDZ$outside,20,0
PGJPWM$inside,20,0
PGJPWM$outside,20,0
PGKTQX$inside,40,3,VL15NNVC,VL15OTNH,BJ15YNOK
PGKTQX$outside,20,0
PGBNKH$inside,30,9,VL15OTNH,VL16SNLX,VL16HRLX,VL16YBPB,VL16YRMG,VL16METN,VL16UEIM,VL16UKLT,BJ15CODK
PGBNKH$outside,20,1,UF15XUVZ
PGEIVW$inside,15,5,VL15YHXT,VL15JZRL,VL15FFGZ,VL15NOKP,BJ15CXKG
PGEIVW$outside,15,0
PGCEOB$inside,30,2,VL15TXSW,BJ15XLFJ
PGCEOB$outside,10,0
PGCFGV$inside,30,2,VL15BCUB,VL15FIFG
PGCFGV$outside,20,0
PGUGOU$inside,40,2,VL15JZRL,VL16HRLX
PGUGOU$outside,20,1,DS15RYUH
PGZEYI$inside,30,1,VL15BCUB
PGZEYI$outside,20,0
PGRZSJ$inside,30,6,VL15TXSW,VL15JZRL,BJ15EYOR,BJ15XLFJ,BJ15MJMA,BJ15CXKG
PGRZSJ$outside,20,0
PGBJRE$inside,40,16,VL15IVWR,VL15CCZB,VL15HQFC,VL15DMGX,VL15FFGZ,VL15IMPC,VL15RKZC,VL15FIFG,VL15NOKP,BJ15PZGR,BJ15ZSST,BJ15CODK,BJ15VRAB,BJ15GLOG,BJ15EVRH,BJ16VXWD
PGBJRE$outside,40,33,KJ15TGKJ,XM15XNWO,XM15XJVJ,XM15ZPVQ,XM15ZSHA,XM15HXEX,XM15FVJV,XM15SIUI,XM17SZBZ,UF15SBWC,SF15GFJB,SF15ULQP,SF15SMUW,SF15PORA,SF15PTMX,SF15KLPI,SF15GCIZ,SF15PKXW,SF15NPJM,SF16NGOV,SF16MIJS,SF16CFGB,SF16IRQI,SF16JJSM,SF16JSTH,SF16EDWR,SF17TLYR,SF17OBWW,SF17PDTM,OZ15TRLM,FO15VYZU,FO16AWNM,SC15WORJ
PGWGFF$inside,30,10,VL15BCUB,VL15HQFC,VL15CUKP,VL15DMGX,VL15FFGZ,VL15SPXZ,VL15TEQK,VL15NOKP,BJ15GLOG,BJ15RWNG
PGWGFF$outside,20,0
PGHMYM$inside,40,0
PGHMYM$outside,0,0
HXBUNJ$inside,10,3,DS15XATG,DS15RWTY,DS15RFLV
HXBUNJ$outside,10,0
LFRDXJ$inside,0,0
LFRDXJ$outside,10,3,KJ15ZXPJ,FO15ACQL,FO15EXOU
LFDTAI$inside,0,0
LFDTAI$outside,10,0
LFBMNG$inside,10,0
LFBMNG$outside,10,2,BJ15CLYS,BJ15QFWC
LFBLGN$inside,0,0
LFBLGN$outside,10,3,XM15BPRS,XM15ZPPC,XM15SCXT
LFLNNL$inside,20,0
LFLNNL$outside,10,0
LFACOO$inside,0,0
LFACOO$outside,10,1,FO16BCPK
LFOFFD$inside,0,0
LFOFFD$outside,10,0
LFMVAT$inside,60,0
LFMVAT$outside,0,0
LFTVQD$inside,50,23,LF15NYGZ,LF15XRER,LF15HFYG,LF16FBWR,LF16SLJR,LF16XFMK,LF16ZABV,LF16UAAW,LF16QBAJ,LF16SEAH,LF16JTMY,LF16MWGX,LF16DXXC,LF16UXMJ,LF16CTYK,LF16OSNV,LF16BWUH,LF16CVSU,LF16NXWF,LF16HSAN,LF16YYWH,LF16QAUR,LF16CYMN
LFTVQD$outside,10,0
LFORDZ$inside,50,6,LF15FEVD,LF15HPQA,LF15PSSQ,LF15ZXQA,LF15KQAI,LF15HFYG
LFORDZ$outside,10,0
LFXLAW$inside,0,0
LFXLAW$outside,10,0
LFXXYW$inside,10,2,LF15XUNR,LF15EFRH
LFXXYW$outside,10,0
LFUBQV$inside,0,0
LFUBQV$outside,10,0
LFGYHL$inside,50,28,LF15PVTT,LF15JHHM,LF15TXIQ,LF15TTJX,LF15IDYY,LF15KUNC,LF15KZJO,LF15FHEB,LF15QUMO,LF15HMBD,LF15NYGZ,LF15PCDW,LF15XRER,LF15YLJJ,LF15WVVU,LF15NLPO,LF15XWPP,LF15EFRH,LF15VBAI,LF15YCGL,LF15LFOA,LF15NQEZ,LF15FAEB,LF15PXGV,LF15BLZD,LF15LGXI,LF15DFXI,LF16SHNM
LFGYHL$outside,10,1,UF15UNCA
LFPMFX$inside,50,8,LF15PKTP,LF15IDYY,LF15MDKY,LF15GROY,LF15NMGK,LF15VBAI,LF15RMZI,LF15BJXB
LFPMFX$outside,10,0
LFDMJU$inside,50,13,LF15PVTT,LF15JHHM,LF15IDYY,LF15KUNC,LF15HMBD,LF15PCDW,LF15XRER,LF15WVVU,LF15NLPO,LF15XWPP,LF15VBAI,LF15YCGL,LF15BMZS
LFDMJU$outside,10,0
LFBTLY$inside,50,4,LF15YXXY,LF15FAEB,LF15NATV,LF16JEPQ
LFBTLY$outside,10,0
LFTMEY$inside,20,11,LF15FEVD,LF15HPQA,LF15PSSQ,LF15WKQG,LF15KUNC,LF15ZXQA,LF15HMBD,LF15PCDW,LF15XRER,LF15NLPO,LF15XWPP
LFTMEY$outside,10,0
LFDJPF$inside,50,1,LF15JWZT
LFDJPF$outside,10,0
LFBXBB$inside,60,19,LF15PVTT,LF15JHHM,LF15PWIT,LF15HPQA,LF15TTJX,LF15QUQZ,LF15KUNC,LF15WDFA,LF15HMBD,LF15PCDW,LF15WVVU,LF15NLPO,LF15XWPP,LF15ZCRL,LF15YCGL,LF15NQEZ,LF15VRVV,LF15SCXO,LF15IXXR
LFBXBB$outside,0,0
LFUVNS$inside,50,3,LF15FAEB,LF15PXGV,LF15BLZD
LFUVNS$outside,10,0
LFKAZX$inside,15,1,LF15AOYT
LFKAZX$outside,0,0
LFNVWZ$inside,20,3,LF15HPQA,LF15ZIHE,LF15WKQG
LFNVWZ$outside,10,0
LFRBZC$inside,10,4,LF15TTJX,LF15EZAI,LF15UHDW,LF15OWOW
LFRBZC$outside,5,0
LFPJTP$inside,40,0
LFPJTP$outside,0,0
LFBMSL$inside,50,1,LF15VSIH
LFBMSL$outside,10,0
LFUIYY$inside,50,0
LFUIYY$outside,10,1,UF16HXDU
LFOXTO$inside,50,1,LF15HCBH
LFOXTO$outside,10,0
LFVZVH$inside,50,1,LF15HCBH
LFVZVH$outside,10,0
LFVJZC$inside,50,0
LFVJZC$outside,10,0
LFGZRD$inside,50,4,LF15FEVD,LF15WKQG,LF15KZJO,LF15HFYG
LFGZRD$outside,10,0
LFEYHX$inside,50,0
LFEYHX$outside,10,0
LFRZSV$inside,50,3,LF15BJXB,LF15JWZT,LF15APLJ
LFRZSV$outside,10,0
LFOSDE$inside,50,3,LF15QSHS,LF15YGVK,LF15APLJ
LFOSDE$outside,10,0
LFOASC$inside,50,3,LF15PSSQ,LF15ZXQA,LF15CGYG
LFOASC$outside,10,0
LFHZJW$inside,50,15,LF15TXIQ,LF15UHDW,LF15QUMO,LF15QSHS,LF15NYGZ,LF15YLJJ,LF15YXXY,LF15KQAI,LF15OWOW,LF15LNPN,LF15BQSH,LF15UTIL,LF15JWZT,LF15IHGT,LF15HFYG
LFHZJW$outside,10,0
LFEAFF$inside,50,1,LF15LNPN
LFEAFF$outside,10,0
LFQPIS$inside,50,5,LF15CJCD,LF15HPQA,LF15LNPN,LF15KZEA,LF15BLZD
LFQPIS$outside,10,0
LFXTGG$inside,50,7,LF15TXIQ,LF15KZJO,LF15FHEB,LF15QUMO,LF15FAEB,LF15BLZD,LF15LGXI
LFXTGG$outside,10,0
LFBMNW$inside,50,9,LF15TXIQ,LF15FHEB,LF15QUMO,LF15NYGZ,LF15KQAI,LF15BQSH,LF15FAEB,LF15PXGV,LF15BLZD
LFBMNW$outside,10,0
LFBXPN$inside,50,1,LF15HZII
LFBXPN$outside,10,0
LFVJPA$inside,50,8,LF15WDFA,LF15TPZB,LF15TYIP,LF15CGYG,LF15KZEA,LF15KUTU,LF15IXXR,LF16OJTI
LFVJPA$outside,10,0
LFNMEQ$inside,50,2,LF15CGYG,LF15KUTU
LFNMEQ$outside,10,0
LFWVHJ$inside,50,4,LF15TYIP,LF15CGYG,LF15KZEA,LF15KUTU
LFWVHJ$outside,10,0
LFSBJJ$inside,20,20,LF15PWIT,LF15QUQZ,LF15ONBU,LF15JRAZ,LF15PKTP,LF15GEKL,LF15XQDF,LF15MGNQ,LF15AOYT,LF15TPZB,LF15VQIH,LF15VSIH,LF15RMZI,LF15VRVV,LF15OQNN,LF15BMZS,LF15BQSH,LF15IJTB,LF15SCXO,LF15IXXR
LFSBJJ$outside,5,5,LF15UHDW,LF15MDKY,LF15OWOW,LF15IHGT,UF15QTBK
LFPDGV$inside,50,7,LF15ONBU,LF15KZJO,LF15NKVR,LF15KURV,LF15LPZL,LF15KZEA,LF15KUTU
LFPDGV$outside,10,3,SF15BQOV,FO15NJTS,FO15WBKG
LFLFPM$inside,50,3,LF15PWIT,LF15VSIH,LF15KUTU
LFLFPM$outside,10,1,FO15NJTS
LFHIZL$inside,10,9,LF15PSSQ,LF15UHDW,LF15YXXY,LF15OWOW,LF15XXKV,LF15OQNN,LF15IHGT,LF15DFXI,LF15SCXO
LFHIZL$outside,5,0
LFFUAL$inside,10,4,LF15ZIHE,LF15IJTB,LF15SCXO,LF15IXXR
LFFUAL$outside,0,0
LFAKUD$inside,50,0
LFAKUD$outside,10,0
LFIDWQ$inside,10,1,LF15TQLL
LFIDWQ$outside,0,0
LFDVTW$inside,50,1,LF15ZXQA
LFDVTW$outside,10,0
LFERTJ$inside,0,0
LFERTJ$outside,10,3,LF15KZJO,LF15FHEB,LF15LNPN
LFMGKE$inside,10,5,LF15TTJX,LF15DSGL,LF15IXXR,LF16XEHY,LF17CGAF
LFMGKE$outside,5,0
LFYNDN$inside,0,0
LFYNDN$outside,10,3,LF15FEVD,LF15EZAI,LF15YLJJ
DSKJVV$inside,95,0
DSKJVV$outside,5,0
DSTGDL$inside,5,0
DSTGDL$outside,5,0
DSVZGC$inside,180,0
DSVZGC$outside,10,0
DSCODQ$inside,5,0
DSCODQ$outside,5,5,KJ17BQCG,KJ17DXAX,XM15NXQQ,XM17AWUL,SF15UGYL
DSCQDH$inside,5,0
DSCQDH$outside,5,0
DSZDEW$inside,5,0
DSZDEW$outside,5,0
DSKPSV$inside,5,5,DS16BDAB,DS16LHNO,DS16WJOW,DS16XIRF,DS16UZIS
DSKPSV$outside,5,5,DS16MRKY,DS16ABJK,DS16AMXW,DS16RESY,DS16PZLQ
DSSIER$inside,10,6,DS15WVZN,DS16NWWB,DS16ROIG,DS16TMHD,DS16VCEG,DS16IBAC
DSSIER$outside,5,0
DSTVXI$inside,0,0
DSTVXI$outside,0,0
DSLGZQ$inside,0,0
DSLGZQ$outside,0,0
DSWQKL$inside,95,0
DSWQKL$outside,5,0
DSPGMP$inside,100,0
DSPGMP$outside,0,0
DSLCOI$inside,100,0
DSLCOI$outside,0,0
DSZFGP$inside,100,0
DSZFGP$outside,0,0
DSIGUY$inside,100,0
DSIGUY$outside,0,0
DSZVWH$inside,100,34,DS15KUGD,DS15CRSM,DS15FDWB,DS15MDUU,DS15USRT,DS15ULAL,DS15HDMG,DS15QNUG,DS15UBJE,DS15WBOU,DS15NWBJ,DS15XQSE,DS15FTNZ,DS15XATG,DS15YFYH,DS15YBJA,DS15KQEH,DS15XDQG,DS15DDCI,DS15XCTJ,DS15WSMW,DS15ADMY,DS15MDAA,DS15PWOQ,DS15QOIL,DS15YQNS,DS15UZMA,DS15RTRF,DS15SJKF,DS15WAVF,DS15STNH,DS15SFIQ,DS15ESHW,DS15PYZH
DSZVWH$outside,0,0
DSCLXQ$inside,20,6,DS15CRSM,DS15YBJA,DS15EHLF,DS15ZBQO,DS15XTRP,DS15MJZI
DSCLXQ$outside,20,1,FO15GUTS
DSXJJT$inside,15,11,DS15HDMG,DS15WBOU,DS15XATG,DS15FLSJ,DS15UWZC,DS15QPZQ,DS16YXPI,DS16KXKV,DS16EYAM,DS16TDXI,DS16BADK
DSXJJT$outside,30,0
DSLAHJ$inside,10,10,DS15WJAD,DS16XFVC,DS16AQKD,DS16AOSF,DS16KLKM,DS16SLRZ,DS16CBZT,DS16DVEI,DS16SZUP,DS16LYVN
DSLAHJ$outside,10,2,DS16CCAC,DS16XZIC
DSSPCL$inside,5,0
DSSPCL$outside,5,2,VL15BCUB,VL15HQFC
DSMQRI$inside,5,5,DS16VHHW,DS16XAIC,DS16EQTV,DS16YQFF,DS16NQPW
DSMQRI$outside,5,5,LF15NKVR,DS16YGJF,DS16JQCY,FO15CJHQ,FO15PTML
DSMUQM$inside,5,3,DS15ESHW,DS15JYTW,DS15PYZH
DSMUQM$outside,5,0
DSCFZA$inside,5,0
DSCFZA$outside,5,0
DSWJGL$inside,5,5,DS15MDUU,DS15UBJE,DS15SORA,DS15STNH,DS15OKHF
DSWJGL$outside,5,5,KJ15HPGD,VL15TEQK,FO16VRGK,FO16FGVQ,FO16XMHS
DSNPQL$inside,10,10,DS15PWOQ,DS15WAVF,DS15RWTY,DS16XFVC,DS16XNOT,DS16TDXI,DS16ASYC,DS16SLRZ,DS16SQTV,DS16LYVN
DSNPQL$outside,20,1,LT15PKFV
DSAAFM$inside,10,10,DS15JLLE,DS15IKKH,DS15IFGB,DS15PWOQ,DS16XNOT,DS16IDDO,DS16ZZHR,DS16VFBC,DS16TDXI,DS16PUPF
DSAAFM$outside,10,10,KJ15CEHG,BJ15JIXK,LF15NKVR,OZ15SGYT,OZ15YQXK,FO15PWOW,FO15SNEQ,FO16RVYQ,LT15RWPF,SC15IYTK
DSQRDO$inside,5,3,DS15HDMG,DS15KQEH,DS15WSMW
DSQRDO$outside,5,0
DSISHA$inside,20,20,DS15SGJN,DS15NWBJ,DS15GOXF,DS15QIBZ,DS15MDAA,DS15GPEE,DS15UWZC,DS15AMCX,DS16EFPD,DS16DINN,DS16AOSF,DS16XSWN,DS16QPGZ,DS16MYUW,DS16YQGL,DS16RWXR,DS16MCSG,DS16DVEI,DS16XZIC,DS16RRSC
DSISHA$outside,20,17,DS15IZZH,DS15JPJR,DS15HEAK,DS15FLSJ,DS15XRKZ,DS15QPZQ,DS16AQKD,DS16AHCE,DS16JLHV,DS16OFMW,DS16HMIP,DS16RVXZ,DS16YQFF,DS16ZBUA,DS16JQCY,DS16UZIS,DS16SZUP
DSAFYI$inside,40,12,DS15JLLE,DS15ONVT,DS15OLSF,DS15XDQG,DS15WAMQ,DS15WVZN,DS15OKHF,DS16HOVQ,DS16HQZJ,DS16JXKV,DS16LUCH,DS16XQUZ
DSAFYI$outside,150,70,KJ15MTXM,KJ15JAHX,KJ15DHYY,KJ15CEHG,VL15JECT,VL15RKZC,LF15EZEQ,LF15EZAI,LF15VQIH,LF15KURV,LF15BJXB,UF15WJWE,UF15CDXM,UF15TRWJ,UF15PDZP,UF16AEXM,UF16FCKQ,SF15SBDX,SF15WUXF,SF15DGAW,SF15GQMK,SF15DJKO,SF15BEAD,SF15FKIV,SF15CTFP,SF15OXNA,SF15BQOV,SF15PORA,SF15NVNQ,SF15PTMX,SF15XAYN,SF15KLPI,SF15DSUI,SF15SQVS,SF15PWOK,SF15GCIZ,SF15ACWO,SF15QAYT,SF15VZHU,SF15WXBZ,SF15SPHX,SF15KKLW,SF15QXWC,SF15NPJM,SF15DUDG,OZ15VEFH,OZ15SGYT,FO15NZVD,FO15CYIA,FO15FUOY,FO15XWKJ,FO15LFIZ,FO15SRDI,FO15WGLO,FO15KMYP,FO15IOML,FO15TMAU,FO15NTEA,FO15QNVC,FO15QHHI,FO15WBOC,FO15AUWC,FO15TPPD,LT15AICZ,SC15WORJ,SC15VFWN,SC15UBSJ,SC16VPVC,SC16ZHDB,SC16UDQW
DSJURV$inside,20,2,DS15RYUH,DS16HORZ
DSJURV$outside,5,0
DSTZHW$inside,10,0
DSTZHW$outside,10,0
DSKUYZ$inside,10,1,DS15WBOU
DSKUYZ$outside,0,0
XMJIBU$inside,0,0
XMJIBU$outside,0,0
XMMCBB$inside,0,0
XMMCBB$outside,0,0
XMPCJP$inside,0,0
XMPCJP$outside,0,0
XMKZHN$inside,0,0
XMKZHN$outside,0,0
XMJFCB$inside,0,0
XMJFCB$outside,0,0
XMIMXS$inside,0,0
XMIMXS$outside,10,1,SF15PKXW
XMLJMC$inside,0,0
XMLJMC$outside,10,0
XMRIEZ$inside,0,0
XMRIEZ$outside,10,3,SF15EHUB,SF15HJZQ,OZ15OXKF
XMAFNC$inside,60,35,XM15XNWO,XM15OHDA,XM15QTKH,XM15ANFT,XM15ZPVQ,XM15KTKS,XM15ATBG,XM15RZDW,XM15PTVQ,XM15BPRS,XM15RKMD,XM15FYYQ,XM15MNIF,XM15YRGO,XM15GIAD,XM15HXEX,XM16EEET,XM16HJHC,XM16GGDV,XM16UFYB,XM16OQKP,XM16WNDH,XM16TJNZ,XM16GXDM,XM16CEXQ,XM16HCHI,XM16NXBO,XM16YQBI,XM16SLSG,XM16HSNC,XM16VHRD,XM16UABZ,XM16BODA,XM16RGZH,XM16HNTH
XMAFNC$outside,6,6,KJ15HWWU,SF15DDHI,SF15ORKE,SF15CNHQ,SF15JFGL,SF15OXNA
XMKLXA$inside,60,5,XM15XNWO,XM15OKAX,XM15EBTZ,XM15FVJV,XM15VIAW
XMKLXA$outside,0,0
XMPBPG$inside,30,5,XM15KTKS,XM15ZSHA,XM15GIAD,XM15GSGI,XM15SIUI
XMPBPG$outside,0,0
XMBELY$inside,20,8,XM15NJFN,XM15VJXM,XM15KTKS,XM15PTVQ,XM15SHVL,XM15NXQQ,XM15NELO,XM16RGZH
XMBELY$outside,10,10,DS15JMHC,UF15CKRF,UF15GSXR,UF15WJWE,UF15KWLS,UF15KJVB,UF15USLW,UF15PDZP,SF16YNJJ,SF16SXZA
XMHZDH$inside,30,30,XM15QTKH,XM15NOAE,XM15NJFN,XM15JKSI,XM15PXDP,XM15MNIF,XM15ISYH,XM15SCXT,XM15LWIU,XM15VIAW,XM16QQWU,XM16XFHE,XM16AEWE,XM16QGOM,XM16KZVQ,XM16OWKQ,XM16RNBA,XM16RTDQ,XM16DAUY,XM16XJRE,XM16TXLG,XM16CYFW,XM16VDRI,XM16VKLV,XM16MNNM,XM16KBSU,XM16RICN,XM16OWKJ,XM16JGAK,XM16HFXZ
XMHZDH$outside,0,0
XMFFJO$inside,40,11,XM15JKSI,XM15SHVL,XM15ZSHA,XM16CEWC,XM16GNSZ,XM16INPN,XM16WXLQ,XM16BBLL,XM16UVMS,XM16XNKU,XM16NGEP
XMFFJO$outside,10,0
XMMLMN$inside,40,24,XM15YMSN,XM15XDXG,XM15VJXM,XM15SEOP,XM15LWXU,XM15AQTS,XM15ZPVQ,XM15ATBG,XM15FHVP,XM15TCCQ,XM15NXQQ,XM15UGVL,XM15OKAX,XM15RKMD,XM15MWXU,XM15YRGO,XM15NZGN,XM15ZPPC,XM15YGSX,XM15GSGI,XM15UFRA,XM16CEXQ,XM16BBLL,XM16UVMS
XMMLMN$outside,20,10,KJ15HWWU,VL15JECT,SF15TYYH,SF15SMUW,SF15HJZQ,SF15WVUQ,SF16SAIX,SF16MURB,SF16FJLM,SF16SFZO
XMKBXQ$inside,40,5,XM15ZPVQ,XM15KTKS,XM15IDTI,XM15GWNX,XM15KFLO
XMKBXQ$outside,40,0
XMGNAN$inside,30,18,XM15QTKH,XM15NJFN,XM15SEOP,XM15ATBG,XM15IDTI,XM15MNIF,XM15NALJ,XM15RBZJ,XM15NELO,XM15SIUI,XM16POZM,XM16VSJW,XM16LKSL,XM16SVNF,XM16GNSZ,XM16XHZG,XM16UVMS,XM16NGEP
XMGNAN$outside,20,7,SF15BJAF,SF16VAXE,SF16FJLM,SF16SFZO,SF16WVUY,SF16DRNY,SC16JHBL
XMCDUN$inside,10,10,XM15OHDA,XM15ANFT,XM15NOAE,XM15PXDP,XM15OKAX,XM15MWXU,XM15FYYQ,XM15XOZW,XM15ISYH,XM15YGSX
XMCDUN$outside,0,0
XMNXYO$inside,30,9,XM15ANFT,XM15AQTS,XM15MWXU,XM15ZPPC,XM15YGSX,XM15GWNX,XM15GSGI,XM15KFLO,XM16IRQM
XMNXYO$outside,10,3,SF15ECYN,SF15UYZI,SF15HJZQ
XMIHEO$inside,30,7,XM15XNWO,XM15RBZJ,XM15YGSX,XM15EBTZ,XM15PLJM,XM15FVJV,XM15SIUI
XMIHEO$outside,10,2,LF15NATV,OZ15TRLM
XMJVQT$inside,12,0
XMJVQT$outside,5,2,DS15SORA,SF15NPJM
XMOTTJ$inside,30,25,XM15XDXG,XM15NOAE,XM15SEOP,XM15ATBG,XM15PXDP,XM15BPRS,XM15UGVL,XM15OKAX,XM15IDTI,XM15RKMD,XM15MWXU,XM15XOZW,XM15GIAD,XM15NZGN,XM15ISYH,XM15NALJ,XM15RBZJ,XM15SCXT,XM15YGSX,XM15LWIU,XM15MMPX,XM15GSGI,XM15UFRA,XM15PLJM,XM15VIAW
XMOTTJ$outside,10,1,SF15ASZF
XMCRTZ$inside,20,8,XM15BPRS,XM15XOZW,XM15ZPPC,XM15SCXT,XM15LWIU,XM15MMPX,XM15UFRA,XM16NXBO
XMCRTZ$outside,10,2,DS15VLGN,SF15UYZI
XMIOPG$inside,30,9,XM15YMSN,XM15VJXM,XM15FHVP,XM15RKMD,XM15YRGO,XM15EBTZ,XM15FVJV,XM16PIPT,XM16UTMD
XMIOPG$outside,10,10,LF16GLWW,UF15CKRF,UF15WJWE,SF15EHEL,SF15NPJM,SF16AOGW,SF16CFGB,SF16XFLU,SF16JSTH,OZ15YGIZ
XMFOYC$inside,10,4,XM15XNWO,XM15XJVJ,XM15NELO,XM15SIUI
XMFOYC$outside,5,5,SF15KLPI,SF15ASZF,SF15ICJW,FO15DVKE,FO15WGLO
XMIUBV$inside,30,6,XM15XDXG,XM15XJVJ,XM15LWXU,XM15ISYH,XM15NALJ,XM15RBZJ
XMIUBV$outside,10,10,KJ15TAMW,KJ15YMKL,VL15JECT,VL15RKZC,BJ15VCTJ,DS15OKHF,SF15WITY,SF15ICJW,FO15RZXZ,FO15CEXB
XMHIYP$inside,15,7,XM15XJVJ,XM15PTVQ,XM15SHVL,XM15RKMD,XM15GIAD,XM15MMPX,XM15PLJM
XMHIYP$outside,30,1,OZ15OVOW
UVGNER$inside,300,0
UVGNER$outside,50,0
UVHSNY$inside,300,0
UVHSNY$outside,50,0
UVQTBX$inside,300,0
UVQTBX$outside,50,0
UVSPCS$inside,300,0
UVSPCS$outside,50,0
UVLJJL$inside,300,0
UVLJJL$outside,50,0
UVEMFW$inside,300,0
UVEMFW$outside,50,0
UVZVEQ$inside,300,0
UVZVEQ$outside,50,0
UFCOVX$inside,60,0
UFCOVX$outside,5,1,FO15XZMF
UFKRXK$inside,60,0
UFKRXK$outside,5,4,XM15VIAW,SF15PKXW,SF15WBRW,LT15YIIE
UFIOKO$inside,60,0
UFIOKO$outside,5,0
UFEENI$inside,25,18,UF15ABJL,UF15WDSW,UF15CKRF,UF15WGZM,UF15UIXU,UF15GSXR,UF15DCFR,UF15QPIS,UF15XQXW,UF15SBWC,UF15DCNU,UF15RYOI,UF15KJVB,UF15RTAJ,UF15QTBK,UF15SKFX,UF15TSFK,UF15LNAC
UFEENI$outside,5,5,XM15XDXG,XM15NZGN,SF17WNQG,FO15FMGW,FO15NJKG
UFXJYO$inside,30,8,UF15FTCB,UF15EXZR,UF15CDXM,UF15KWLS,UF15USLW,UF15PLTP,UF15IRVC,UF15XUVZ
UFXJYO$outside,5,5,LF15LGXI,XM15FHVP,FO15BQOE,LT15YIIE,SC15JNTD
UFVVDY$inside,60,0
UFVVDY$outside,10,0
UFKLME$inside,60,0
UFKLME$outside,5,0
UFFIIQ$inside,60,0
UFFIIQ$outside,5,3,KJ16YUNI,KJ16YQAS,FO15AEOB
UFSCDM$inside,120,0
UFSCDM$outside,10,0
UFHHKK$inside,60,0
UFHHKK$outside,5,3,FO15SMAK,FO15YZXI,FO15CJMI
UFNVKH$inside,30,2,UF15FJHW,UF16WRGW
UFNVKH$outside,5,4,KJ15NYAL,LT15HRUU,LT15AHZX,LT15QLTK
UFWLTQ$inside,40,4,UF15WGZM,UF15OEEG,UF15DCFR,UF15RTAJ
UFWLTQ$outside,5,0
UFCYEE$inside,20,0
UFCYEE$outside,5,5,VL16NSSA,VL16TNAT,VL16QARN,VL16XZPQ,BJ15CXKG
UFWNVF$inside,50,0
UFWNVF$outside,5,0
UFPTWD$inside,60,0
UFPTWD$outside,5,0
UFLGFI$inside,30,0
UFLGFI$outside,5,1,FO15MGLI
UFYBGB$inside,120,0
UFYBGB$outside,10,9,FO15FVJQ,FO15RKNP,FO15GRJL,FO15LGIT,FO15FPIF,FO15ATJR,FO15CMPD,FO15GCIV,FO15NJKG
UFQSNO$inside,30,0
UFQSNO$outside,5,5,DS15XCTJ,FO15NHVL,FO15DDFH,FO15JJBG,FO15OUXL
UFWJYW$inside,30,0
UFWJYW$outside,5,0
UFZHWK$inside,30,6,UF15FTCB,UF15PLTP,UF15SKFX,UF15TSFK,UF15IRVC,UF16XEQM
UFZHWK$outside,5,4,FO15DDFH,FO15NJKG,FO15RSML,FO15WIWE
UFKOQL$inside,35,3,UF15QPIS,UF15OSSW,UF15LNAC
UFKOQL$outside,15,6,DS15JLLE,SF15BRYF,FO15SXNA,FO15SDPV,FO15CKCP,FO17MXNH
UFBHOZ$inside,40,5,UF15ABJL,UF15KWLS,UF16WKIH,UF16SFDX,UF16JMOE
UFBHOZ$outside,5,5,KJ16QICV,LF16DYRO,DS16CSGQ,FO15FVJQ,FO15CEXB
UFNLAM$inside,40,5,UF15RUDM,UF15FJHW,UF15BGCQ,UF15TRWJ,UF15OSSW
UFNLAM$outside,5,2,FO15VIJL,FO15GUTS
UFCTFV$inside,30,0
UFCTFV$outside,5,3,FO15DDFH,FO15GRJL,FO15WIWE
UFTNJM$inside,60,0
UFTNJM$outside,0,0
UFTEBU$inside,30,0
UFTEBU$outside,5,4,VL15JECT,VL15IVWR,FO15WBKG,FO15WBOC
UFHRZF$inside,20,6,UF15FTCB,UF15EXZR,UF15HOPF,UF15PLTP,UF15IRVC,UF15EJIG
UFHRZF$outside,20,0
UFRHNN$inside,15,0
UFRHNN$outside,25,0
SFXKJX$inside,1,1,SF17NJVE
SFXKJX$outside,0,0
SFFVDS$inside,1,1,SF15JFGL
SFFVDS$outside,0,0
SFRZPA$inside,40,1,SF15FBJS
SFRZPA$outside,0,0
SFHHOS$inside,90,31,SF15SMUW,SF15XGPE,SF15KTKD,SF16FUOK,SF16BCGZ,SF16BTRU,SF16VBRY,SF16JUQF,SF16OERU,SF16XCZP,SF16HWIJ,SF16ABVL,SF16RDGK,SF16MZAN,SF16GWFJ,SF16CFGB,SF16IQVU,SF16PUHH,SF16MIPI,SF16RBWM,SF16SFZW,SF16BFDB,SF16AQGS,SF16QPDA,SF16DRNY,SF16PCDK,SF16ZCPJ,SF16KQLS,SF16ZDET,SF16VZYJ,SF16XVAA
SFHHOS$outside,0,0
SFZGMF$inside,0,0
SFZGMF$outside,5,0
SFIPIU$inside,0,0
SFIPIU$outside,5,0
SFFWGR$inside,10,2,FO16QTDP,FO16HKLE
SFFWGR$outside,0,0
SFONDZ$inside,90,77,SF15ECYN,SF15JYZU,SF15MZEQ,SF15FEJZ,SF15ADVK,SF15DSUI,SF15SDSQ,SF15WVUQ,SF15SPHX,SF16YHGN,SF16MLZQ,SF16MEWD,SF16BJMV,SF16OFHY,SF16BCWY,SF16BTRU,SF16VKCU,SF16SGEX,SF16CBJV,SF16AQGZ,SF16VTTB,SF16AUVZ,SF16YNWZ,SF16PBEV,SF16IXMZ,SF16SOJB,SF16YFOL,SF16AJLH,SF16VBRY,SF16YUQS,SF16FCPQ,SF16KIKC,SF16WCVG,SF16AOGW,SF16VYOW,SF16PHBM,SF16ICAM,SF16NVDD,SF16KNTE,SF16NBIV,SF16TRBE,SF16HWIJ,SF16LQNQ,SF16RDGK,SF16GKMX,SF16SAIX,SF16JTNW,SF16VTFC,SF16XFLU,SF16MPBK,SF16IQVU,SF16AVNT,SF16PSWY,SF16AJZM,SF16BEZJ,SF16OBHX,SF16NEFO,SF16OPNJ,SF16OHRV,SF16OFRA,SF16VYJG,SF16BFDB,SF16ETAI,SF16OTFZ,SF16KQLS,SF16NIXV,SF16EALT,SF16OJMX,SF16VZYJ,SF16YLKF,SF16ELTG,SF16OQUF,SF16XVLA,OZ15KMHM,OZ15ALMS,OZ16QESP,OZ16FWTT
SFONDZ$outside,0,0
SFWXAU$inside,90,34,SF15CUCW,SF15TYYH,SF15VNII,SF15XFUH,SF15TOSL,SF15YUMM,SF15EYGK,SF15TFFF,SF15RYAH,SF15FANN,SF15YWTK,SF15WPLP,SF15AKAP,SF15TBLG,SF15BQOV,SF15VGNS,SF15FEJZ,SF15SDSQ,SF15PWOK,SF15QIUF,SF15QNEO,SF15OETS,SF15RUTC,SF16HAPJ,SF16BMUD,SF16YUQS,SF16MZAN,SF16GKMX,SF16VTFC,SF16IWSX,SF16RBWM,SF16SFZW,SF16JVXW,SF16OQUF
SFWXAU$outside,0,0
SFLORS$inside,0,0
SFLORS$outside,5,3,FO16YMET,FO16YHOX,SC16FVKI
SFABDD$inside,90,90,SF15VKIK,SF15XGPE,SF15SQVS,SF15VZHU,SF15OHFS,SF15AZNK,SF16YHGN,SF16FDVB,SF16GSZM,SF16MLZQ,SF16FUOK,SF16BCGZ,SF16MEWD,SF16HAPJ,SF16BJMV,SF16VKCU,SF16SGEX,SF16AQGZ,SF16VTTB,SF16YNWZ,SF16IXMZ,SF16SOJB,SF16YFOL,SF16VBRY,SF16FCPQ,SF16WCVG,SF16AOGW,SF16VYOW,SF16JUQF,SF16IOVS,SF16NVDD,SF16NBIV,SF16VAXE,SF16OERU,SF16TRBE,SF16NGOV,SF16ABVL,SF16LQNQ,SF16RDGK,SF16GKMX,SF16GWFJ,SF16JTNW,SF16COVU,SF16IRQI,SF16VTFC,SF16JJSM,SF16AVNT,SF16UWNA,SF16PSWY,SF16MURB,SF16FJLM,SF16BEZJ,SF16SFZO,SF16QVWT,SF16OBHX,SF16MUUN,SF16NEFO,SF16JOLU,SF16OPNJ,SF16UQFI,SF16PUHH,SF16EDWR,SF16LKCF,SF16MIPI,SF16YPAF,SF16OFRA,SF16THCE,SF16VYJG,SF16KVEH,SF16AQGS,SF16QPDA,SF16BFXH,SF16QZWD,SF16NIXV,SF16EALT,SF16ZDET,SF16OJMX,SF16YLKF,SF16XVAA,SF16ELTG,SF16OQUF,SF16DKWF,SF16XVLA,OZ16MCMO,OZ16XAKA,OZ16MVQA,OZ16VLAM,OZ16APPT,OZ16UZLS,OZ16HYIO
SFABDD$outside,0,0
SFAGUB$inside,1,0
SFAGUB$outside,0,0
SFZOYV$inside,1,0
SFZOYV$outside,0,0
SFMUVI$inside,0,0
SFMUVI$outside,60,7,XM17HLCC,SF17DATI,SF17VEHO,SF17CXOK,LT17KRSX,LT17CYCF,SC15PEXG
SFFVZI$inside,90,5,SF15MZEQ,SF15ADVK,SF16BJMV,SF16OFHY,SF16LQNQ
SFFVZI$outside,0,0
SFHERQ$inside,60,60,SF15DDHI,SF15COUQ,SF15XVVB,SF15EBLD,SF15PCUI,SF15MASD,SF15GFJB,SF15AUHI,SF15TDQH,SF15TYYH,SF15WUXF,SF15SFVX,SF15YGOX,SF15CVFX,SF15VLCK,SF15KWDE,SF15XZTL,SF15YUMM,SF15DJVT,SF15CNHQ,SF15QFUZ,SF15EYGK,SF15JSGQ,SF15TCEZ,SF15SBFN,SF15MBFH,SF15YXRL,SF15ZTCN,SF15FANN,SF15WPLP,SF15NYTZ,SF15BPLL,SF15FKIV,SF15EHUB,SF15CXUD,SF15ENJO,SF15ATBT,SF15JYZU,SF15IYBI,SF15VGNS,SF15PORA,SF15NVNQ,SF15DSUI,SF15WVUQ,SF15GCIZ,SF15KBCV,SF15PPNC,SF15DDOT,SF15QNEO,SF15OETS,SF15RUTC,SF15IENN,SF16SGEX,SF16CBJV,SF16AUVZ,SF16ICAM,SF16NVDD,SF16NBIV,SF16OBHX,SF16OTFZ
SFHERQ$outside,0,0
SFQBNI$inside,60,60,SF15COUQ,SF15XFUH,SF15CXUD,SF15XAYN,SF15KBCV,SF15QIUF,SF15PPNC,SF15QAYT,SF15TVSW,SF15WITY,SF15OHFS,SF15DUDG,SF16YHGN,SF16FDVB,SF16FUOK,SF16BCGZ,SF16VKCU,SF16VTTB,SF16SOJB,SF16YFOL,SF16AJLH,SF16KMZJ,SF16ICAM,SF16OERU,SF16TRBE,SF16XCZP,SF16HWIJ,SF16XIZM,SF16GWFJ,SF16YNJJ,SF16COVU,SF16MIJS,SF16IRQI,SF16JJSM,SF16VGHL,SF16UWNA,SF16MURB,SF16BEZJ,SF16QVWT,SF16NEFO,SF16JOLU,SF16EDWR,SF16LKCF,SF16HSQT,SF16KNYI,SF16ETAI,SF16PCDK,SF16QZWD,SF16ZCPJ,SF16NIXV,SF16ZDET,OZ15NYUI,OZ15ALMS,OZ15JKHC,OZ16JZQE,OZ16MVQA,OZ16GMFS,OZ16FYTN,OZ16GPDM,OZ16JFNE
SFQBNI$outside,0,0
SFNWEV$inside,15,4,SF15PCUI,SF15XGPE,SF15TVSW,SF15PKXW
SFNWEV$outside,0,0
SFGHQR$inside,35,13,SF15WUXF,SF15YOXP,SF15GQMK,SF15BEAD,SF15OXNA,SF15BQOV,SF15PTMX,SF15ACWO,SF15WXBZ,SF15KKLW,SF15OETS,SF15JKEL,OZ15SGYT
SFGHQR$outside,0,0
SFVHKO$inside,0,0
SFVHKO$outside,20,9,SF15DDHI,SF15EBLD,SF15CVFX,SF15CNHQ,SF15QFUZ,SF15ZTCN,SF15BJAF,SF16IOVS,SF17ZEFN
SFUMNS$inside,13,13,SF15EHUB,SF15SDSQ,SF16IXMZ,SF16KMZJ,SF16NBWN,SF16SJRH,SF16RDGK,SF16SAIX,SF16MPBK,SF16AJZM,SF16SXZA,SF16ZCPJ,OZ16STKU
SFUMNS$outside,5,5,SF15BPLL,SF15AKSF,SF15IENN,SF16BNVY,SF16HAPJ
SFXJNT$inside,20,20,SF15COUQ,SF15EHEL,SF15TDQH,SF15SFVX,SF15TTPF,SF15VLCK,SF15XZTL,SF15DJVT,SF15SBFN,SF15MBFH,SF15NYTZ,SF15PORA,SF15NVNQ,SF15DSUI,SF15DDOT,SF15AKSF,SF15SPHX,SF15UANN,SF15NPJM,SF15IENN
SFXJNT$outside,0,0
SFXEQR$inside,40,40,SF15DDHI,SF15COUQ,SF15EBLD,SF15PCUI,SF15EHEL,SF15ORKE,SF15TYYH,SF15WUXF,SF15SFVX,SF15DGAW,SF15VLCK,SF15KWDE,SF15GQMK,SF15CNHQ,SF15MBFH,SF15SMUW,SF15ZTCN,SF15BPLL,SF15ATBT,SF15JYZU,SF15OXNA,SF15IYBI,SF15PORA,SF15NVNQ,SF15LGEY,SF15FEJZ,SF15WVUQ,SF15SZSP,SF15GCIZ,SF15KBCV,SF15QIUF,SF15PPNC,SF15QAYT,SF15QNEO,SF15RUTC,SF15UANN,SF15PYJH,SF16OFHY,OZ15AIAM,OZ15OVOW
SFXEQR$outside,0,0
SFXELK$inside,20,0
SFXELK$outside,0,0
SFKQFL$inside,20,0
SFKQFL$outside,0,0
SFKFKY$inside,10,4,SF15SBDX,SF15WPLP,SF16BMUD,OZ15YGIZ
SFKFKY$outside,10,2,KJ15HYZX,FO15JQXF
SFEINB$inside,10,1,SF15KTKD
SFEINB$outside,10,0
SFWTCL$inside,40,24,SF15MASD,SF15AUHI,SF15CUCW,SF15YGOX,SF15CVFX,SF15VLCK,SF15ECYN,SF15TOSL,SF15YUMM,SF15QFUZ,SF15EYGK,SF15UYZI,SF15TCEZ,SF15CXUD,SF15ENJO,SF15ATBT,SF15MZEQ,SF15VGNS,SF15FEJZ,SF15ADVK,SF15DUDG,SF15IENN,OZ15KMHM,OZ15ALMS
SFWTCL$outside,0,0
SFJWPE$inside,20,0
SFJWPE$outside,0,0
SFQUOG$inside,20,0
SFQUOG$outside,0,0
SFDPPJ$inside,20,2,SF15TCEZ,SF15MZEQ
SFDPPJ$outside,0,0
SFISHJ$inside,20,0
SFISHJ$outside,0,0
SFPWTA$inside,10,6,SF15RYAH,SF15YXRL,SF15MZEQ,SF15ADVK,SF15SDSQ,SF15OETS
SFPWTA$outside,0,0
SFHPQZ$inside,30,4,SF15VPRK,SF15FDPC,OZ15RTSJ,OZ15YQXK
SFHPQZ$outside,0,0
SFRDII$inside,10,10,SF15XVVB,SF15BRYF,SF15JSGQ,SF15YXRL,SF15FANN,SF15TBLG,SF15WBRW,OZ15RTSJ,OZ15VEFH,OZ15YQXK
SFRDII$outside,10,0
SFHZQC$inside,10,10,SF15SBDX,SF15GQMK,SF15OXNA,SF15SQVS,SF15VZHU,SF15ASZF,SF16NBWN,SF16SJRH,SF16NGOV,SF16XFLU
SFHZQC$outside,0,0
SFKJIH$inside,20,3,SF15ZTCN,SF15ENJO,SF15VNFO
SFKJIH$outside,0,0
SFAEYS$inside,20,1,OZ15KMHM
SFAEYS$outside,0,0
OZHIBQ$inside,0,0
OZHIBQ$outside,0,0
OZNRWU$inside,15,15,OZ15AIAM,OZ15GYUM,OZ16MCMO,OZ16XLFM,OZ16GMFS,OZ16ALLM,OZ16SSKG,OZ16KBDQ,OZ16BALD,OZ16UVLS,OZ16QSKP,OZ17QZDZ,EI16UEEE,EI16IXIM,EI16YRHC
OZNRWU$outside,10,5,OZ15UDKO,OZ16GPDM,OZ17AYSH,OZ17KJOO,OZ17GDWF
OZBEMK$inside,0,0
OZBEMK$outside,0,0
OZVQHD$inside,0,0
OZVQHD$outside,10,5,BJ16VXWD,BJ16LBQH,BJ16AUIE,XM17VPSN,XM17LMSS
OZBJIT$inside,0,0
OZBJIT$outside,0,0
OZGKGW$inside,0,0
OZGKGW$outside,0,0
OZSOMQ$inside,30,12,SF15TDQH,SF15KBCV,SF15PPNC,SF15OHFS,SF15VNFO,SF16BMUD,SF17CHJW,SF17FZUH,SF17VAJA,SF17EDQP,SF17AVIF,OZ16LTJU
OZSOMQ$outside,0,0
OZBUGM$inside,0,0
OZBUGM$outside,0,0
OZJMPI$inside,0,0
OZJMPI$outside,0,0
OZSPYX$inside,0,0
OZSPYX$outside,0,0
QQFCSM$inside,0,0
QQFCSM$outside,0,0
QQELSA$inside,0,0
QQELSA$outside,50,50,KJ15EWBK,KJ15KTLM,KJ15ZFES,KJ15YYLT,KJ15MTXM,KJ15WQET,VL16METN,VL16UEIM,VL16LZYH,BJ16VYAP,BJ16BLSG,BJ16OHNV,BJ16IESQ,BJ16VXWD,BJ16AUIE,LF15WDFA,LF15DRTF,LF15QSHS,LF15CCQA,LF17DSOX,LF17ELSS,XM15GWNX,XM15HSLU,UF15OEEG,UF15SACL,UF15UNCA,UF15MPOX,UF15HIRN,OZ15VEFH,FO15QMQH,FO15EXOU,FO15VYZU,FO15WKRR,FO15CJFY,FO16IPVI,FO16UKKG,LT15NRKV,LT15SAWF,SC15LYJY,SC15TYFK,SC15YKDW,SC15NZMY,SC16WBOR,SC16CPNO,SC16UMTL,SC16AKHA,SC16URSJ,SC16MDJQ,SC16QPEZ,SC16JHWQ
QQAJZJ$inside,0,0
QQAJZJ$outside,300,121,KJ15JGKH,KJ15LMVB,KJ15TGRN,KJ15VQWG,KJ15MJFL,KJ16YQAS,KJ17HNAA,VL15RKZC,VL16EFVF,BJ15LSSC,BJ15IGFE,BJ15AJMX,LF15PVTT,LF15JHHM,LF15IDYY,LF15EZEQ,LF15EZAI,LF15XQDF,LF15BGVV,LF15NKVR,LF15MGNQ,LF15NYGZ,LF15PCDW,LF15XRER,LF15NLPO,LF15VBAI,LF15YCGL,LF15BQSH,LF15HFYG,LF15SCXO,DS15USRT,DS15ULAL,DS15QNUG,DS15UTKG,DS15XQSE,DS15UZMA,DS15SJKF,DS15DZDZ,DS15SFIQ,DS15HWEX,DS15RFLV,DS15BQFO,DS15XXEQ,DS16UXMK,XM15YMSN,XM15JKSI,XM15GIAD,XM15NALJ,XM15SCXT,XM15HSLU,XM15NELO,UF15OEEG,UF15RUDM,UF15SACL,UF15DCFR,UF15FJHW,UF15RYOI,UF15OKTJ,UF15TRWJ,UF15SKFX,UF16QJNL,UF16LLSV,SF15YOXP,SF15XZTL,SF15DJVT,SF15FBJS,SF15NYTZ,SF15MZEQ,SF15XGPE,SF15HJZQ,SF15QIUF,SF15PPNC,SF15KTKD,SF15QNEO,SF15WWOE,SF15PYJH,SF15KYAX,OZ15UDKO,OZ15GYUM,OZ15ALMS,FO15ZCCJ,FO15YELK,FO15RAET,FO15LWKX,FO15XDYO,FO15VIDV,FO15KKAU,FO15WLMI,FO15CVHO,FO15VIJL,FO15WBCZ,FO15IMKQ,FO15UZHK,FO15URMN,FO15PJUO,FO15AMNT,FO16MPGW,FO16ACDN,FO16PNYX,FO16KFBC,FO16ZHHY,FO16KXTD,FO16QGSR,FO16QZDS,FO16TEPD,FO16ALOK,LT15CILF,LT15YIIE,LT15WRVR,LT15FXBV,LT15VKQY,LT15LWIC,LT15WDUU,LT15NRKV,LT15OUGQ,LT15PKFV,LT15STPC,SC15DBEA,SC15QPTW,SC15HEZX,SC15FEIS
QQIBYU$inside,0,0
QQIBYU$outside,50,50,KJ15MQPT,KJ15AICJ,KJ15OFKV,KJ17HNZS,VL16CPJW,BJ15QFWC,BJ16BRIY,LF15PSSQ,LF15ONBU,LF15GEKL,LF15QSHS,LF15WVVU,LF15TYIP,LF15CCQA,DS15QIBZ,DS15EONI,DS16UVGQ,DS17CIHI,XM15MMPX,XM17LCIJ,XM17RVDS,XM17LUBZ,UF15OSVM,UF15RTAJ,UF16NEWY,UF16LEZQ,UF16EWIB,SF15FDPC,SF15KKLW,SF17RIFT,OZ15GBBA,FO15OUKA,FO15WPDM,FO15TPIA,FO15VYZU,FO15WKRR,FO15BNQK,FO15WBYW,FO15KBUA,FO16IWCC,LT15KLQA,LT15VMJJ,LT15ZZKY,LT15OJMX,LT15SIVY,LT15AHZX,LT15QLTK,SC15YPKT,SC15YKDW,SC15BVUW
QQDNHA$inside,0,0
QQDNHA$outside,300,38,KJ15TAMW,KJ15AXCE,KJ15HVRB,VL15FIFG,LF15QUQZ,LF15UHDW,LF15OWOW,LF15BMZS,LF15LGXI,DS15WJAD,DS15GOXF,DS15JMHC,DS15WAMQ,DS15ESHW,DS15XRKZ,DS15JYTW,UF15WGZM,UF15QPIS,UF15EXMF,UF15FLHQ,UF15HOPF,UF15QTBK,SF15VNII,SF15XFUH,SF15VPRK,FO15ACQL,FO15EXOU,FO15GBIV,FO15GUTS,FO15LHRT,FO15WYCR,FO15NJTS,FO15KKJW,FO15ORRZ,LT15OGFN,LT15UJOY,SC15IRQS,SC15UEGJ
DNMIGT$inside,46,0
DNMIGT$outside,65,65,KJ15YFBZ,KJ17YZBF,KJ17BQCG,KJ17XVLB,KJ17DXAX,KJ17SPTL,KJ17WXVA,KJ17AKNO,KJ17QEJQ,KJ17HYNV,KJ17CXGY,KJ17VQTA,KJ17INNQ,KJ17ZLPH,KJ17HNZS,KJ17HNAA,VL15UTDJ,BJ17YJAD,BJ17RVOH,LF15FAEB,DS15RSUK,DS15UXWA,DS17LONP,DS17QOXD,DS17GDFE,XM15ZSHA,XM17KYTN,XM17HLCC,XM17MHCN,XM17JEFR,XM17JLWO,XM17VPSN,XM17LMSS,XM17MJWC,SF15TOSL,SF15LGEY,SF15VNFO,SF17DTCM,SF17VAIX,SF17WHQD,SF17PVWE,SF17XIJR,SF17EDQP,SF17UGPV,SF17UNMN,SF17RHMY,SF17PIYG,SF17AVIF,OZ15DTNY,OZ16APPT,OZ16HYIO,OZ17MYIA,FO15MGLI,LT16EFEH,LT16UWTT,LT16DQMG,LT16BSPF,LT16GNJQ,LT16BTKI,LT16VRQL,LT16QPLR,LT17EEDQ,LT17JCEF,SC17XRIO,SC17OQLT
DNDIKQ$inside,46,0
DNDIKQ$outside,20,20,KJ15NOFI,KJ17RDJY,KJ17XBHN,DS15VFMD,XM17IDPT,XM17MGVP,SF15ULQP,SF15ZTCN,SF15PKXW,SF17HLKU,SF17XPEL,SF17VRNZ,SF17AYFV,SF17ACHZ,SF17SJID,SF17OHPL,OZ16STKU,OZ17CPNS,SC17IMGY,SC17HJRH
DNNSOC$inside,0,0
DNNSOC$outside,60,60,KJ15VQWG,KJ15MJFL,KJ15NOFI,KJ15JAHX,KJ15HYZX,BJ15LSSC,LF15FEVD,LF15PSSQ,LF15UHDW,LF15KZJO,LF15ZXQA,LF15OWOW,LF15HZII,LF15LFOA,LF15BMZS,LF15IJTB,DS15KUGD,DS15DDCI,DS15WSMW,DS15SJKF,DS16SQTV,XM15ANFT,XM15JKSI,XM15TCCQ,UF15OEEG,UF15RUDM,UF15HINI,UF15SACL,UF15DCFR,UF15UNCA,UF15MPOX,UF15FJHW,UF15OKTJ,UF15BGCQ,UF15TRWJ,UF15OSSW,UF15EJIG,SF15GFJB,SF15TDQH,SF15UGYL,SF15SBFN,SF15XAYN,SF15WVUQ,SF15WXBZ,SF15WITY,OZ15EEQH,FO15SZWU,FO15YELK,FO15CIMJ,FO15CJHQ,FO15IMKQ,FO15JVQC,FO15XRYM,FO15UXIW,FO16KHJH,LT15NKBM,LT16NZYT,LT16WAAV,LT16GAEE,SC15WOXR
DNJEXJ$inside,0,0
DNJEXJ$outside,60,40,KJ15LMVB,KJ15EWGA,KJ15TGKJ,KJ15GJSE,VL15JZRL,VL15NOKP,BJ15JIXK,LF15HPQA,LF15ONBU,LF15DSGL,LF15YGVK,LF15KZEA,LF15KUTU,LF15BLZD,LF15CONX,LF15LGXI,DS15UBJE,DS15WBOU,DS15XATG,XM15ZPVQ,XM15NXQQ,XM15UGVL,XM15OKAX,XM15FYYQ,XM15NZGN,XM15NELO,UF15HIRN,SF15TCEZ,SF15FANN,SF15TBLG,OZ15WVYN,FO15GBIX,FO15JQHL,FO15PCBM,FO15CKCP,LT15WDUU,LT16PKNX,LT16LCJP,LT16JVXX,LT16GNJQ
DNMHEO$inside,0,0
DNMHEO$outside,120,120,KJ17ZCGN,KJ17VYVD,KJ17XRFE,KJ17CQXN,KJ17HWLD,KJ17FCDV,KJ17GKKK,VL17OZUY,VL17GJTM,VL17GHNZ,BJ17UVEF,BJ17QGDE,BJ17WCHB,BJ17SAXY,BJ17DDHG,LF16PIIU,LF16UKUG,LF16INZS,LF16OOUZ,LF17ZJHF,LF17VNVQ,LF17GXST,DS15RTRF,DS16ZBUA,DS17UIKA,DS17SACP,DS17UTYA,DS17RJVO,DS17PLRG,DS17NAVC,DS17VQXG,DS17PBPW,DS17GQGE,DS17VTBV,DS17GHTO,DS17CYOE,DS17TPIL,DS17UXDG,DS17VJJO,DS17JXUZ,DS17OCKY,DS17HBSU,DS17QYRO,DS17HUSK,DS17ZQEU,DS17XQUL,DS17PBBK,DS17SKLA,DS17MVDZ,DS17ZIFN,DS17ILPP,DS17OSWU,DS17EYKC,DS17WIFA,DS17YOWV,XM15ISYH,XM17EBJZ,XM17QHMN,XM17MNCN,XM17BLGY,XM17SZXY,XM17MDBT,XM17YQEG,XM17QHDZ,XM17RCMW,UF16SKKM,UF16HQRE,UF16GHNE,UF16EWNB,UF16ZUNN,UF16MMTO,UF16IYTR,UF16FEAL,UF16XMFJ,UF16KCOV,UF16OUFM,SF15VKIK,SF17KGYO,SF17CKQX,SF17KTFJ,SF17MQCQ,SF17CXOK,SF17CQXW,SF17PZHL,SF17EMRZ,SF17KZFU,SF17GJHM,SF17WRWN,OZ15GBBA,OZ16JZQE,OZ16VLAM,OZ17SOBG,OZ17IEYF,OZ17HGAK,OZ17UZWE,OZ17PXGX,FO17JGVH,FO17RDMM,FO17DORL,FO17NOHJ,FO17KVUX,FO17SGHA,LT17NZQM,LT17SNXT,LT17LKRX,LT17CHIA,LT17KPKR,LT17HKTB,LT17SFNR,LT17CYCF,LT17CMOF,SC15DBEA,SC16BZDN,SC17USQT,SC17YQOW,SC17NFPA,SC17FKKE,SC17XQOU,SC17INXV,SC17DGAP
DNMUOQ$inside,0,0
DNMUOQ$outside,0,0
DNPUEO$inside,0,0
DNPUEO$outside,120,120,KJ17RQBJ,KJ17LNEW,VL17XQJR,VL17RCAY,VL17UEPG,VL17HVJK,VL17VEKY,VL17DTYW,VL17FVFW,BJ17TNWD,BJ17IJDU,BJ17PDAI,BJ17WFFD,BJ17XAPN,BJ17OODE,BJ17KBWC,BJ17NBRR,LF15UTIL,LF16KXIK,LF16WUTX,LF16FLII,LF16KYGU,LF16YLEB,LF16QASW,LF16DZXS,LF16LPQO,LF16LEZM,LF16NBEG,LF16KIXK,LF16VYOG,LF16JLHP,LF16ROWT,LF16DHLM,LF17GNYQ,LF17EDQU,DS17XZYF,DS17YMPV,DS17JUVF,DS17HRTY,DS17PNUZ,DS17AXGO,DS17TYOS,DS17FPTI,DS17CNGC,DS17OCLN,DS17PDRH,DS17VQPE,DS17FLSK,DS17YGEB,DS17XKXX,DS17QRNS,DS17GNOY,DS17TDSF,DS17EAOW,DS17HYHZ,DS17HCVI,DS17WYHO,DS17HXHW,DS17YMLB,DS17KFYE,DS17MGGV,DS17WYFQ,XM16VSJW,XM17ISLC,XM17VQGO,XM17EHAE,XM17MGAR,XM17OMDG,XM17MDXU,XM17VFUX,XM17VXNX,XM17YOUJ,UF15GHSM,UF15CDBG,UF15EXMF,SF17YQTL,SF17EIRX,SF17EDNG,SF17TPSH,SF17CJIO,SF17YSJA,SF17ZEFN,SF17QUGZ,SF17TVZL,SF17LQMB,SF17TEOC,OZ16ELTJ,OZ16VXDP,OZ16JXOX,OZ16GPDM,OZ16UZLS,OZ17FIGB,OZ17KJOO,OZ17QZDZ,OZ17JUTM,OZ17CAFH,OZ17GDWF,FO15UZHK,FO17VJEB,FO17MNUH,FO17UMOF,LT16ZUUD,LT16KWVZ,LT16MMZH,LT16PKRU,LT17QBQI,LT17VVHN,LT17KLJI,LT17MEWH,LT17RYXA,LT17WYRL,LT17IANO,LT17EQLG,LT17KRSX,LT17RGKU,LT17EFSY,LT17FHDM,LT17DZEV,LT17HPKQ,SC17TWEC
DNITCO$inside,0,0
DNITCO$outside,120,120,KJ17NZNB,KJ17MDMG,KJ17ZGYD,KJ17LAFE,KJ17KJMG,KJ17HZDE,KJ17JYCX,KJ17TDGZ,KJ17YCVC,KJ17JALY,KJ17MKSL,KJ17DYGU,KJ17CYLD,KJ17WTAI,KJ17EMAK,KJ17XLQF,KJ17NTQB,KJ17ZTHP,KJ17SBCA,VL17QELG,VL17KDLN,BJ17PNWN,BJ17WLQT,BJ17UKWL,BJ17CMYR,BJ17BUHV,BJ17VPVN,BJ17CROX,BJ17MGEM,BJ17QNKQ,BJ17VTML,LF16SOBK,LF16MGLV,LF16HLVL,DS15WSMW,DS15HEAK,DS16IBAC,DS17ZWWV,DS17ZKBR,DS17VJFC,DS17RJJO,DS17DXHA,DS17OSXD,DS17QZHI,DS17JHXV,DS17UVGT,DS17LVFM,DS17ZPYG,DS17BSLP,DS17RTPB,DS17CNCW,DS17RZDI,DS17NBOF,XM17RFMA,XM17UYBO,XM17HKJC,XM17AUZP,XM17NODZ,XM17YMVU,XM17DWTX,XM17ZHGT,XM17WLJO,XM17RVDS,XM17MVRN,XM17DMMW,XM17COJP,XM17KYKP,XM17STRJ,XM17SWRO,XM17FWGE,XM17XAAS,XM17QTUY,XM17AWUL,XM17LUBZ,XM17ZNPP,XM17XGDT,XM17WKMY,XM17EREY,XM17PHTC,XM17RUVQ,XM17HBDN,UF16IMMI,UF16OMNX,UF16PFOS,SF17HYJV,SF17MNLS,SF17ECCM,OZ16QSKP,OZ16FWTT,OZ17AYSH,OZ17DEVU,OZ17DYSP,OZ17EFRR,OZ17OUSV,OZ17MYBF,OZ17QNTI,FO17HRQP,FO17EGGS,FO17HFHD,FO17TPGN,LT16HHVH,LT16CKSM,LT16SYGC,LT16GFAQ,LT17BEYI,LT17YAOV,LT17REEO,LT17NBSE,LT17IBJP,LT17FKYM,LT17POOF,LT17UDFA,LT17DLAP,SC16YYQH,SC16DXFE,SC17ZREU,SC17RFTO,SC17CTFN,SC17GWHG,SC17BBJG
DNSVRR$inside,0,0
DNSVRR$outside,60,47,KJ15MQPT,KJ15AICJ,KJ15DTZZ,KJ15OFKV,KJ15ZFES,KJ15HWWU,VL15IVWR,BJ15EYOR,BJ15MJMA,LF15WKQG,LF15JRAZ,LF15XQDF,LF15YLJJ,LF15WVVU,DS15QNUG,DS15RWTY,XM15XDXG,XM15XJVJ,XM15SEOP,XM15LWXU,XM15KTKS,XM15PTVQ,XM15FHVP,XM15IDTI,XM15MNIF,XM15NALJ,XM15SCXT,XM15LWIU,XM15GSGI,XM15UFRA,XM15PLJM,SF15MASD,SF15AUHI,SF15CUCW,SF15TYYH,SF15YGOX,SF15VNII,SF15XFUH,SF15EYGK,SF15UYZI,SF15WPLP,SF15ATBT,SF15DDOT,OZ17JUTM,FO15ATJR,FO15CJFY,FO15IJTU
DNWTSM$inside,20,0
DNWTSM$outside,30,30,KJ15EWBK,KJ15HVIG,KJ15QJYW,KJ15VUMR,KJ15ZXPJ,KJ15OEPE,KJ15ESNN,LF15QUQZ,LF15TPZB,LF15KQAI,LF15SCXO,DS15RTRF,DS15ZBQO,DS15SFIQ,XM15NOAE,XM15PXDP,XM15MWXU,XM15EBTZ,UF15KJVB,SF15MBFH,SF15SPHX,SF15UANN,SF15PYJH,OZ15GYUM,FO15LWKX,FO15VIJL,FO15WBCZ,FO15CJMI,FO15SHNH,LT15BJTJ
DNYMGM$inside,225,0
DNYMGM$outside,0,0
DNGKDP$inside,0,0
DNGKDP$outside,60,16,LF15FHEB,LF15HFYG,DS16CBYA,DS16DMIP,XM15BPRS,SF15ECYN,SF15MXCJ,SF15VPRK,SF15TFFF,SF15FDPC,OZ15KMHM,FO15CVHO,FO15YZXI,FO15PYDW,FO15PJAS,FO15ORRZ
DNTXOD$inside,0,0
DNTXOD$outside,60,26,LF15BGVV,DS15RYUH,DS15YFYH,DS15BFXE,DS15XTRP,XM15XOZW,XM15MMPX,XM15FVJV,UF15XQXW,SF15XVVB,SF15BPLL,SF15CXUD,SF15SQVS,SF15ICJW,FO15XZMF,FO15MGPC,FO15ACQL,FO15EXOU,FO15OPYO,FO15CYIA,FO15GRJL,FO15HSVZ,FO15FBAF,FO15WBYW,FO15TMAU,LT15OJMX
DNNRZI$inside,0,0
DNNRZI$outside,60,44,KJ15JGKH,KJ15HVRB,KJ15TGRN,KJ15TWSB,KJ15PPQI,LF15PVTT,LF15JHHM,LF15TXIQ,LF15KUNC,LF15QUMO,LF15HMBD,LF15NYGZ,LF15PCDW,LF15XRER,LF15NLPO,LF15XWPP,LF15YCGL,LF15BQSH,DS15STNH,XM15QTKH,XM15SHVL,XM15YRGO,XM15GIAD,UF15FLHQ,UF15HOPF,SF15BJAF,SF15JYZU,SF15VGNS,SF15PORA,SF15NVNQ,SF15PTMX,SF15AKSF,FO15QMQH,FO15FFQF,FO15CQFJ,FO15HLBB,FO15YWJV,FO15TTYH,FO15RZXZ,FO15LFIZ,FO15SRDI,LT15CILF,LT15ZNSU,SC15UEGJ
DNKXCW$inside,0,0
DNKXCW$outside,60,60,KJ15EHER,KJ15DHYY,KJ15XWXH,KJ15CEHG,KJ15OOQN,KJ15XOTM,VL15RKZC,VL16RAYD,BJ15ZSST,BJ15CODK,BJ15MATK,LF15EZAI,LF15NKVR,LF15ZCRL,LF15CGYG,LF15APLJ,DS15GNSK,DS15WJAD,DS15MDUU,DS15ONVT,DS15SORA,DS15JMHC,DS15WAMQ,DS15HWEX,DS15BQFO,DS15PHKQ,DS15XXEQ,DS16MENV,DS16OFMW,DS16QPGZ,DS16YQGL,DS16JEUM,XM15BXJJ,UF15VBYU,UF16QJNL,UF16SKQH,UF16ADWD,UF16KFIB,UF16XZIA,UF16TELD,SF15YRDI,SF15YUMM,SF15BOUH,SF15DJKO,SF15BEAD,SF15CTFP,SF15BQOV,FO15XLLC,FO15RKNP,FO15ISUZ,FO15BEEF,FO15FUVD,FO15QHHI,LT15OGFN,LT16ATNI,SC15WORJ,SC15IRQS,SC15SKTM,SC15NZMY,SC15FEIS
DNRPKM$inside,0,0
DNRPKM$outside,60,39,KJ15ZXPJ,VL15TXSW,VL17JFAX,VL17ZMAS,BJ15YNOK,BJ15IGFE,LF17ANMT,LF17YDWL,LF17ZXIB,LF17BVZR,LF17ROPE,LF17XBKY,LF17DQHQ,LF17KSTU,LF17YXDF,LF17DEUP,DS17XSHY,XM15LWXU,XM15AQTS,XM15TCCQ,XM15UGVL,XM15FYYQ,XM16CEWC,XM17VXAK,XM17XFZR,SF17FGTZ,SF17DATI,SF17ICSO,SF17ULVJ,SF17CXMN,SF17WYZR,SF17TAKV,FO17SYNJ,LT16KZZL,LT16OQCU,LT16IZDA,SC16JXWL,SC17AODP,SC17FNZR
DNHKAQ$inside,0,0
DNHKAQ$outside,60,3,SF15RUTC,FO15XWDP,SC15VFWN
DNIMNG$inside,0,0
DNIMNG$outside,60,11,KJ15VWLY,LF15BJXB,XM15OHDA,XM15NJFN,XM15VJXM,SF15DGAW,SF15VLCK,SF15BRYF,FO15VJID,FO15BYTS,LT15SGQV
DNUBYC$inside,0,0
DNUBYC$outside,60,60,KJ16JXZH,VL16VNCM,VL17LFDM,VL17OOVJ,BJ17QEAS,BJ17WQPQ,LF16DRXI,DS17HYGR,XM16GXDM,XM16HCHI,XM16VHRD,XM17SZBZ,UF16JGQM,SF15KYAX,SF17MLAD,SF17FZUH,SF17PDHY,SF17OXOG,SF17DAQQ,SF17OIRE,SF17JWKC,SF17YIQU,SF17VAJA,SF17JIBE,SF17VVUQ,SF17AVJM,SF17GCOB,SF17METY,SF17LVFO,SF17VEHO,SF17GJHU,SF17PXWR,SF17RJUN,SF17BFTH,SF17NJVE,SF17BUXY,SF17ZBSN,SF17QEZD,SF17XPCV,SF17WNQG,SF17XUUQ,SF17WOOF,SF17SAGN,SF17VMCY,SF17WCHE,OZ15NYUI,OZ15UEQI,OZ15OXKF,OZ15UTVS,OZ17OOXB,FO17WVCT,SC15IGQJ,SC17VORI,SC17TAPF,SC17WNAJ,SC17VRPC,SC17NZEG,EI17BAUJ,EI17DPAG,EI17KBVZ
DNIFQF$inside,0,0
DNIFQF$outside,60,5,VL15CCZB,DS15JPJR,DS16VOGD,DS16MYUW,LT16QJEC
DNVUSE$inside,0,0
DNVUSE$outside,60,28,KJ15EWBK,KJ17CBEZ,VL16JFCY,VL17BGMW,LF15KQAI,LF16RZAF,DS15CRSM,DS15EHLF,DS16HORZ,DS17DGUG,XM15RZDW,UF15OKTJ,SF17PZJF,SF17FZVF,SF17MJPI,SF17MNHD,SF17RKKG,SF17NRDI,SF17YVLX,SF17YOPY,SF17PDTM,OZ15GYUM,OZ15OAJU,OZ17BZNS,FO17KZOC,SC17RSNF,SC17CFYJ,SC17MIJC
DNXTXO$inside,0,0
DNXTXO$outside,60,60,KJ15AXCE,KJ15YYLT,VL15UTDJ,LF15TQLL,LF15ZIHE,LF15EZEQ,LF15VSIH,DS15SGJN,DS15FDWB,DS15TRGS,DS15IFGB,DS15OLSF,DS15KQEH,DS15EHLF,DS15YQNS,DS15GAOX,DS15RFLV,DS15MJZI,DS16AHCE,DS16EFPD,XM15AQTS,XM15HXEX,XM15VIAW,SF15ULQP,SF15AKAP,SF15FKIV,SF15DSUI,SF15PWOK,OZ15TRLM,OZ15OVOW,FO15EKKB,FO15BRIX,FO15VIDV,FO15TPIA,FO15YCLX,FO15ZLBC,FO15VIXY,FO15MQIJ,FO15PTML,FO15DVJN,FO15AEOB,FO15OWQW,FO15MRVP,FO15PJUO,FO15APTC,FO15WGLO,FO15VDCN,FO15KMYP,FO15FLMF,FO15IOML,FO15QNVC,LT15FXBV,LT15LWIC,LT15WXQA,LT16ZKUJ,LT16XQWB,LT16ZGBY,LT16QDBX,LT16QQAP,SC15HEZX
DNOENI$inside,0,0
DNOENI$outside,60,39,KJ15KTPD,VL15DMGX,DS15QIBZ,DS15GPEE,DS15QOIL,DS15VLGN,DS15FLSJ,DS15XRKZ,DS15UWZC,DS15QPZQ,SF15IYBI,SF15SZSP,SF15KBCV,SF15QIUF,SF15IENN,SF17GJHU,OZ15TDUW,OZ17BZNS,OZ17QNTI,FO15JQSN,FO15NZVD,FO15ZCCJ,FO15BXZX,FO15UWRY,FO15BGAI,FO15LGIT,FO15YHKB,FO15FPIF,FO15GCIV,FO15IVLF,FO15MGLI,LT15QVUI,LT15VKQY,LT15QYYR,LT15OUGQ,LT15PKFV,LT15XMUR,SC15UFNX,SC17TWEC
DNJNPL$inside,0,0
DNJNPL$outside,35,35,KJ16YQAS,KJ17EAYT,VL16XZPQ,VL17DZAT,BJ17MWAV,XM15HSLU,SF17LJAS,SF17KFKR,SF17BRUQ,SF17QKDU,SF17ITSR,SF17HZNY,SF17IGDA,SF17CMPN,SF17RKJD,SF17GOIB,SF17DIBS,SF17FEFF,SF17AGNS,SF17FZJR,SF17YLNT,OZ15ALMS,OZ16SSKG,OZ16KBDQ,OZ17MCRT,FO17KZWW,FO17YEGN,LT17CCMW,LT17TDDI,SC16SZQV,SC17FATO,SC17WLTB,SC17SZIM,SC17IZGA,EI17RUSY
DNKCVN$inside,0,0
DNKCVN$outside,60,60,KJ17TCOQ,KJ17CWIK,VL17IWSE,VL17ABZL,VL17XVJZ,VL17WFTW,BJ15CLYS,BJ15KJCI,BJ15LSSC,BJ15AJMX,BJ17KBRI,BJ17JOEN,BJ17FWPW,LF16QUFF,LF16NPCN,LF16DCXP,DS15FTNZ,DS15ZBQO,DS16HMIP,DS16RVXZ,DS17NLVE,DS17PPKW,DS17UZQX,DS17CIHI,DS17DFKM,DS17HOEE,XM17XUUB,XM17LCIJ,SF15ORKE,SF17CHJW,SF17JKHS,SF17RNMO,SF17JCEP,SF17PYYE,SF17DQSB,SF17WPBB,SF17HXEX,OZ15CJWO,OZ16BALD,OZ17QWWA,OZ17LPFA,FO17IETN,FO17RBLZ,FO17KGFI,FO17LTPR,FO17AAPW,LT16KNPB,LT17AZAH,LT17FBUZ,LT17UGUP,SC17CYYR,SC17ANEV,SC17URQI,SC17ATOU,SC17HEQJ,SC17GNRM,SC17PPCW,SC17YRWF,SC17VVVM,SC17AYXG
DNPELC$inside,0,0
DNPELC$outside,60,7,LF15WDFA,UF15RGTE,UF15WJWE,UF15LNAC,UF15PDZP,SF15SMUW,FO15JJYG
TCGMPL$inside,0,0
TCGMPL$outside,0,0
TCAYCF$inside,0,0
TCAYCF$outside,0,0
TCPHOV$inside,70,60,UF15WGZM,UF15HINI,UF15CDBG,UF15SBWC,UF15EXMF,UF15VBYU,UF15RTAJ,FO15EKKB,FO15BRIX,FO15CYIA,FO15NHVL,FO15BXZX,FO15HLBB,FO15AXSD,FO15FUOY,FO15UPWA,FO15VIXY,FO15JQHL,FO15PTML,FO15DVJN,FO15LFIZ,FO15SRDI,FO15ISUZ,FO15FPIF,FO15ATJR,FO15MRVP,FO15SDPV,FO15FUVD,FO15HSVZ,FO15CMPD,FO15FBAF,FO15IVLF,FO15KMYP,FO15FXMS,FO15IOML,FO15TMAU,FO15ORRZ,FO15ARKZ,FO15PGHB,FO15QHHI,FO15WBOC,FO15AUWC,FO15TPPD,FO16KLLP,FO16WQEJ,FO16RLFJ,FO16TKZQ,FO16XKBR,FO16NLJA,FO16CNNZ,FO16GRGI,FO16RLND,FO16WSDE,FO16TTNO,FO16LSJK,FO16IBDB,FO16YOOQ,FO16SBVM,FO17HYRK,FO17OUDE
TCPHOV$outside,30,30,KJ15HVIG,KJ15JAHX,KJ15PPQI,KJ16BXNB,KJ17FPUW,KJ17XRFE,LF15XXKV,LF15BJXB,LF15IHGT,LF15NATV,DS15UTKG,DS15XQSE,DS15KHMZ,DS15VLGN,SF15YRDI,SF15DGAW,SF15DJKO,SF15PWOK,SF15ACWO,SF16KIKC,SF16KNTE,SF16XIZM,SF16JSTH,SF16WVUY,SF16OFRA,SF16ETAI,SF16OTFZ,LT16KWVZ,SC15DJWN,SC15EYVU
TCJTUZ$inside,15,2,FO16HSSC,FO16VNTN
TCJTUZ$outside,10,1,LF15YLJJ
TCPMBP$inside,0,0
TCPMBP$outside,35,34,KJ15YMKL,KJ17GKKK,LF15NATV,SF15DGAW,SF15KWDE,SF15BRYF,OZ15RTSJ,OZ15YQXK,FO15NZVD,FO15FVJQ,FO15SXNA,FO15JJBG,FO15FPIF,FO15ATJR,FO15SDPV,FO15FUVD,FO15HSVZ,FO15CEXB,FO15CMPD,FO15GCIV,FO15WBKG,FO15XOPN,FO15IVLF,FO15APTC,FO15WGLO,FO15VDCN,FO15FXMS,FO15CKCP,FO15VJID,FO16THMP,FO16KMEB,FO16GGWI,FO16WFEV,FO16OCXT
TCLOKA$inside,30,1,LT15SCRT
TCLOKA$outside,20,0
TCTMHY$inside,15,0
TCTMHY$outside,15,0
TCKVIG$inside,30,0
TCKVIG$outside,20,1,EI15KMWN
TCTTOY$inside,0,0
TCTTOY$outside,20,15,LF15CJCD,DS15UTKG,DS15XQSE,DS15KHMZ,UF15GSXR,UF16HGGB,UF16BYVF,FO15CEXB,FO15AUWC,FO16VFNB,FO16FAPQ,FO16OMSE,LT15CUZE,LT15SCRT,SC15DZVU
TCGSZI$inside,30,0
TCGSZI$outside,20,2,FO15WSCG,FO15EKKB
MUFQPM$inside,170,1,FO16ZFSQ
MUFQPM$outside,0,0
DDYQNY$inside,0,0
DDYQNY$outside,0,0
DDWJGG$inside,0,0
DDWJGG$outside,70,69,DS15WBOU,XM15NOAE,XM15NJFN,XM15PXDP,XM15IDTI,XM15SCXT,XM15LWIU,XM15KFLO,XM15UFRA,XM16HFXZ,SF15UGYL,SF16MLZQ,SF16BNVY,SF16MEWD,SF16FCPQ,SF16KIKC,SF16WCVG,SF16VYOW,SF16JUQF,SF16IRQI,SF16JSTH,SF16AVNT,SF16HSQT,SF16OFRA,SF17HLKU,SF17DTCM,SF17VAIX,SF17XPEL,SF17PDHY,SF17EIZM,SF17CKQX,SF17GCOB,SF17KTFJ,SF17MJPI,SF17PYYE,SF17UGPV,SF17BFTH,SF17QKDU,SF17ITSR,SF17CMPN,SF17RKJD,SF17GOIB,SF17WPBB,SF17HXEX,SF17UKGD,SF17GBAR,OZ16BALD,OZ16QESP,OZ16FKLO,OZ17BZNS,OZ17KJOO,OZ17QWWA,FO15FFQF,FO15CQFJ,FO15PJAS,FO15BNQK,FO15URMN,FO15MRVP,FO15AMNT,SC15WORJ,SC15VFWN,SC15IRQS,SC15LYJY,SC15PEXG,SC15DZVU,SC15HEZX,EI17RUSY,EI17ECWU,EI17XCRK
DDBVFC$inside,0,0
DDBVFC$outside,420,238,VL17ZLQJ,VL17XZRP,VL17OTSU,VL17XVJZ,VL17RCAY,VL17UEPG,VL17GHNZ,VL17PKBF,VL17ZMAS,VL17WFTW,VL17DTYW,VL17WTAO,BJ15ZSST,BJ15MATK,LF15KUNC,LF15KZJO,LF15BGVV,LF15KQAI,LF16AFUF,LF16EZOK,LF16GUDL,LF17UIFA,LF17DNAP,LF17YDWL,LF17VVPA,LF17CGDP,LF17CGAF,LF17JNXC,LF17ZZGA,LF17EWST,LF17SYOR,LF17GNYQ,LF17PVYN,LF17KSTU,LF17EDQU,LF17VBSH,LF17QBXQ,LF17SJWL,LF17JDAW,LF17VNVQ,LF17GXST,DS17XZYF,DS17UIKA,DS17YMPV,DS17KLMS,DS17NLVE,DS17SACP,DS17PNUZ,DS17RJVO,DS17ZWWV,DS17PLRG,DS17NAVC,DS17VQXG,DS17AXGO,DS17PPKW,DS17PBPW,DS17VTBV,DS17GHTO,DS17CNGC,DS17CYOE,DS17UZQX,DS17VJJO,DS17JXUZ,DS17OCKY,DS17CIHI,DS17VQPE,DS17QYRO,DS17LONP,DS17DXHA,DS17HUSK,DS17FLSK,DS17OSXD,DS17QZHI,DS17PBBK,DS17SKLA,DS17YGEB,DS17XKXX,DS17JHXV,DS17MVDZ,DS17GNOY,DS17XSHY,DS17HYHZ,DS17YMLB,DS17ZIFN,DS17ILPP,DS17DFKM,DS17UVGT,DS17LVFM,DS17WYFQ,DS17QOXD,DS17BSLP,DS17RTPB,DS17RZDI,DS17NBOF,DS17WIFA,DS17HOEE,DS17YOWV,XM15SEOP,XM15FHVP,XM15XOZW,XM15ZPPC,XM15MMPX,XM15EBTZ,XM15PLJM,XM15FVJV,SF15TDQH,SF15KWDE,SF15MXCJ,SF15BOUH,SF15QFUZ,SF15FBJS,SF15SBFN,SF16GSZM,SF16BCWY,SF16PHBM,SF16QXAF,SF16JTNW,SF16VGHL,SF16VYJG,SF16BFXH,SF16YLKF,SF17WHQD,SF17FZUH,SF17OXOG,SF17KGYO,SF17LMGD,SF17DAQQ,SF17VAJA,SF17YQTL,SF17MQCQ,SF17MQDU,SF17FZVF,SF17CXOK,SF17AYFV,SF17MNLS,SF17JCEP,SF17EDQP,SF17ACHZ,SF17PPNQ,SF17NRDI,SF17SJID,SF17WNQG,SF17QUGZ,SF17GPPM,OZ15CJWO,OZ15TDUW,OZ15UEQI,OZ16XLFM,OZ17CPNS,OZ17IEYF,OZ17WVUL,OZ17MYIA,OZ17UZWE,OZ17LPFA,OZ17WUSC,LT16KNPB,LT17BEYI,LT17AZAH,LT17FBUZ,LT17VVHN,LT17KLJI,LT17EEDQ,LT17RYXA,LT17WYRL,LT17YAOV,LT17IANO,LT17EQLG,LT17UGUP,LT17REEO,LT17POXQ,LT17NBSE,LT17IBJP,LT17SNXT,LT17KRSX,LT17RGKU,LT17FKYM,LT17POOF,LT17UDFA,LT17EFSY,LT17JCEF,LT17CCJC,LT17SFNR,LT17FHDM,LT17CYCF,LT17DZEV,LT17DLAP,LT17HPKQ,LT17YSPR,LT17BZJH,LT17CMOF,LT17TDDI,SC17CYYR,SC17ZREU,SC17ANEV,SC17URQI,SC17ATOU,SC17USQT,SC17VORI,SC17YQOW,SC17KMYL,SC17RFTO,SC17HEQJ,SC17GNRM,SC17IMGY,SC17PPCW,SC17WNAJ,SC17RSNF,SC17XRIO,SC17NFPA,SC17YRWF,SC17NUOC,SC17AODP,SC17TWEC,SC17CFYJ,SC17OQLT,SC17FKKE,SC17CTFN,SC17WLTB,SC17SZIM,SC17ZVPH,SC17FNZR,SC17XQOU,SC17NZEG,SC17MIJC,SC17GWHG,SC17VVVM,SC17QLOD,SC17BBJG,SC17SZDZ,SC17INXV,SC17IZGA,SC17DGAP,SC17HJRH,SC17AYXG,EI17BAUJ,EI17KVEZ,EI17KBVZ,EI17IDTM
DDVQGR$inside,0,0
DDVQGR$outside,140,140,KJ15STAY,KJ16DQOH,KJ16DGAI,KJ16JRMA,KJ16YKEK,KJ16GRIC,KJ16EXRI,KJ16KVJV,KJ16RJAW,KJ16HCTZ,KJ16YIYE,KJ16ZOAP,KJ16LZFK,KJ16WLSY,KJ16GEWP,KJ16SXFV,KJ16IODE,KJ16XQTP,KJ16BZRZ,KJ16XRLH,KJ16THSJ,KJ16BUDS,KJ16WOWY,KJ16ASJR,KJ16ROJR,KJ16ELAD,KJ16TCOA,KJ16KTMR,KJ16UNVQ,VL17IWSE,VL17PMCK,VL17ABZL,VL17CDXX,VL17OZUY,VL17XQJR,VL17BGMW,VL17HVJK,VL17LFDM,VL17KDLN,VL17SVNC,VL17RKDP,BJ15GLOG,LF16LFQJ,LF16EJTX,LF16IXJT,LF16VEST,LF16IXFG,LF17ZJHF,DS17ZKBR,DS17GQGE,DS17VJFC,DS17TPIL,DS17RJJO,DS17CZCU,DS17PDRH,DS17HBSU,DS17XQUL,DS17TDSF,DS17HCVI,DS17HXHW,DS17EYKC,DS17MGGV,DS17GDFE,DS17CNCW,DS17DGUG,XM15YMSN,XM15VJXM,XM15TCCQ,XM15NXQQ,XM16VKLV,UF15RGTE,UF15DCNU,SF16VAXE,SF16UWNA,SF16OHRV,SF16KNYI,SF16WVUY,SF16KVEH,SF16PCDK,SF16ELTG,SF17JKHS,SF17LJAS,SF17MLAD,SF17ICSO,SF17ULVJ,SF17KFKR,SF17CXMN,SF17OIRE,SF17JWKC,SF17YVLO,SF17WCBF,SF17AVJM,SF17PZJF,SF17BRUQ,SF17WFEM,SF17PXWR,SF17RNMO,SF17MNHD,SF17RJUN,SF17SNVH,SF17GGUF,SF17TLYR,SF17ZBSN,SF17YQRB,SF17RKKG,SF17CJIO,SF17SJUJ,SF17IGDA,SF17YOPY,SF17OBWW,SF17DIBS,SF17RIFT,SF17PDTM,SF17KZFU,SF17XUUQ,SF17SAGN,SF17VMCY,SF17WRWN,SF17YLNT,OZ15NGQM,OZ16ELTJ,OZ16ALLM,OZ17AYSH,OZ17DYSP,OZ17JUTM,OZ17EFRR,OZ17HGAK,OZ17OUSV,OZ17GDWF,OZ17MYBF,OZ17QNTI,FO15ZLBC,LT17QBQI,LT17NZQM,LT17MEWH,LT17KPKR,SC15QPTW,SC15SKTM,SC15JMVQ,EI17DPAG
DDHMRB$inside,0,0
DDHMRB$outside,140,140,KJ16OEWJ,KJ16OEMM,KJ16UTQJ,KJ16VMIC,KJ16SNPK,KJ16OXOM,KJ16OKNM,KJ16YUNI,KJ16VGRL,KJ16ROZO,KJ16AKGZ,KJ16RMMV,KJ16JXZH,KJ16ENIA,KJ16MNNS,KJ16PNAS,KJ16CDXG,KJ16QICV,KJ16TBAK,KJ16XREN,VL15FFGZ,VL17GJTM,VL17JFAX,VL17VEKY,VL17OOVJ,LF16DOQA,LF17YQQB,LF17ANMT,LF17GHTQ,LF17OFTU,LF17NXMB,LF17KPLK,LF17BNHA,LF17QGIJ,LF17ZXIB,LF17FKKV,LF17WQJP,LF17PEAE,LF17BVZR,LF17HMUR,LF17TTXX,LF17ZXWX,LF17USYJ,LF17GOEJ,LF17MLVA,LF17ULKZ,LF17XXLT,LF17SYMC,LF17GKTJ,LF17ROPE,LF17XBKY,LF17VOWB,LF17DQHQ,LF17ZVTM,LF17PYAX,LF17NWXQ,LF17AOVW,LF17ELSS,LF17MJYX,LF17VHZJ,LF17ZNIL,LF17CNRJ,LF17CJDU,LF17DPLU,LF17ZXDU,LF17OEML,LF17YYCI,LF17JQKR,LF17KWAT,LF17QEXE,LF17WAKA,LF17CHIG,LF17KABA,LF17WJGT,LF17YXDF,LF17DEUP,LF17QYCV,LF17KULP,LF17WPET,LF17DWDA,LF17NOEE,LF17WRGC,LF17XVAB,LF17KJSE,LF17FVGT,LF17XQSJ,LF17ZLIH,LF17IBUL,LF17UWPB,LF17HWKS,LF17WJIQ,DS17JUVF,DS17HRTY,DS17UTYA,DS17FPTI,DS17UXDG,DS17OCLN,DS17QRNS,DS17EAOW,DS17HYGR,DS17WYHO,DS17OEKM,DS17OSWU,UF15GYNF,UF15XUVZ,SF16AQGZ,SF16PBEV,SF16IQVU,SF16MUUN,SF16QPDA,SF17DATI,SF17YIQU,SF17VVUQ,SF17WYZR,SF17LVFO,SF17VEHO,SF17EIRX,SF17BUXY,SF17DQSB,SF17QEZD,SF17HZNY,SF17YVLX,SF17FEFF,SF17AGNS,OZ16KUGM,OZ17FIGB,OZ17SOBG,OZ17QZDZ,OZ17CAFH,FO15QMQH,FO15SZWU,FO15HLBB,FO15OUXL,FO15KMYP,LT17CHVJ,LT17HKTB,SC15YPKT,SC17VRPC,SC17FATO,EI17YGXG
DDKVSX$inside,0,0
DDKVSX$outside,140,84,KJ16WRWL,KJ16BLSO,KJ16XHQX,KJ16OMZK,KJ16WYFB,VL17DZAT,VL17FVFW,LF15VQIH,LF15KURV,LF17DSOX,DS15RSUK,DS15JPJR,DS15HEAK,DS15UXWA,DS17DPZB,DS17ZQEU,DS17KFYE,UF15WDSW,UF15GHSM,UF15HIRN,SF15YRDI,SF15GFJB,SF15ULQP,SF15UYZI,SF15YXRL,SF15NYTZ,SF15BJAF,SF15CTFP,SF15EHUB,SF15CXUD,SF15WXBZ,SF15AKSF,SF15JKEL,SF15AZNK,SF15PKXW,SF15OROD,SF16YNJJ,SF16COVU,SF16CFGB,SF16JJSM,SF17FGTZ,SF17PVWE,SF17JIBE,SF17METY,SF17TAKV,SF17GJHU,SF17ECCM,SF17EDNG,SF17NJVE,SF17PZHL,SF17EMRZ,SF17XPCV,SF17UNMN,SF17ZEFN,SF17LQMB,SF17GJHM,SF17WCHE,SF17TEOC,OZ15WVYN,OZ15DTNY,OZ15AIAM,OZ15FHDK,OZ15OXKF,OZ16FWTT,OZ17OOXB,OZ17MCRT,OZ17PXGX,FO15MGPC,FO15CYIA,FO15GBIX,FO15CJHQ,FO15GBIV,FO15YCLX,FO15URUL,FO15PTML,FO15YZXI,FO15PYDW,FO15CJMI,FO15WGLO,LT17LKRX,LT17CHIA,LT17CCMW,SC17TAPF,SC17ULZP
DDZAVC$inside,0,0
DDZAVC$outside,5,5,LF15LPZL,SF15QXWC,FO15SNEQ,FO15PGHB,FO16TWNX
DDPNZK$inside,0,0
DDPNZK$outside,5,5,KJ16UPUS,VL16ZBRD,XM16JMUT,FO15ZZKD,SC17ULZP
DDUPUE$inside,0,0
DDUPUE$outside,5,4,SF17PDHY,OZ16KUGM,FO16ZMZC,LT15JOFP
DDPTBQ$inside,0,0
DDPTBQ$outside,5,5,BJ16WHJG,SF15VPRK,FO15URUL,FO15QHHI,LT15JOFP
DDHNJG$inside,0,0
DDHNJG$outside,5,5,XM17SWRO,XM17FWGE,XM17ZNPP,SF15UGYL,SF15RYAH
DDEFUC$inside,0,0
DDEFUC$outside,5,0
DDUPML$inside,0,0
DDUPML$outside,5,5,XM17STRJ,XM17VQGO,XM17RCMW,SF15TFFF,LT15JOFP
DDTUNP$inside,0,0
DDTUNP$outside,5,0
DDSKTM$inside,0,0
DDSKTM$outside,5,5,KJ16OMZK,XM16UFYB,SF15YWTK,OZ15GXYD,FO15JJYG
DDAWSL$inside,0,0
DDAWSL$outside,5,2,XM15PLJM,EI15DAXC
DDKKPI$inside,0,0
DDKKPI$outside,5,4,LF15HCBH,SF17KGYO,OZ15NYUI,SC15DZVU
DDONNA$inside,0,0
DDONNA$outside,5,2,SF15UGYL,FO15CIMJ
DDCVOF$inside,0,0
DDCVOF$outside,5,5,KJ15VQWG,KJ15OFKV,KJ15MJFL,KJ15HPGD,LT15WDUU
DDWWDC$inside,0,0
DDWWDC$outside,5,5,UF15CKRF,UF15FTCB,UF15GSXR,UF15PLTP,UF15IRVC
DDVAPV$inside,0,0
DDVAPV$outside,5,2,DS16BBJW,UF15TSFK
DDXIXA$inside,0,0
DDXIXA$outside,5,5,KJ15TAMW,FO15RZXZ,LT15VMJJ,LT15UJOY,SC15WORJ
DDNATV$inside,0,0
DDNATV$outside,60,14,KJ16ZKAC,VL16HHOO,LF15LPZL,LF15HCBH,DS15BFXE,XM16INPN,SF15MXCJ,FO15LTDR,LT15BJTJ,LT15CUZE,LT15KUGN,LT15JOFP,SC15QHTI,SC15PEXG
DDUUCC$inside,0,0
DDUUCC$outside,5,5,LF16JKDC,LF16CZIN,DS16CSGQ,DS16SAJS,SF15XAYN
DDETJV$inside,0,0
DDETJV$outside,5,1,FO15JQXF
DDWPAX$inside,0,0
DDWPAX$outside,5,0
DDAWQZ$inside,0,0
DDAWQZ$outside,5,2,UF15USLW,SC15QHTI
DDRPNG$inside,0,0
DDRPNG$outside,5,2,SF15CTFP,SF15QXWC
DDJPLV$inside,0,0
DDJPLV$outside,5,1,XM16WXLQ
FOJDYG$inside,350,0
FOJDYG$outside,0,0
FOBASL$inside,0,0
FOBASL$outside,250,1,OZ15EEQH
FOBLIE$inside,0,0
FOBLIE$outside,250,0
FOBJEU$inside,0,0
FOBJEU$outside,250,0
FOLKPB$inside,0,0
FOLKPB$outside,250,0
FOBACS$inside,0,0
FOBACS$outside,250,1,OZ15WVYN
FOKYSQ$inside,170,1,FO15WPDM
FOKYSQ$outside,5,3,KJ17MDMG,KJ17XVLB,KJ17RQBJ
FOONSQ$inside,170,0
FOONSQ$outside,0,0
FODBYQ$inside,165,0
FODBYQ$outside,0,0
FOAJAL$inside,0,0
FOAJAL$outside,10,0
FOXAXG$inside,160,20,FO15QMQH,FO15VIDV,FO15FFQF,FO15CQFJ,FO15BXZX,FO15CVHO,FO15TPIA,FO15HLBB,FO15VIXY,FO15MQIJ,FO15JVQC,FO15JQHL,FO15RZXZ,FO15JQSH,FO15LMET,FO15URMN,FO15MRVP,FO15PGHB,FO17LYSN,FO17PUJY
FOXAXG$outside,40,2,KJ16AKGZ,SC16UPGM
FOXJPG$inside,255,0
FOXJPG$outside,20,2,SC16OHLJ,SC16EFMQ
FOHMYY$inside,70,8,FO15CVHO,FO15TPIA,FO15YWJV,FO15UZHK,FO15FMGW,FO15BNQK,FO15URMN,FO15AMNT
FOHMYY$outside,0,0
FOIILW$inside,170,0
FOIILW$outside,0,0
FOUAAY$inside,175,0
FOUAAY$outside,0,0
FODPTO$inside,175,0
FODPTO$outside,0,0
FOYZXW$inside,175,0
FOYZXW$outside,0,0
FOUBDO$inside,170,9,FO15ZCCJ,FO15LWKX,FO15OPYO,FO15WLMI,FO15JJYG,FO15KHIS,FO15UWRY,FO15DDFH,FO15NTEA
FOUBDO$outside,0,0
FOLXGE$inside,30,0
FOLXGE$outside,0,0
FOQDCN$inside,80,8,FO15JQSN,FO15LWKX,FO15UWRY,FO15FMGW,FO15IVLF,FO15ORRZ,FO15QNVC,FO15WIWE
FOQDCN$outside,0,0
FOYULI$inside,65,14,FO15KHIS,FO15YWJV,FO15UPWA,FO15FMGW,FO15BNQK,FO15URMN,FO15AEOB,FO15MRVP,FO15SJSD,FO15AMNT,FO15FBAF,FO15NTEA,FO15ORRZ,FO15WIWE
FOYULI$outside,0,0
FOGTEV$inside,200,14,FO15ZCCJ,FO15UWRY,FO15YWJV,FO15JQSH,FO15LMET,FO15FMGW,FO15BNQK,FO15URMN,FO15AEOB,FO15MRVP,FO15SJSD,FO15AMNT,FO15FBAF,FO15WIWE
FOGTEV$outside,0,0
FOPOAC$inside,55,20,FO15XZMF,FO15KHIS,FO15JQXF,FO15SMAK,FO15UOMM,FO15RKNP,FO15GRJL,FO15UXIW,FO15LGIT,FO15ISUZ,FO15BEEF,FO15KKJW,FO15FPIF,FO15OWQW,FO15ATJR,FO15GCIV,FO15WBYW,FO15IVLF,FO15MILI,FO15BYTS
FOPOAC$outside,5,2,LF16VWCR,UF16VRMG
FOSMGN$inside,30,7,FO15RAET,FO15XDYO,FO15KKAU,FO15WLMI,FO15HDOV,FO15JQSH,FO15WIWE
FOSMGN$outside,0,0
FOGFBQ$inside,30,28,FO15EKKB,FO15BRIX,FO15OPYO,FO15FFQF,FO15CQFJ,FO15JJYG,FO15ZZKD,FO15CIMJ,FO15HDOV,FO15YCLX,FO15WBCZ,FO15ZLBC,FO15VIXY,FO15MQIJ,FO15JVQC,FO15JQHL,FO15XWKJ,FO15TTYH,FO15RZXZ,FO15LMET,FO15PCBM,FO15LTDR,FO15CMPD,FO15SJSD,FO15FBAF,FO15XWDP,FO15MILI,FO15CKCP
FOGFBQ$outside,0,0
FOHNNN$inside,60,11,FO15WSCG,FO15NZVD,FO15EKKB,FO15BXZX,FO15ISUZ,FO15BEEF,FO15OWQW,FO15PGHB,FO15WBOC,FO15AUWC,FO15TPPD
FOHNNN$outside,10,2,VL15IMPC,BJ15FZNI
FOUVQA$inside,0,0
FOUVQA$outside,30,21,FO15XZMF,FO15JQSN,FO15WSCG,FO15MGPC,FO15EKKB,FO15FFQF,FO15CQFJ,FO15BXZX,FO15GBIX,FO15HLBB,FO15LGIT,FO15ISUZ,FO15YHKB,FO15KKJW,FO15OWQW,FO15FUVD,FO15CMPD,FO15APTC,FO15FLMF,FO15MGLI,FO15MILI
FOTLDC$inside,70,0
FOTLDC$outside,0,0
FOXZKV$inside,60,0
FOXZKV$outside,5,0
FONHWG$inside,30,0
FONHWG$outside,0,0
FOLENU$inside,60,0
FOLENU$outside,0,0
FORUPH$inside,44,43,FO15XZMF,FO15JQSN,FO15MGPC,FO15NZVD,FO15SZWU,FO15XLLC,FO15VIDV,FO15GBIX,FO15FVJQ,FO15DDFH,FO15SXNA,FO15AXSD,FO15YWJV,FO15UOMM,FO15PSEL,FO15YZXI,FO15PYDW,FO15CJMI,FO15PJAS,FO15BCJF,FO15XRYM,FO15BGAI,FO15WYCR,FO15LGIT,FO15OUXL,FO15YHKB,FO15ATJR,FO15AAXO,FO15FUVD,FO15YBAG,FO15CJFY,FO15PJUO,FO15DNOP,FO15XOPN,FO15IJTU,FO15IVLF,FO15APTC,FO15VDCN,FO15FXMS,FO15BQOE,FO15MGLI,FO15WIWE,FO15BYTS
FORUPH$outside,0,0
FOPHSH$inside,120,19,FO15XLLC,FO15GBIX,FO15PSEL,FO15YZXI,FO15PYDW,FO15CJMI,FO15PJAS,FO15BCJF,FO15XRYM,FO15BGAI,FO15WYCR,FO15OUXL,FO15YHKB,FO15AAXO,FO15YBAG,FO15CJFY,FO15DNOP,FO15IJTU,FO15BQOE
FOPHSH$outside,0,0
FODNVU$inside,40,23,FO15ACQL,FO15YELK,FO15XLLC,FO15EXOU,FO15PSEL,FO15YZXI,FO15PYDW,FO15CJMI,FO15PJAS,FO15BCJF,FO15XRYM,FO15BGAI,FO15SHNH,FO15WYCR,FO15OUXL,FO15YHKB,FO15AAXO,FO15YBAG,FO15CJFY,FO15DNOP,FO15IJTU,FO15BQOE,FO16PFNB
FODNVU$outside,0,0
FOMEQT$inside,84,25,FO15NZVD,FO15XLLC,FO15PSEL,FO15YZXI,FO15PYDW,FO15CJMI,FO15PJAS,FO15BCJF,FO15XRYM,FO15BGAI,FO15SHNH,FO15WYCR,FO15OUXL,FO15YHKB,FO15AAXO,FO15YBAG,FO15CJFY,FO15GCIV,FO15DNOP,FO15IJTU,FO15BQOE,FO15VJID,FO16SIMN,FO16EYXM,FO16JDKN
FOMEQT$outside,0,0
FOLREM$inside,30,1,FO15LHRT
FOLREM$outside,0,0
FOXZDS$inside,60,8,FO15JQSN,FO15ZCCJ,FO15SZWU,FO15LWKX,FO15XDYO,FO15KKAU,FO15UWRY,FO15IMKQ
FOXZDS$outside,0,0
FOHOGN$inside,10,10,FO15FVJQ,FO15SXNA,FO15UOMM,FO16OQAP,FO16XDJV,FO16MCLM,FO16VOZF,FO16KYGR,FO16IAZE,FO16UUSO
FOHOGN$outside,10,9,UF15ABJL,FO15TTYH,FO15UXIW,FO15BEEF,FO15KKJW,FO15OWQW,FO15PJUO,FO15FLMF,FO15CKCP
FOVNGU$inside,20,3,FO15GBIV,FO15TTYH,FO15HSVZ
FOVNGU$outside,10,0
FONRZO$inside,50,1,FO15JQXF
FONRZO$outside,0,0
FOVJZH$inside,20,0
FOVJZH$outside,10,0
FOUVSH$inside,100,35,FO15XZMF,FO15QMQH,FO15JQSN,FO15WSCG,FO15MGPC,FO15ZCCJ,FO15SZWU,FO15ACQL,FO15YELK,FO15EXOU,FO15RAET,FO15LWKX,FO15XDYO,FO15VIDV,FO15FFQF,FO15KKAU,FO15WLMI,FO15CQFJ,FO15OUKA,FO15GBIX,FO15UWRY,FO15JQXF,FO15CJHQ,FO15HDOV,FO15YCLX,FO15VIJL,FO15WBCZ,FO15IMKQ,FO15ZLBC,FO15RKNP,FO15VLIV,FO15XWDP,FO15MILI,FO15FCHA,FO15BYTS
FOUVSH$outside,0,0
FOEEKR$inside,44,0
FOEEKR$outside,0,0
FOIXVA$inside,30,4,FO15WPDM,FO15VYZU,FO15NJTS,FO15APTC
FOIXVA$outside,0,0
FOCRJC$inside,35,6,FO15NZVD,FO15CYIA,FO15DDFH,FO15BGAI,FO15SHNH,FO15QNVC
FOCRJC$outside,0,0
FODDBY$inside,25,1,FO15WPDM
FODDBY$outside,0,0
FOTRVE$inside,30,5,FO15SXNA,FO15XOPN,FO15NJKG,FO15KBUA,FO15TPPD
FOTRVE$outside,10,0
FOTTRL$inside,30,0
FOTTRL$outside,0,0
LTVPDP$inside,30,0
LTVPDP$outside,20,0
LTLVQE$inside,30,0
LTLVQE$outside,20,1,BJ15IGFE
LTSWCB$inside,40,0
LTSWCB$outside,20,0
LTZGXN$inside,30,0
LTZGXN$outside,20,0
LTXNNC$inside,30,0
LTXNNC$outside,20,0
LTAEPG$inside,30,14,LT15QVUI,LT15KLQA,LT15WRVR,LT15FXBV,LT15ZNSU,LT15QYYR,LT15OGFN,LT15ZZKY,LT15OJMX,LT15AICZ,LT15SIVY,LT15XMUR,LT15WXQA,LT16XQWB
LTAEPG$outside,20,0
LTDEFE$inside,30,0
LTDEFE$outside,20,0
LTFTIP$inside,30,0
LTFTIP$outside,20,0
LTBJJP$inside,30,7,LT16EFEH,LT16QJEC,LT16NZYT,LT16WAAV,LT16PKRU,LT16BSPF,LT16WQXA
LTBJJP$outside,20,0
LTTSGK$inside,30,0
LTTSGK$outside,20,0
LTFJBG$inside,30,14,LT15QVUI,LT15KLQA,LT15WRVR,LT15VMJJ,LT15FXBV,LT15SGQV,LT15QYYR,LT15UJOY,LT15SCRT,LT15OJMX,LT15NRKV,LT15XMUR,LT15RWPF,LT15OWJI
LTFJBG$outside,20,0
LTSJRD$inside,30,0
LTSJRD$outside,20,0
LTDONA$inside,30,0
LTDONA$outside,20,0
LTTXIX$inside,30,0
LTTXIX$outside,20,0
LTLQBM$inside,30,9,LT15ZNSU,LT15ZZKY,LT15RWPF,LT15STPC,LT15OWJI,LT16OBCO,LT16ZVIL,LT16CVTP,LT16LSWR
LTLQBM$outside,20,0
LTXADY$inside,30,3,LT15HRUU,LT15ZNSU,LT15STPC
LTXADY$outside,20,1,UF15TSFK
LTOEGZ$inside,30,0
LTOEGZ$outside,20,0
LTXKVS$inside,30,1,LT15NKBM
LTXKVS$outside,20,0
LTUUST$inside,30,1,LT15CILF
LTUUST$outside,20,0
LTHBIQ$inside,30,1,LT15OWJI
LTHBIQ$outside,20,0
LTOQXL$inside,30,4,LT15QVUI,LT15SGQV,LT15QYYR,LT15BJTJ
LTOQXL$outside,20,0
LTFEXZ$inside,30,1,LT15NKBM
LTFEXZ$outside,20,0
LTSSRJ$inside,30,1,LT16KNPB
LTSSRJ$outside,20,0
LTELVQ$inside,30,4,LT15QVUI,LT15QYYR,LT15HKCM,LT16PKNX
LTELVQ$outside,20,0
LTZNJM$inside,30,3,LT15BJTJ,LT15STPC,LT15HKCM
LTZNJM$outside,20,1,FO16DJXN
LTFTHE$inside,30,4,LT15CILF,LT15KUGN,LT16PRFI,LT16LSWR
LTFTHE$outside,20,0
LTBJGD$inside,30,6,LT15HRUU,LT15FXBV,LT15SCRT,LT16OBCO,LT16ZVIL,LT16CVTP
LTBJGD$outside,20,0
TJPIKQ$inside,0,0
TJPIKQ$outside,140,140,KJ15AXCE,KJ15DKOB,KJ16DGAI,KJ16SNPK,KJ16BUDS,KJ16TBAK,VL15CUKP,BJ15KJCI,LF15ZIHE,LF15NMGK,LF16SLJR,LF16JKDC,LF16LFQJ,LF16DOQA,LF16SEAH,LF16EZOK,LF16GUDL,LF16DXXC,LF16UXMJ,LF16RZAF,LF16JEPQ,LF16ALRQ,LF16DJLX,LF16HSAN,LF16VEST,LF16MALE,LF16IKTQ,LF16IXFG,LF16XVDQ,DS15WVZN,DS16JLHV,DS16DINN,DS16LZJK,DS16NWWB,DS16YQFF,DS16JXKV,DS16GOCN,DS16HORZ,DS16DWSB,DS16RWXR,DS16UVGQ,DS16CCAC,DS16DVEI,DS16XZIC,DS16IBAC,DS17CZCU,XM16JMUT,XM16HNTH,XM17EBJZ,XM17OLON,XM17EWQX,UF16ZAXO,SF15XVVB,SF15FBJS,SF15SZSP,SF16GSZM,SF16BNVY,SF16UQFI,OZ16VXDP,FO15WKRR,FO15GBIV,FO15PCBM,FO16YHKJ,FO16CZRZ,FO16DZOK,FO16GBHF,FO16DVFQ,FO16VMKI,FO16EXEM,FO16JCVD,FO16YQUY,FO16ZXAT,FO16YPHD,FO16OTIL,FO16NXVJ,FO16ZFSQ,FO16FBTM,FO16HAWE,FO16LPMU,FO16XWQD,FO16KMMC,FO16BLFF,FO16TLEY,FO16KLIL,FO16QFNI,FO16UUOI,FO16AZRN,FO16CUXP,FO16UZRT,FO16YYCA,FO16PKGO,FO16DEEI,FO16PBRP,FO16PYLO,FO16CWLH,FO16OQOQ,FO16LJNP,FO16ISCP,FO16IFAF,FO16DRWU,FO16FXCX,FO17TGHH,FO17WMIV,FO17WTMQ,LT15STPC,LT15HKCM,LT16LCJP,LT16ZKUJ,LT16PRFI,LT16JVXX,LT16WQXA,LT16CMLY,SC15UFNX,SC15SEKY,SC15YCPS,SC15EKTP,SC15DFRV,SC15HEZX,SC15VHDN,SC16DDKV,SC16GWSC,SC16VDVL,SC16DTJT,SC16MPQF,SC16NGDQ,SC16OTVC,SC16ZHDB,SC16UURS,SC16CXXH,SC16YVZD,SC16DWKY,SC16NHRC,SC16GQWO,SC16CGYW,SC16HAXQ,SC16SUEJ,SC16UDQW,SC16KQEI,SC16OKFI,SC16LZSA
TJPYYJ$inside,0,0
TJPYYJ$outside,60,60,VL15CUKP,VL15BIPK,BJ15VCTJ,BJ16RYXO,BJ16UQEJ,BJ16YFMZ,LF15ZIHE,LF15QUQZ,LF15AOYT,LF15TPZB,LF15VQIH,LF15KURV,DS15KUGD,DS15CRSM,DS15ADMY,DS15YQNS,DS15DZDZ,DS15VFMD,DS15MJZI,DS15WVZN,DS15PYZH,DS16IDDO,DS16LZJK,DS16NWWB,DS16GOCN,DS16DWSB,DS16UVGQ,DS16CCAC,DS16CBZT,XM15AQTS,XM17NODZ,XM17YMVU,XM17DWTX,XM17ZHGT,XM17ISLC,XM17DMMW,XM17COJP,XM17QTUY,XM17QHDZ,SF15SZSP,SF15QAYT,SF15WBRW,FO15SZWU,FO15FUOY,FO15YCLX,FO15VIJL,FO15MQIJ,FO15PCBM,FO16NLNP,LT15LWIC,LT15WDUU,LT15WKEJ,LT15OUGQ,LT15RWPF,LT15WXQA,LT15NKBM,SC15SEKY,SC15FEIS,SC16DWKY,EI16JEXC
TJGDMF$inside,0,0
TJGDMF$outside,180,169,KJ15JGKH,KJ15TGRN,KJ15AICJ,KJ15HVIG,KJ15DTZZ,KJ15YYLT,KJ15MTXM,KJ15EHER,KJ15VWLY,KJ15GJSE,KJ15OOQN,VL15UTDJ,VL15DSSS,VL16QWNJ,BJ15KJCI,BJ16RUFH,BJ16BKAA,LF15PVTT,LF15JHHM,LF15PWIT,LF15TQLL,LF15IDYY,LF15GEKL,LF15BGVV,LF15NLPO,LF15XWPP,LF15VBAI,LF15YCGL,LF15VSIH,LF15BMZS,LF15BQSH,LF15IJTB,LF15SCXO,LF15IXXR,LF15APLJ,DS15FDWB,DS15TRGS,DS15EHLF,DS15UOWA,DS15KHMZ,DS15UZMA,DS15ZBQO,DS15GAOX,DS15SFIQ,DS15ESHW,DS16ABJK,DS16ZZHR,DS16VFBC,DS16VHHW,DS16GIRM,DS16HOVQ,DS16KXKV,DS16HQZJ,DS16EYAM,DS16RESY,DS16LUCH,DS16SAJS,DS16XQUZ,XM15ANFT,XM15RZDW,XM15TCCQ,XM15FYYQ,XM17RFMA,XM17KYTN,XM17QHMN,XM17UYBO,XM17AUZP,XM17XUUB,XM17MNCN,XM17XGDT,XM17MDXU,XM17WKMY,XM17MGVP,XM17PHTC,XM17MJWC,XM17HBDN,XM17YOUJ,UF15CDXM,UF15DCNU,SF15SBDX,SF15XVVB,SF15PCUI,SF15MASD,SF15AUHI,SF15CUCW,SF15TYYH,SF15YGOX,SF15VNII,SF15VPRK,SF15TOSL,SF15YUMM,SF15BOUH,SF15EYGK,SF15FBJS,SF15RYAH,SF15FANN,SF15BEAD,SF15WPLP,SF15AKAP,SF15EHUB,SF15IYBI,SF15XAYN,SF16THCE,SF16KVEH,SF16JVXW,SF16DKWF,SF17YIQU,SF17JIBE,SF17GCOB,SF17WOOF,OZ16XAKA,OZ16JZQE,OZ16APPT,OZ16JFNE,FO15MGPC,FO15LWKX,FO15OPYO,FO15KKAU,FO15NHVL,FO15BXZX,FO15ZZKD,FO15HLBB,FO15CIMJ,FO15AXSD,FO15GBIV,FO15SMAK,FO15RZXZ,FO15URUL,FO15LHRT,FO15NTEA,FO16ODUY,FO16VBOA,FO16QAWE,FO16NFNK,FO16BCUO,FO16GEUJ,LT15QVUI,LT15FXBV,LT15SGQV,LT15QYYR,LT15SAWF,LT15OWJI,LT17RYXA,LT17YAOV,LT17CHVJ,LT17SNXT,LT17RGKU,LT17FKYM,LT17POOF,LT17CCMW,SC15LYJY,SC15QPTW,SC15PEXG,SC15DFRV,SC15JMVQ,SC15HEZX,SC15UBSJ,SC15VHDN,SC15EYVU,SC16SEUG,SC16VPVC,SC16URSJ,SC16YVZD,SC16WFZU,SC16YYQH,SC16CGYW,SC16BZDN,SC16KQTE,SC16LZSA
TJZMSI$inside,0,0
TJZMSI$outside,60,60,KJ15EWBK,BJ15LSSC,BJ15MATK,BJ15IGFE,LF15WVVU,LF15LFOA,LF15BJXB,DS15GNSK,DS15ULAL,DS15QNUG,DS15XDQG,DS15DDCI,DS15SJKF,DS15HWEX,DS15RFLV,DS15JYTW,DS15EONI,DS15BQFO,DS15XXEQ,DS16UXMK,DS16BDAB,DS16LHNO,DS16WJOW,DS16PUPF,XM15JKSI,XM17WLJO,UF15UIXU,UF15UNCA,UF15GHSM,UF15RYOI,UF15FLHQ,SF15XGPE,SF15KTKD,FO15XZMF,FO15BRIX,FO15RAET,FO15XDYO,FO15VIDV,FO15GUTS,FO16RWOA,LT15VMJJ,LT15VKQY,LT15UJOY,LT15ZZKY,LT15OJMX,LT15AICZ,SC15SXUB,SC15UFNX,SC15YCPS,SC15VLUQ,SC15TYFK,SC15DJWN,SC16GWSC,SC16DTJT,SC16NGDQ,SC16OTVC,SC16DXFE,SC16MDJQ,SC16JXWL,SC16ZIRV
TJCKDJ$inside,0,0
TJCKDJ$outside,60,2,LF15EZEQ,XM15LWXU
TJYMUE$inside,0,0
TJYMUE$outside,60,45,KJ15MTXM,VL15DSSS,BJ15KJCI,BJ15VCTJ,BJ15IGFE,BJ15AJMX,LF15PKTP,LF15MDKY,LF15GROY,LF15NMGK,LF15VQIH,LF15KURV,LF15TYIP,LF15LNPN,DS15IKKH,DS15YBJA,DS15XDQG,DS15UOWA,DS15ADMY,DS15UZMA,DS15VFMD,DS16FLXP,DS16WLCS,DS16XSWN,DS16PZLQ,XM15YMSN,UF15GHSM,UF15CDXM,UF15USLW,UF16SDXE,SF15VKIK,SF15JKEL,SF15AZNK,SF15OROD,SF15KYAX,OZ15UEQI,OZ15NGQM,FO15ZZKD,FO15PWOW,FO15GUTS,FO15LHRT,FO15SDPV,FO15DNOP,FO15NTEA,SC15YPKT
TJTDRY$inside,30,0
TJTDRY$outside,36,36,KJ15ESNN,BJ15UHUB,LF15MDKY,LF15GROY,LF15TYIP,LF15KZEA,LF15PXGV,DS16DMLK,DS16BBJW,DS16KLKM,DS16JEUM,XM15MNIF,XM17HKJC,XM17MVRN,XM17SZXY,XM17KYKP,XM17MDBT,XM17JEFR,XM17RUVQ,SF15YOXP,SF15MXCJ,FO15IMKQ,FO15JVQC,FO15XWKJ,FO16BZHM,FO16DHKJ,FO16GWYC,FO16DKRU,FO16PEPG,FO16LGOL,LT15SIVY,SC15WQWT,SC16XDZG,SC16UPGM,SC16QEGU,EI16WYOY
TJSHXI$inside,0,0
TJSHXI$outside,60,4,DS15YFYH,DS15XTRP,OZ15UEQI,LT15XMUR
TJNLID$inside,0,0
TJNLID$outside,60,29,KJ15TGRN,KJ15AICJ,KJ15DTZZ,KJ15EHER,VL15CUKP,VL15SUQY,VL16RFLH,VL16HPIZ,VL16TBOT,BJ15VCTJ,BJ16WWYV,LF15BGVV,LF15FAEB,DS16ABJK,DS16GIRM,UF15OEEG,UF15DCNU,UF15OKTJ,SF15CTFP,SF16BCWY,FO15BRIX,FO15XLLC,FO15PWOW,FO15UZHK,FO15XWKJ,FO15SDPV,LT15KLQA,LT15SGQV,SC15YCPS
GPWWGZ$inside,20,4,FO15JJYG,FO15KHIS,FO15JVQC,FO15UZHK
GPWWGZ$outside,10,0
FEDQRJ$inside,0,0
FEDQRJ$outside,0,0
FECDOL$inside,0,0
FECDOL$outside,0,0
FEAUHT$inside,0,0
FEAUHT$outside,0,0
FETOJT$inside,0,0
FETOJT$outside,0,0
FEFRCD$inside,0,0
FEFRCD$outside,0,0
FEDFCP$inside,0,0
FEDFCP$outside,0,0
FEZIQS$inside,25,13,SC15JNTD,SC16DDKV,SC16OHLJ,SC16SGOM,SC16EFMQ,SC16YZJG,SC16UURS,SC16CXXH,SC16SZQV,SC16GQWO,SC16XBCA,SC16HAXQ,SC16OKFI
FEZIQS$outside,0,0
FEKWOC$inside,35,16,SC15IRQS,SC15QPTW,SC15SEKY,SC15YCPS,SC15EKTP,SC15VLUQ,SC15SKTM,SC15DFRV,SC15IGQJ,SC15DZVU,SC15JMVQ,SC15HEZX,SC15UEGJ,SC15BVUW,SC15WOXR,SC15VXLG
FEKWOC$outside,0,0
FEUYCV$inside,15,11,SC15RPBY,SC15PEXG,SC15DFRV,SC15IGQJ,SC15JMVQ,SC15BVUW,SC15JNTD,SC15UBSJ,SC15CSNL,SC15DJWN,SC15EYVU
FEUYCV$outside,10,0
FETJJH$inside,15,3,SC15FWAG,SC15NZMY,SC15VHDN
FETJJH$outside,10,0
FECCLT$inside,15,15,SC15VFWN,SC15IRQS,SC15LYJY,SC15RPBY,SC15DBEA,SC15PEXG,SC15TYFK,SC15DZVU,SC15YPKT,SC15HEZX,SC15NZMY,SC15JNTD,SC15FEIS,SC15IYTK,SC15CSNL
FECCLT$outside,10,3,FO15CIMJ,FO15UOMM,FO15XOPN
FEQICB$inside,15,1,SC15VFWN
FEQICB$outside,10,0
FEPKBQ$inside,15,5,SC15EKTP,SC15UBSJ,SC15VHDN,SC15YQRT,SC15EYVU
FEPKBQ$outside,10,0
FEHMFL$inside,30,0
FEHMFL$outside,20,0
FEXZZA$inside,15,0
FEXZZA$outside,10,0
FEDVXC$inside,30,3,SC15IRQS,SC15DBEA,SC15FWAG
FEDVXC$outside,20,0
FEHBHY$inside,15,0
FEHBHY$outside,10,0
FEWVUI$inside,15,5,SC15FWAG,SC15CSNL,SC15WOXR,SC15VXLG,SC15WQWT
FEWVUI$outside,10,0
FEONDQ$inside,15,11,SC15CSNL,SC15WOXR,SC15VXLG,SC15WQWT,SC16UMTL,SC16AKHA,SC16SGOM,SC16VMCC,SC16WFZU,SC16OQQR,SC16QPEZ
FEONDQ$outside,10,0
UMWYKO$inside,30,7,SC15SEKY,SC15VLUQ,SC15DFRV,SC15UEGJ,SC15IYTK,SC15WOXR,SC15VXLG
UMWYKO$outside,20,0
UMILKE$inside,15,2,SC15SXUB,SC15YKDW
UMILKE$outside,10,9,DS15NWBJ,DS15GOXF,DS15MDAA,FO16PVSN,FO16XFDQ,FO16KTBZ,FO16JEKJ,FO16WSNC,FO16AXFT
UMWORX$inside,30,8,SC15SXUB,SC15EKTP,SC15VLUQ,SC15SKTM,SC15DFRV,SC15JMVQ,SC15YKDW,SC15UEGJ
UMWORX$outside,20,4,FO15ACQL,FO15YELK,FO15EXOU,FO15JQXF
UMUHNV$inside,15,1,SC15DBEA
UMUHNV$outside,10,0
EILQSV$inside,0,0
EILQSV$outside,0,0
EIQRRT$inside,0,0
EIQRRT$outside,0,0
EIQDLC$inside,0,0
EIQDLC$outside,0,0
EIJEXQ$inside,0,0
EIJEXQ$outside,0,0
EIUWRP$inside,0,0
EIUWRP$outside,0,0
EIVMDF$inside,0,0
EIVMDF$outside,0,0
EIXGPF$inside,0,0
EIXGPF$outside,0,0
EIIVIG$inside,0,0
EIIVIG$outside,0,0
EIGGWI$inside,0,0
EIGGWI$outside,0,0
EIANIO$inside,0,0
EIANIO$outside,0,0
EIWPID$inside,0,0
EIWPID$outside,0,0
EIQABH$inside,0,0
EIQABH$outside,0,0
EIGHRZ$inside,0,0
EIGHRZ$outside,0,0
EIVDBE$inside,0,0
EIVDBE$outside,0,0
EIDQAB$inside,0,0
EIDQAB$outside,0,0
EIYFHW$inside,0,0
EIYFHW$outside,30,5,VL16VNCM,OZ15GBBA,OZ15UDKO,OZ15YXOH,LT15YIIE
EIDIZF$inside,0,0
EIDIZF$outside,25,12,KJ16YKEK,KJ16XHQX,KJ17LNEW,XM17OMDG,XM17VFUX,SF15SDSQ,SF17YVLO,SF17WCBF,OZ15FHDK,OZ15UEQI,FO17NPJE,FO17LMMJ
EIFNLW$inside,0,0
EIFNLW$outside,0,0
EIFMZA$inside,0,0
EIFMZA$outside,0,0
EIQMAM$inside,0,0
EIQMAM$outside,0,0
EITHBV$inside,0,0
EITHBV$outside,0,0
EITUNL$inside,0,0
EITUNL$outside,0,0
EIZDZH$inside,10,1,OZ15YXOH
EIZDZH$outside,0,0
EIFJIB$inside,10,6,EI15DAXC,EI15QTSL,EI15QSAZ,EI15DVGV,EI15WNUE,EI15KMWN
EIFJIB$outside,0,0
EIJCRU$inside,10,10,OZ15YGIZ,OZ15FHDK,OZ15OAJU,OZ15GMVB,EI15DAXC,EI15QTSL,EI15QSAZ,EI15DVGV,EI15WNUE,EI15KMWN
EIJCRU$outside,0,0
EIKOVQ$inside,0,0
EIKOVQ$outside,0,0
EIDJCJ$inside,0,0
EIDJCJ$outside,0,0
EIXVMK$inside,0,0
EIXVMK$outside,10,10,OZ15EEQH,OZ15WVYN,OZ15TDUW,OZ15OAJU,OZ16FYTN,OZ16FKLO,EI15DVGV,EI16OHTF,EI16AJKA,EI16PPMV
EIUVHF$inside,0,0
EIUVHF$outside,30,30,SF15KLPI,SF15TVSW,OZ15DTNY,OZ15CJWO,OZ15TDUW,OZ15OVOW,OZ15YXOH,OZ15GMVB,OZ15JKHC,OZ15OXKF,OZ15UTVS,OZ16XLFM,OZ16ELTJ,OZ16VLAM,OZ16JXOX,OZ16LTJU,OZ16STKU,OZ16JFNE,OZ16FKLO,OZ16FWTT,LT15WDUU,LT15AHZX,LT15QLTK,EI15DAXC,EI15QTSL,EI15QSAZ,EI15DVGV,EI15WNUE,EI15KMWN,EI16IXIM
EIKSDA$inside,0,0
EIKSDA$outside,20,0
XMAUVI$inside,0,0
XMAUVI$outside,10,10,KJ15QJYW,KJ15VUMR,KJ15OEPE,KJ15VWLY,KJ15PPQI,BJ16RUFH,SF15KTKD,FO15LTDR,FO15KBUA,FO15FCHA
XMJNTV$inside,0,0
XMJNTV$outside,10,2,KJ15TAMW,DS16JXKV
