Student Roll Number, Preference with zero capacity
KJ15TAMW,XMKZHN$outside
KJ15TAMW,SFHHOS$outside
KJ15STAY,SFKJIH$outside
KJ15STAY,SFWTCL$outside
KJ15STAY,NMPQAJ$outside
KJ15EWBK,NMPQAJ$outside
KJ15AXCE,NMPQAJ$outside
KJ15KTLM,NMPQAJ$outside
KJ15JGKH,NMPQAJ$outside
KJ15HVRB,NMWUNK$outside
KJ15HVRB,NMPQAJ$outside
KJ15LMVB,FOXZDS$outside
KJ15NYAL,FOIXVA$outside
KJ15HVIG,XMHZDH$outside
KJ15HVIG,SFGHQR$outside
KJ15HVIG,SFQBNI$outside
KJ15EWGA,NMPQAJ$outside
KJ15EWGA,NMBUCE$outside
KJ15VQWG,FOXZDS$outside
KJ15MJFL,FOXZDS$outside
KJ15HPGD,EIJCRU$outside
KJ15ZFES,SFQBNI$outside
KJ15ZFES,NMPQAJ$outside
KJ15NOFI,TCAYCF$outside
KJ15MTXM,TCAYCF$outside
KJ15YMKL,SFQBNI$outside
KJ15EHER,SFQBNI$outside
KJ15EHER,NMPQAJ$outside
KJ15JAHX,SFQBNI$outside
KJ15DHYY,SFQBNI$outside
KJ15TWSB,TCAYCF$outside
KJ15TWSB,NMBUCE$outside
KJ15HWWU,TCAYCF$outside
KJ16UYMS,NMWUNK$outside
KJ16HCTZ,NMWUNK$outside
KJ16BZRZ,NMWUNK$outside
KJ16BXNB,FORUPH$outside
KJ16KTMR,NMWUNK$outside
KJ16XREN,FORUPH$outside
KJ17WXVA,SFONDZ$outside
KJ17WXVA,SFHERQ$outside
KJ17HNZS,SFQBNI$outside
VL15JECT,XMHZDH$outside
VL15JECT,PGYQUV$outside
VL15JECT,XMKLXA$outside
VL15BCUB,PGYQUV$outside
VL15IVWR,PGYQUV$outside
VL15YHXT,TCAYCF$outside
VL15UTDJ,PGYQUV$outside
VL15CCZB,PGYQUV$outside
VL15CCZB,XMHZDH$outside
VL15TXSW,PGXGAO$outside
VL15CUKP,XMKZHN$outside
VL15DMGX,PGYQUV$outside
VL15JZRL,PGXGAO$outside
VL15FFGZ,PGYQUV$outside
VL15RKZC,PGYQUV$outside
VL15BIPK,PGYQUV$outside
VL15TEQK,PGYQUV$outside
VL15FIFG,PGYQUV$outside
VL15SUQY,PGHMYM$outside
VL15NOKP,PGYQUV$outside
VL16RFLH,TCAYCF$outside
VL16NSSA,TCAYCF$outside
VL16ISTA,TCAYCF$outside
BJ15FZNI,PGYQUV$outside
BJ15VCTJ,XMHZDH$outside
BJ15YNOK,PGHMYM$outside
BJ15MATK,XMKZHN$outside
BJ16GYRO,SFQBNI$outside
BJ16QFZJ,SFQBNI$outside
BJ16BRIY,PGHMYM$outside
BJ16YFMZ,MUFQPM$outside
LF15PVTT,QQELSA$inside
LF15PVTT,LFBXBB$outside
LF15JHHM,QQELSA$inside
LF15JHHM,LFBXBB$outside
LF15PWIT,LFBXBB$outside
LF15PWIT,QQELSA$inside
LF15FEVD,LFYNDN$inside
LF15TQLL,SFGHQR$outside
LF15TQLL,LFIDWQ$outside
LF15HPQA,LFBXBB$outside
LF15PSSQ,QQELSA$inside
LF15ZIHE,LFFUAL$outside
LF15TTJX,LFBXBB$outside
LF15TTJX,QQELSA$inside
LF15QUQZ,LFBXBB$outside
LF15QUQZ,LFFUAL$outside
LF15JRAZ,QQELSA$inside
LF15IDYY,LFBXBB$outside
LF15KUNC,LFBXBB$outside
LF15WDFA,QQELSA$inside
LF15WDFA,LFBXBB$outside
LF15EZAI,LFYNDN$inside
LF15XQDF,QQELSA$inside
LF15KZJO,LFERTJ$inside
LF15KZJO,QQELSA$inside
LF15FHEB,LFERTJ$inside
LF15ZXQA,QQELSA$inside
LF15NKVR,SFQBNI$outside
LF15DRTF,QQELSA$inside
LF15QSHS,QQELSA$inside
LF15HMBD,LFBXBB$outside
LF15PCDW,LFBXBB$outside
LF15AOYT,LFKAZX$outside
LF15AOYT,QQELSA$inside
LF15VQIH,SFQBNI$outside
LF15YLJJ,LFYNDN$inside
LF15KURV,SFQBNI$outside
LF15WVVU,LFBXBB$outside
LF15KQAI,LFBXBB$outside
LF15KQAI,LFYNDN$inside
LF15NLPO,LFBXBB$outside
LF15XWPP,LFBXBB$outside
LF15VBAI,LFBXBB$outside
LF15ZCRL,LFBXBB$outside
LF15YCGL,QQELSA$inside
LF15YCGL,LFBXBB$outside
LF15VSIH,LFFUAL$outside
LF15VSIH,QQELSA$inside
LF15RMZI,LFBXBB$outside
LF15YGVK,QQELSA$inside
LF15NQEZ,LFBXBB$outside
LF15VRVV,LFBXBB$outside
LF15OQNN,XMHZDH$outside
LF15CCQA,QQELSA$inside
LF15LNPN,LFERTJ$inside
LF15BMZS,LFPJTP$outside
LF15IJTB,LFFUAL$outside
LF15KZEA,SFGHQR$outside
LF15KZEA,QQELSA$inside
LF15PXGV,XMHZDH$outside
LF15PXGV,SFGHQR$outside
LF15IHGT,XMHZDH$outside
LF15HFYG,QQELSA$inside
LF15NATV,XMHZDH$outside
LF15NATV,XMKLXA$outside
LF15NATV,TCAYCF$outside
LF15DFXI,QQELSA$inside
LF15SCXO,LFFUAL$outside
LF15SCXO,LFBXBB$outside
LF15IXXR,LFBXBB$outside
LF15IXXR,LFFUAL$outside
LF15IXXR,LFPJTP$outside
LF15APLJ,LFBXBB$outside
LF16GLWW,SFQBNI$outside
LF16KXIK,SFQBNI$outside
LF16AHYO,SFQBNI$outside
LF16YLEB,SFQBNI$outside
LF16CTYK,SFQBNI$outside
LF16WYSE,TCAYCF$outside
LF16VYOG,SFQBNI$outside
LF16KDZQ,TCAYCF$outside
LF17TTXX,SFQBNI$outside
LF17ZXWX,SFQBNI$outside
LF17XXLT,SFQBNI$outside
LF17ZVTM,SFQBNI$outside
LF17DSOX,QQELSA$inside
LF17ELSS,QQELSA$inside
LF17VHZJ,XMJFCB$outside
DS15KUGD,DSZVWH$outside
DS15CRSM,DSZVWH$outside
DS15FDWB,DSZVWH$outside
DS15MDUU,DSZVWH$outside
DS15JLLE,FOCRJC$outside
DS15USRT,DSZVWH$outside
DS15ULAL,DSZVWH$outside
DS15HDMG,DSZVWH$outside
DS15QNUG,DSZVWH$outside
DS15UBJE,DSZVWH$outside
DS15WBOU,DSKUYZ$outside
DS15WBOU,DSZVWH$outside
DS15UTKG,SFQBNI$outside
DS15NWBJ,DSZVWH$outside
DS15XQSE,SFQBNI$outside
DS15XQSE,DSZVWH$outside
DS15FTNZ,DSZVWH$outside
DS15SORA,XMHZDH$outside
DS15SORA,DSZVWH$outside
DS15XATG,DSZVWH$outside
DS15OLSF,XMKZHN$outside
DS15YFYH,DSZVWH$outside
DS15YBJA,DSZVWH$outside
DS15JMHC,XMHZDH$outside
DS15JMHC,SFGHQR$outside
DS15JMHC,SFQBNI$outside
DS15KQEH,DSZVWH$outside
DS15XDQG,DSZVWH$outside
DS15DDCI,DSZVWH$outside
DS15XCTJ,DSZVWH$outside
DS15WSMW,DSZVWH$outside
DS15ADMY,DSZVWH$outside
DS15MDAA,DSZVWH$outside
DS15PWOQ,DSZVWH$outside
DS15QOIL,XMHZDH$outside
DS15QOIL,DSZVWH$outside
DS15YQNS,DSZVWH$outside
DS15UZMA,DSZVWH$outside
DS15RTRF,DSZVWH$outside
DS15SJKF,DSZVWH$outside
DS15VLGN,XMHZDH$outside
DS15VLGN,DSZVWH$outside
DS15WAVF,DSZVWH$outside
DS15STNH,DSZVWH$outside
DS15SFIQ,DSZVWH$outside
DS15ESHW,DSZVWH$outside
DS15XTRP,FOXZDS$outside
DS15PYZH,DSZVWH$outside
DS16FLXP,SFQBNI$outside
DS16DMIP,FORUPH$outside
DS16DMIP,FODBYQ$outside
DS16UXMK,TCAYCF$outside
DS16XAIC,SFQBNI$outside
DS16DMLK,SFQBNI$outside
DS16WLCS,SFQBNI$outside
DS16XSWN,SFQBNI$outside
DS16PZLQ,SFQBNI$outside
DS17EAOW,SFQBNI$outside
XM15XNWO,XMKLXA$outside
XM15OHDA,XMHZDH$outside
XM15OHDA,XMCDUN$outside
XM15QTKH,XMHZDH$outside
XM15ANFT,XMCDUN$outside
XM15XDXG,XMCDUN$outside
XM15NOAE,XMHZDH$outside
XM15NOAE,XMCDUN$outside
XM15NJFN,XMHZDH$outside
XM15NJFN,XMCDUN$outside
XM15XJVJ,XMCDUN$outside
XM15XJVJ,XMHZDH$outside
XM15SEOP,XMHZDH$outside
XM15SEOP,XMCDUN$outside
XM15LWXU,XMCDUN$outside
XM15AQTS,XMHZDH$outside
XM15AQTS,XMCDUN$outside
XM15KTKS,XMPBPG$outside
XM15KTKS,XMHZDH$outside
XM15JKSI,XMHZDH$outside
XM15ATBG,XMCDUN$outside
XM15PXDP,XMHZDH$outside
XM15PXDP,XMCDUN$outside
XM15TCCQ,XMCDUN$outside
XM15NXQQ,XMCDUN$outside
XM15UGVL,XMCDUN$outside
XM15OKAX,XMKLXA$outside
XM15OKAX,XMHZDH$outside
XM15OKAX,XMCDUN$outside
XM15IDTI,XMCDUN$outside
XM15IDTI,XMHZDH$outside
XM15MWXU,XMCDUN$outside
XM15ZSHA,XMPBPG$outside
XM15FYYQ,XMCDUN$outside
XM15XOZW,XMCDUN$outside
XM15MNIF,XMHZDH$outside
XM15YRGO,XMHZDH$outside
XM15GIAD,XMPBPG$outside
XM15NZGN,XMCDUN$outside
XM15ISYH,XMHZDH$outside
XM15ISYH,XMCDUN$outside
XM15NALJ,XMHZDH$outside
XM15ZPPC,XMCDUN$outside
XM15RBZJ,XMHZDH$outside
XM15SCXT,XMHZDH$outside
XM15YGSX,XMCDUN$outside
XM15GWNX,XMHZDH$outside
XM15LWIU,XMHZDH$outside
XM15MMPX,XMCDUN$outside
XM15GSGI,XMPBPG$outside
XM15EBTZ,XMKLXA$outside
XM15EBTZ,SFXJNT$outside
XM15KFLO,XMHZDH$outside
XM15FVJV,XMKLXA$outside
XM15VIAW,XMHZDH$outside
XM15VIAW,XMKLXA$outside
XM15SIUI,XMPBPG$outside
XM16QQWU,XMHZDH$outside
XM16XFHE,XMHZDH$outside
XM16GNSZ,XMHZDH$outside
XM16INPN,XMHZDH$outside
XM16AEWE,XMHZDH$outside
XM16TJNZ,XMHZDH$outside
XM16QGOM,XMHZDH$outside
XM16KZVQ,XMHZDH$outside
XM16NXBO,XMHZDH$outside
XM16BBLL,XMHZDH$outside
XM16YQBI,XMHZDH$outside
XM16OWKQ,XMHZDH$outside
XM16RNBA,XMHZDH$outside
XM16RTDQ,XMHZDH$outside
XM16DAUY,XMHZDH$outside
XM16XJRE,XMHZDH$outside
XM16TXLG,XMHZDH$outside
XM16CYFW,XMHZDH$outside
XM16VDRI,XMHZDH$outside
XM16UVMS,XMHZDH$outside
XM16XNKU,XMHZDH$outside
XM16VKLV,XMHZDH$outside
XM16MNNM,XMHZDH$outside
XM16KBSU,XMHZDH$outside
XM16RICN,XMHZDH$outside
XM16OWKJ,XMHZDH$outside
XM16JGAK,XMHZDH$outside
XM16HFXZ,XMHZDH$outside
XM17YQEG,SFONDZ$outside
UF15WDSW,SFGHQR$outside
UF15CKRF,SFQBNI$outside
UF15OEEG,SFGHQR$outside
UF15UIXU,SFQBNI$outside
UF15GSXR,SFQBNI$outside
UF15DCFR,SFQBNI$outside
UF15GHSM,SFGHQR$outside
UF15WJWE,SFQBNI$outside
UF15CDXM,SFQBNI$outside
UF15VBYU,SFQBNI$outside
UF15USLW,SFQBNI$outside
UF15RTAJ,TCPMBP$inside
UF15RTAJ,SFQBNI$outside
UF15SKFX,FOUAAY$outside
UF15PDZP,SFQBNI$outside
UF15XUVZ,SFQBNI$outside
UF16WKIH,TCAYCF$outside
UF16FTNM,FODBYQ$outside
UF16SKKM,SFQBNI$outside
UF16YEXU,FODBYQ$outside
UF16HXDU,SFQBNI$outside
UF16HXDU,UFTNJM$outside
UF16TWEZ,TCAYCF$outside
UF16HGGB,SFQBNI$outside
UF16TLNK,TCAYCF$outside
UF16SDXE,TCAYCF$outside
UF16JGQM,FORUPH$outside
UF16KNJO,TCAYCF$outside
UF16AEXM,TCAYCF$outside
UF16LLSV,SFQBNI$outside
UF16TELD,TCAYCF$outside
SF15DDHI,SFHERQ$outside
SF15DDHI,SFVHKO$inside
SF15DDHI,SFXEQR$outside
SF15COUQ,SFXJNT$outside
SF15COUQ,SFHERQ$outside
SF15COUQ,SFQBNI$outside
SF15COUQ,SFXEQR$outside
SF15SBDX,SFHZQC$outside
SF15XVVB,SFHERQ$outside
SF15EBLD,SFHERQ$outside
SF15EBLD,SFXEQR$outside
SF15EBLD,SFVHKO$inside
SF15PCUI,SFHERQ$outside
SF15PCUI,SFNWEV$outside
SF15PCUI,SFXEQR$outside
SF15MASD,SFHERQ$outside
SF15MASD,SFWTCL$outside
SF15GFJB,SFHERQ$outside
SF15GFJB,SFQBNI$outside
SF15AUHI,SFHERQ$outside
SF15AUHI,SFWTCL$outside
SF15EHEL,SFHERQ$outside
SF15EHEL,SFXJNT$outside
SF15EHEL,SFXEQR$outside
SF15EHEL,SFVHKO$inside
SF15TDQH,SFXJNT$outside
SF15TDQH,SFHERQ$outside
SF15TDQH,SFXEQR$outside
SF15TDQH,SFQBNI$outside
SF15TDQH,OZSOMQ$outside
SF15ORKE,SFWXAU$outside
SF15ORKE,SFXEQR$outside
SF15ORKE,XMHZDH$outside
SF15ORKE,SFHERQ$outside
SF15CUCW,SFWXAU$outside
SF15CUCW,SFHERQ$outside
SF15CUCW,SFWTCL$outside
SF15TYYH,SFWXAU$outside
SF15TYYH,SFHERQ$outside
SF15TYYH,SFXEQR$outside
SF15WUXF,SFHERQ$outside
SF15WUXF,SFGHQR$outside
SF15WUXF,SFXEQR$outside
SF15SFVX,SFHERQ$outside
SF15SFVX,SFXEQR$outside
SF15SFVX,SFXJNT$outside
SF15TTPF,SFXJNT$outside
SF15TTPF,TCAYCF$outside
SF15DGAW,SFXEQR$outside
SF15DGAW,SFHERQ$outside
SF15YGOX,SFHERQ$outside
SF15YGOX,SFWTCL$outside
SF15VNII,SFWXAU$outside
SF15VNII,SFXEQR$outside
SF15VNII,SFHERQ$outside
SF15CVFX,SFVHKO$inside
SF15CVFX,SFHERQ$outside
SF15CVFX,SFONDZ$outside
SF15CVFX,SFWTCL$outside
SF15ULQP,TCAYCF$outside
SF15YOXP,SFGHQR$outside
SF15YOXP,XMHZDH$outside
SF15YOXP,SFABDD$outside
SF15VLCK,SFHERQ$outside
SF15VLCK,SFXJNT$outside
SF15VLCK,SFXEQR$outside
SF15VLCK,SFWTCL$outside
SF15ECYN,SFONDZ$outside
SF15ECYN,SFWTCL$outside
SF15ECYN,SFHERQ$outside
SF15ECYN,SFWXAU$outside
SF15KWDE,SFHERQ$outside
SF15KWDE,SFXEQR$outside
SF15XFUH,SFWXAU$outside
SF15XFUH,SFQBNI$outside
SF15XFUH,SFHERQ$outside
SF15XZTL,SFHERQ$outside
SF15XZTL,SFXJNT$outside
SF15MXCJ,XMHZDH$outside
SF15MXCJ,SFHERQ$outside
SF15VPRK,SFHPQZ$outside
SF15VPRK,SFWXAU$outside
SF15TOSL,SFHERQ$outside
SF15TOSL,SFWTCL$outside
SF15TOSL,SFWXAU$outside
SF15GQMK,SFHZQC$outside
SF15GQMK,SFXEQR$outside
SF15GQMK,SFGHQR$outside
SF15YUMM,SFWXAU$outside
SF15YUMM,SFHERQ$outside
SF15YUMM,SFWTCL$outside
SF15YUMM,SFXEQR$outside
SF15DJVT,SFHERQ$outside
SF15DJVT,SFXJNT$outside
SF15BOUH,SFABDD$outside
SF15CNHQ,SFHERQ$outside
SF15CNHQ,SFXEQR$outside
SF15CNHQ,SFVHKO$inside
SF15QFUZ,SFHERQ$outside
SF15QFUZ,SFWTCL$outside
SF15QFUZ,SFVHKO$inside
SF15EYGK,SFWXAU$outside
SF15EYGK,SFHERQ$outside
SF15EYGK,SFWTCL$outside
SF15EYGK,SFXEQR$outside
SF15UYZI,SFWTCL$outside
SF15FBJS,SFXKJX$outside
SF15FBJS,SFRZPA$outside
SF15JFGL,SFXKJX$outside
SF15JFGL,SFFVDS$outside
SF15JFGL,SFRZPA$outside
SF15JSGQ,SFHERQ$outside
SF15JSGQ,SFXEQR$outside
SF15TCEZ,SFHERQ$outside
SF15TCEZ,SFWTCL$outside
SF15TCEZ,SFDPPJ$outside
SF15TFFF,SFHERQ$outside
SF15TFFF,SFWXAU$outside
SF15FDPC,SFHPQZ$outside
SF15FDPC,SFWXAU$outside
SF15RYAH,SFWXAU$outside
SF15RYAH,SFHERQ$outside
SF15RYAH,SFPWTA$outside
SF15VKIK,SFABDD$outside
SF15VKIK,TCAYCF$outside
SF15VKIK,SFHZQC$outside
SF15SBFN,SFHERQ$outside
SF15SBFN,SFXJNT$outside
SF15SBFN,SFXEQR$outside
SF15MBFH,SFHERQ$outside
SF15MBFH,SFXJNT$outside
SF15MBFH,TCAYCF$outside
SF15MBFH,SFXEQR$outside
SF15YXRL,SFHERQ$outside
SF15YXRL,SFPWTA$outside
SF15SMUW,SFHHOS$outside
SF15SMUW,SFXEQR$outside
SF15SMUW,OZSOMQ$outside
SF15SMUW,SFNWEV$outside
SF15ZTCN,SFHERQ$outside
SF15ZTCN,SFXEQR$outside
SF15ZTCN,SFKJIH$outside
SF15ZTCN,SFVHKO$inside
SF15FANN,SFWXAU$outside
SF15FANN,SFHERQ$outside
SF15YWTK,SFWXAU$outside
SF15BEAD,SFGHQR$outside
SF15WPLP,SFWXAU$outside
SF15WPLP,SFHERQ$outside
SF15NYTZ,SFHERQ$outside
SF15NYTZ,SFXJNT$outside
SF15BJAF,SFVHKO$inside
SF15BJAF,SFQBNI$outside
SF15AKAP,SFWXAU$outside
SF15AKAP,SFHERQ$outside
SF15BPLL,SFHERQ$outside
SF15BPLL,SFXEQR$outside
SF15FKIV,SFHERQ$outside
SF15FKIV,SFQBNI$outside
SF15EHUB,SFHERQ$outside
SF15EHUB,XMCDUN$outside
SF15EHUB,SFWTCL$outside
SF15EHUB,SFABDD$outside
SF15CXUD,SFHERQ$outside
SF15CXUD,SFWTCL$outside
SF15CXUD,SFQBNI$outside
SF15ENJO,SFHERQ$outside
SF15ENJO,SFWTCL$outside
SF15ENJO,SFKJIH$outside
SF15ATBT,SFHERQ$outside
SF15ATBT,SFXEQR$outside
SF15ATBT,SFWTCL$outside
SF15ATBT,SFXJNT$outside
SF15TBLG,SFHERQ$outside
SF15TBLG,SFWXAU$outside
SF15JYZU,SFHERQ$outside
SF15JYZU,SFXEQR$outside
SF15JYZU,SFONDZ$outside
SF15JYZU,SFXJNT$outside
SF15OXNA,SFHZQC$outside
SF15OXNA,SFXEQR$outside
SF15OXNA,SFGHQR$outside
SF15IYBI,SFXEQR$outside
SF15IYBI,SFHERQ$outside
SF15BQOV,SFGHQR$outside
SF15BQOV,SFWXAU$outside
SF15BQOV,SFHERQ$outside
SF15MZEQ,SFFVZI$outside
SF15MZEQ,SFWTCL$outside
SF15MZEQ,SFONDZ$outside
SF15MZEQ,SFPWTA$outside
SF15MZEQ,SFDPPJ$outside
SF15VGNS,SFHERQ$outside
SF15VGNS,SFWTCL$outside
SF15VGNS,SFXEQR$outside
SF15VGNS,SFQBNI$outside
SF15VGNS,SFWXAU$outside
SF15VGNS,SFXJNT$outside
SF15PORA,SFHERQ$outside
SF15PORA,SFHZQC$outside
SF15PORA,SFXJNT$outside
SF15PORA,SFXEQR$outside
SF15NVNQ,SFHERQ$outside
SF15NVNQ,SFXJNT$outside
SF15NVNQ,SFXEQR$outside
SF15NVNQ,OZSOMQ$outside
SF15NVNQ,SFWXAU$outside
SF15XGPE,SFABDD$outside
SF15XGPE,SFKQFL$outside
SF15XGPE,SFHERQ$outside
SF15XGPE,SFHHOS$outside
SF15XGPE,SFQBNI$outside
SF15XGPE,SFNWEV$outside
SF15XGPE,SFVHKO$inside
SF15LGEY,SFHERQ$outside
SF15LGEY,SFXEQR$outside
SF15PTMX,TCAYCF$outside
SF15PTMX,SFGHQR$outside
SF15PTMX,SFHERQ$outside
SF15PTMX,SFQBNI$outside
SF15XAYN,SFQBNI$outside
SF15KLPI,TCAYCF$outside
SF15KLPI,SFQBNI$outside
SF15FEJZ,SFWXAU$outside
SF15FEJZ,SFHERQ$outside
SF15FEJZ,SFXEQR$outside
SF15FEJZ,SFONDZ$outside
SF15FEJZ,SFWTCL$outside
SF15ADVK,SFONDZ$outside
SF15ADVK,SFWTCL$outside
SF15ADVK,SFPWTA$outside
SF15ADVK,SFHERQ$outside
SF15ADVK,SFFVZI$outside
SF15DSUI,SFXJNT$outside
SF15DSUI,SFHERQ$outside
SF15DSUI,SFONDZ$outside
SF15SDSQ,SFWXAU$outside
SF15SDSQ,SFONDZ$outside
SF15SDSQ,SFHERQ$outside
SF15SDSQ,SFPWTA$outside
SF15SQVS,SFHZQC$outside
SF15SQVS,SFHERQ$outside
SF15SQVS,SFABDD$outside
SF15PWOK,XMHZDH$outside
SF15PWOK,SFWXAU$outside
SF15WVUQ,SFHERQ$outside
SF15WVUQ,SFXEQR$outside
SF15WVUQ,SFONDZ$outside
SF15WVUQ,SFQBNI$outside
SF15SZSP,SFXEQR$outside
SF15SZSP,SFHERQ$outside
SF15GCIZ,SFHERQ$outside
SF15GCIZ,SFXEQR$outside
SF15GCIZ,SFXJNT$outside
SF15GCIZ,SFQBNI$outside
SF15KBCV,SFHERQ$outside
SF15KBCV,SFXEQR$outside
SF15KBCV,SFQBNI$outside
SF15KBCV,SFXJNT$outside
SF15KBCV,OZSOMQ$outside
SF15ACWO,SFGHQR$outside
SF15QIUF,SFQBNI$outside
SF15QIUF,SFHERQ$outside
SF15QIUF,SFXEQR$outside
SF15QIUF,SFWXAU$outside
SF15PPNC,SFHERQ$outside
SF15PPNC,SFQBNI$outside
SF15PPNC,SFXEQR$outside
SF15PPNC,OZSOMQ$outside
SF15PPNC,SFXJNT$outside
SF15QAYT,SFQBNI$outside
SF15QAYT,SFXEQR$outside
SF15VZHU,SFABDD$outside
SF15VZHU,SFHZQC$outside
SF15VZHU,TCAYCF$outside
SF15TVSW,SFQBNI$outside
SF15TVSW,SFNWEV$outside
SF15TVSW,SFXEQR$outside
SF15WXBZ,SFGHQR$outside
SF15WXBZ,XMJFCB$outside
SF15ASZF,SFHZQC$outside
SF15ASZF,SFABDD$outside
SF15WITY,SFQBNI$outside
SF15KTKD,SFHHOS$outside
SF15KTKD,SFQBNI$outside
SF15OHFS,SFABDD$outside
SF15OHFS,SFQBNI$outside
SF15OHFS,SFHERQ$outside
SF15OHFS,OZSOMQ$outside
SF15DDOT,SFXJNT$outside
SF15DDOT,SFHERQ$outside
SF15DDOT,SFQBNI$outside
SF15DDOT,SFABDD$outside
SF15AKSF,SFXJNT$outside
SF15AKSF,SFHERQ$outside
SF15AKSF,SFXEQR$outside
SF15SPHX,SFXJNT$outside
SF15SPHX,SFONDZ$outside
SF15SPHX,SFHERQ$outside
SF15SPHX,SFXEQR$outside
SF15QNEO,SFWXAU$outside
SF15QNEO,SFHERQ$outside
SF15QNEO,FOUVSH$outside
SF15QNEO,SFXEQR$outside
SF15KKLW,XMHZDH$outside
SF15KKLW,SFGHQR$outside
SF15QXWC,SFQBNI$outside
SF15OETS,SFWXAU$outside
SF15OETS,SFHERQ$outside
SF15OETS,SFABDD$outside
SF15OETS,SFPWTA$outside
SF15OETS,SFGHQR$outside
SF15OETS,SFXJNT$outside
SF15RUTC,SFWXAU$outside
SF15RUTC,SFHERQ$outside
SF15RUTC,SFXEQR$outside
SF15UANN,SFXJNT$outside
SF15UANN,SFHERQ$outside
SF15UANN,SFXEQR$outside
SF15JKEL,SFHERQ$outside
SF15JKEL,SFGHQR$outside
SF15JKEL,TCAYCF$outside
SF15JKEL,SFXJNT$outside
SF15AZNK,SFABDD$outside
SF15AZNK,SFHZQC$outside
SF15PKXW,SFABDD$outside
SF15PKXW,SFHERQ$outside
SF15PKXW,XMKZHN$outside
SF15PKXW,SFNWEV$outside
SF15VNFO,SFKJIH$outside
SF15VNFO,OZSOMQ$outside
SF15VNFO,SFQUOG$outside
SF15PYJH,SFXEQR$outside
SF15PYJH,SFHERQ$outside
SF15PYJH,SFXJNT$outside
SF15OROD,SFHERQ$outside
SF15OROD,SFXJNT$outside
SF15ICJW,SFVHKO$inside
SF15KYAX,SFHERQ$outside
SF15NPJM,SFXJNT$outside
SF15DUDG,SFWTCL$outside
SF15DUDG,SFHERQ$outside
SF15DUDG,SFQBNI$outside
SF15IENN,SFHERQ$outside
SF15IENN,SFXJNT$outside
SF15IENN,SFXEQR$outside
SF15IENN,SFHHOS$outside
SF15IENN,SFWTCL$outside
SF15IENN,SFVHKO$inside
SF16YHGN,SFQBNI$outside
SF16YHGN,SFABDD$outside
SF16YHGN,SFONDZ$outside
SF16FDVB,SFABDD$outside
SF16FDVB,SFQBNI$outside
SF16GSZM,SFABDD$outside
SF16GSZM,SFQBNI$outside
SF16MLZQ,SFONDZ$outside
SF16MLZQ,SFABDD$outside
SF16BNVY,SFQBNI$outside
SF16BNVY,SFABDD$outside
SF16FUOK,SFABDD$outside
SF16FUOK,SFHHOS$outside
SF16FUOK,SFQBNI$outside
SF16BCGZ,SFABDD$outside
SF16BCGZ,SFQBNI$outside
SF16BCGZ,SFFVZI$outside
SF16BCGZ,SFHHOS$outside
SF16MEWD,SFABDD$outside
SF16MEWD,SFONDZ$outside
SF16HAPJ,SFWXAU$outside
SF16HAPJ,SFABDD$outside
SF16BJMV,SFABDD$outside
SF16BJMV,SFFVZI$outside
SF16BJMV,SFONDZ$outside
SF16BJMV,SFWXAU$outside
SF16BJMV,OZSOMQ$outside
SF16BMUD,SFWXAU$outside
SF16BMUD,OZSOMQ$outside
SF16BMUD,SFABDD$outside
SF16OFHY,SFXEQR$outside
SF16OFHY,SFONDZ$outside
SF16OFHY,OZSOMQ$outside
SF16OFHY,SFFVZI$outside
SF16OFHY,SFWXAU$outside
SF16BCWY,SFONDZ$outside
SF16BCWY,SFABDD$outside
SF16BTRU,SFONDZ$outside
SF16BTRU,SFHHOS$outside
SF16VKCU,SFABDD$outside
SF16VKCU,SFQBNI$outside
SF16VKCU,SFONDZ$outside
SF16VKCU,SFHHOS$outside
SF16SGEX,SFHERQ$outside
SF16SGEX,SFQBNI$outside
SF16SGEX,SFABDD$outside
SF16SGEX,SFONDZ$outside
SF16CBJV,SFHERQ$outside
SF16CBJV,SFONDZ$outside
SF16CBJV,SFABDD$outside
SF16AQGZ,SFABDD$outside
SF16AQGZ,SFONDZ$outside
SF16AQGZ,SFQBNI$outside
SF16VTTB,SFABDD$outside
SF16VTTB,SFQBNI$outside
SF16VTTB,SFHERQ$outside
SF16VTTB,SFONDZ$outside
SF16AUVZ,SFHERQ$outside
SF16AUVZ,SFONDZ$outside
SF16AUVZ,SFABDD$outside
SF16YNWZ,SFONDZ$outside
SF16YNWZ,SFABDD$outside
SF16PBEV,SFONDZ$outside
SF16PBEV,SFABDD$outside
SF16IXMZ,SFABDD$outside
SF16IXMZ,SFONDZ$outside
SF16SOJB,SFQBNI$outside
SF16SOJB,SFABDD$outside
SF16SOJB,SFONDZ$outside
SF16SOJB,SFHERQ$outside
SF16YFOL,SFQBNI$outside
SF16YFOL,SFABDD$outside
SF16YFOL,SFONDZ$outside
SF16YFOL,SFHERQ$outside
SF16AJLH,SFQBNI$outside
SF16AJLH,SFHERQ$outside
SF16AJLH,SFONDZ$outside
SF16AJLH,SFABDD$outside
SF16VBRY,SFONDZ$outside
SF16VBRY,SFABDD$outside
SF16VBRY,SFHHOS$outside
SF16YUQS,SFONDZ$outside
SF16YUQS,SFWXAU$outside
SF16YUQS,SFABDD$outside
SF16KMZJ,SFQBNI$outside
SF16KMZJ,SFABDD$outside
SF16FCPQ,SFONDZ$outside
SF16FCPQ,SFABDD$outside
SF16FCPQ,SFQBNI$outside
SF16NBWN,SFHZQC$outside
SF16NBWN,SFABDD$outside
SF16KIKC,SFABDD$outside
SF16KIKC,SFONDZ$outside
SF16WCVG,SFABDD$outside
SF16WCVG,SFONDZ$outside
SF16WCVG,SFHERQ$outside
SF16AOGW,SFABDD$outside
SF16AOGW,SFQBNI$outside
SF16AOGW,SFONDZ$outside
SF16AOGW,SFHZQC$outside
SF16VYOW,SFABDD$outside
SF16VYOW,SFONDZ$outside
SF16VYOW,SFHERQ$outside
SF16PHBM,SFONDZ$outside
SF16JUQF,SFABDD$outside
SF16JUQF,SFHHOS$outside
SF16JUQF,SFQBNI$outside
SF16SJRH,SFHZQC$outside
SF16SJRH,SFABDD$outside
SF16SJRH,SFQBNI$outside
SF16ICAM,SFHERQ$outside
SF16ICAM,SFQBNI$outside
SF16ICAM,SFABDD$outside
SF16ICAM,SFONDZ$outside
SF16IOVS,SFVHKO$inside
SF16IOVS,SFONDZ$outside
SF16IOVS,SFABDD$outside
SF16IOVS,SFHERQ$outside
SF16NVDD,SFABDD$outside
SF16NVDD,SFHERQ$outside
SF16NVDD,SFONDZ$outside
SF16KNTE,SFONDZ$outside
SF16KNTE,SFABDD$outside
SF16NBIV,SFHERQ$outside
SF16NBIV,SFABDD$outside
SF16NBIV,SFONDZ$outside
SF16VAXE,SFABDD$outside
SF16OERU,SFABDD$outside
SF16OERU,SFHHOS$outside
SF16OERU,SFQBNI$outside
SF16TRBE,SFQBNI$outside
SF16TRBE,SFABDD$outside
SF16TRBE,SFONDZ$outside
SF16TRBE,SFFVZI$outside
SF16XCZP,SFQBNI$outside
SF16XCZP,SFHHOS$outside
SF16XCZP,SFABDD$outside
SF16NGOV,SFHZQC$outside
SF16NGOV,SFABDD$outside
SF16HWIJ,SFQBNI$outside
SF16HWIJ,SFONDZ$outside
SF16HWIJ,SFHHOS$outside
SF16ABVL,SFHHOS$outside
SF16ABVL,SFABDD$outside
SF16LQNQ,SFABDD$outside
SF16LQNQ,SFFVZI$outside
SF16LQNQ,SFONDZ$outside
SF16RDGK,SFABDD$outside
SF16RDGK,SFONDZ$outside
SF16RDGK,SFHERQ$outside
SF16RDGK,SFQBNI$outside
SF16RDGK,SFHHOS$outside
SF16MZAN,SFWXAU$outside
SF16MZAN,SFHHOS$outside
SF16MZAN,SFABDD$outside
SF16GKMX,SFABDD$outside
SF16GKMX,SFWXAU$outside
SF16GKMX,SFONDZ$outside
SF16XIZM,SFQBNI$outside
SF16XIZM,SFHZQC$outside
SF16XIZM,SFABDD$outside
SF16GWFJ,SFQBNI$outside
SF16GWFJ,SFONDZ$outside
SF16GWFJ,SFABDD$outside
SF16GWFJ,SFHHOS$outside
SF16SAIX,SFABDD$outside
SF16SAIX,SFONDZ$outside
SF16YNJJ,SFQBNI$outside
SF16YNJJ,SFABDD$outside
SF16JTNW,SFABDD$outside
SF16JTNW,SFONDZ$outside
SF16COVU,SFABDD$outside
SF16COVU,SFQBNI$outside
SF16MIJS,XMHZDH$outside
SF16MIJS,SFQBNI$outside
SF16MIJS,SFABDD$outside
SF16CFGB,SFQBNI$outside
SF16CFGB,SFABDD$outside
SF16CFGB,SFHHOS$outside
SF16CFGB,SFONDZ$outside
SF16IRQI,SFABDD$outside
SF16IRQI,SFQBNI$outside
SF16IRQI,SFONDZ$outside
SF16VTFC,SFABDD$outside
SF16VTFC,SFWXAU$outside
SF16VTFC,SFONDZ$outside
SF16XFLU,SFHZQC$outside
SF16XFLU,SFABDD$outside
SF16XFLU,SFONDZ$outside
SF16JJSM,SFABDD$outside
SF16JJSM,SFQBNI$outside
SF16JJSM,SFONDZ$outside
SF16MPBK,SFONDZ$outside
SF16MPBK,SFABDD$outside
SF16IQVU,SFHHOS$outside
SF16IQVU,SFABDD$outside
SF16IQVU,SFQBNI$outside
SF16IQVU,SFONDZ$outside
SF16JSTH,TCAYCF$outside
SF16JSTH,SFHZQC$outside
SF16JSTH,SFABDD$outside
SF16VGHL,SFQBNI$outside
SF16VGHL,SFHHOS$outside
SF16AVNT,SFABDD$outside
SF16AVNT,XMKZHN$outside
SF16AVNT,SFONDZ$outside
SF16AVNT,SFQBNI$outside
SF16UWNA,SFABDD$outside
SF16UWNA,SFQBNI$outside
SF16PSWY,SFABDD$outside
SF16PSWY,SFONDZ$outside
SF16MURB,SFABDD$outside
SF16MURB,SFQBNI$outside
SF16AJZM,SFONDZ$outside
SF16AJZM,SFABDD$outside
SF16FJLM,SFABDD$outside
SF16BEZJ,SFABDD$outside
SF16BEZJ,SFQBNI$outside
SF16BEZJ,SFONDZ$outside
SF16BEZJ,OZSOMQ$outside
SF16SFZO,SFABDD$outside
SF16QVWT,SFQBNI$outside
SF16QVWT,SFABDD$outside
SF16OBHX,SFABDD$outside
SF16OBHX,SFHERQ$outside
SF16OBHX,SFONDZ$outside
SF16MUUN,SFABDD$outside
SF16IWSX,SFWXAU$outside
SF16NEFO,SFQBNI$outside
SF16NEFO,SFABDD$outside
SF16NEFO,SFONDZ$outside
SF16JOLU,SFQBNI$outside
SF16JOLU,SFABDD$outside
SF16OPNJ,SFABDD$outside
SF16OPNJ,SFONDZ$outside
SF16SXZA,SFQBNI$outside
SF16SXZA,SFABDD$outside
SF16UQFI,SFABDD$outside
SF16PUHH,SFABDD$outside
SF16PUHH,SFHHOS$outside
SF16OHRV,SFONDZ$outside
SF16OHRV,SFABDD$outside
SF16EDWR,SFABDD$outside
SF16EDWR,SFQBNI$outside
SF16LKCF,SFABDD$outside
SF16LKCF,SFQBNI$outside
SF16MIPI,SFABDD$outside
SF16MIPI,SFHHOS$outside
SF16HSQT,SFQBNI$outside
SF16HSQT,SFHERQ$outside
SF16HSQT,SFABDD$outside
SF16KNYI,SFQBNI$outside
SF16KNYI,SFABDD$outside
SF16KNYI,SFONDZ$outside
SF16WVUY,SFABDD$outside
SF16YPAF,SFABDD$outside
SF16RBWM,SFHHOS$outside
SF16RBWM,SFWXAU$outside
SF16RBWM,SFABDD$outside
SF16OFRA,SFHERQ$outside
SF16OFRA,SFABDD$outside
SF16OFRA,SFONDZ$outside
SF16OFRA,SFHHOS$outside
SF16OFRA,SFVHKO$inside
SF16THCE,SFABDD$outside
SF16VYJG,SFABDD$outside
SF16VYJG,SFONDZ$outside
SF16SFZW,SFWXAU$outside
SF16SFZW,SFHHOS$outside
SF16BFDB,SFONDZ$outside
SF16BFDB,SFHHOS$outside
SF16BFDB,SFABDD$outside
SF16KVEH,SFABDD$outside
SF16AQGS,SFHHOS$outside
SF16AQGS,SFABDD$outside
SF16JVXW,SFWXAU$outside
SF16ETAI,SFHERQ$outside
SF16ETAI,SFQBNI$outside
SF16ETAI,SFABDD$outside
SF16ETAI,SFONDZ$outside
SF16ETAI,SFVHKO$inside
SF16QPDA,SFABDD$outside
SF16QPDA,SFHHOS$outside
SF16QPDA,SFQBNI$outside
SF16BFXH,SFABDD$outside
SF16BFXH,SFONDZ$outside
SF16OTFZ,SFHERQ$outside
SF16OTFZ,SFABDD$outside
SF16OTFZ,SFONDZ$outside
SF16OTFZ,SFWTCL$outside
SF16OTFZ,SFHHOS$outside
SF16DRNY,SFHHOS$outside
SF16DRNY,SFABDD$outside
SF16PCDK,SFQBNI$outside
SF16PCDK,SFABDD$outside
SF16PCDK,SFHHOS$outside
SF16QZWD,SFQBNI$outside
SF16QZWD,SFABDD$outside
SF16ZCPJ,SFQBNI$outside
SF16ZCPJ,SFHHOS$outside
SF16KQLS,SFHHOS$outside
SF16KQLS,SFABDD$outside
SF16KQLS,SFONDZ$outside
SF16KQLS,SFVHKO$inside
SF16NIXV,SFONDZ$outside
SF16NIXV,SFABDD$outside
SF16NIXV,SFQBNI$outside
SF16EALT,SFABDD$outside
SF16EALT,SFONDZ$outside
SF16ZDET,SFQBNI$outside
SF16ZDET,SFONDZ$outside
SF16ZDET,SFABDD$outside
SF16ZDET,SFHHOS$outside
SF16OJMX,SFONDZ$outside
SF16OJMX,SFABDD$outside
SF16VZYJ,SFONDZ$outside
SF16VZYJ,SFHHOS$outside
SF16VZYJ,SFABDD$outside
SF16YLKF,SFABDD$outside
SF16YLKF,SFONDZ$outside
SF16XVAA,SFABDD$outside
SF16XVAA,SFHHOS$outside
SF16XVAA,SFQBNI$outside
SF16ELTG,SFABDD$outside
SF16ELTG,SFONDZ$outside
SF16OQUF,SFABDD$outside
SF16OQUF,SFONDZ$outside
SF16OQUF,SFWXAU$outside
SF16DKWF,SFABDD$outside
SF16XVLA,SFABDD$outside
SF16XVLA,SFONDZ$outside
SF17CHJW,OZSOMQ$outside
SF17DATI,SFMUVI$inside
SF17FZUH,OZSOMQ$outside
SF17VAJA,OZSOMQ$outside
SF17VEHO,SFMUVI$inside
SF17GJHU,TCAYCF$outside
SF17CXOK,SFMUVI$inside
SF17EDQP,OZSOMQ$outside
SF17GGUF,TCAYCF$outside
SF17NJVE,SFXKJX$outside
SF17AVIF,OZSOMQ$outside
SF17ZEFN,SFVHKO$inside
OZ15EEQH,EIXVMK$inside
OZ15NYUI,SFQBNI$outside
OZ15NYUI,SFABDD$outside
OZ15NYUI,SFHZQC$outside
OZ15GBBA,EIYFHW$inside
OZ15GBBA,EIXVMK$inside
OZ15GBBA,EIUVHF$inside
OZ15WVYN,EIXVMK$inside
OZ15YGIZ,EIJCRU$outside
OZ15DTNY,EIXVMK$inside
OZ15DTNY,EIUVHF$inside
OZ15UDKO,XMKZHN$outside
OZ15UDKO,EIYFHW$inside
OZ15CJWO,EIUVHF$inside
OZ15TDUW,EIXVMK$inside
OZ15TDUW,EIUVHF$inside
OZ15AIAM,SFXEQR$outside
OZ15AIAM,SFFVDS$outside
OZ15OVOW,EIUVHF$inside
OZ15OVOW,SFXEQR$outside
OZ15OVOW,SFABDD$outside
OZ15GYUM,SFQBNI$outside
OZ15KMHM,SFWTCL$outside
OZ15KMHM,SFAEYS$outside
OZ15KMHM,SFFVZI$outside
OZ15KMHM,SFONDZ$outside
OZ15KMHM,SFXELK$outside
OZ15RTSJ,SFHPQZ$outside
OZ15ALMS,SFQBNI$outside
OZ15ALMS,SFHERQ$outside
OZ15ALMS,SFONDZ$outside
OZ15ALMS,SFWTCL$outside
OZ15YXOH,EIUVHF$inside
OZ15YXOH,EIZDZH$outside
OZ15YXOH,EIYFHW$inside
OZ15FHDK,EIJCRU$outside
OZ15FHDK,EIDIZF$inside
OZ15OAJU,EIXVMK$inside
OZ15OAJU,EIJCRU$outside
OZ15GMVB,EIJCRU$outside
OZ15GMVB,EIXVMK$inside
OZ15GMVB,EIUVHF$inside
OZ15UEQI,EIXVMK$inside
OZ15UEQI,EIYFHW$inside
OZ15UEQI,EIDIZF$inside
OZ15JKHC,SFQBNI$outside
OZ15JKHC,EIUVHF$inside
OZ15OXKF,EIUVHF$inside
OZ15OXKF,SFQBNI$outside
OZ15SGYT,SFGHQR$outside
OZ15UTVS,EIXVMK$inside
OZ15UTVS,EIUVHF$inside
OZ15YQXK,SFHPQZ$outside
OZ15YQXK,DNYMGM$outside
OZ16MCMO,SFABDD$outside
OZ16MCMO,SFQBNI$outside
OZ16XAKA,SFABDD$outside
OZ16XAKA,SFONDZ$outside
OZ16XLFM,EIXVMK$inside
OZ16XLFM,EIUVHF$inside
OZ16JZQE,SFQBNI$outside
OZ16JZQE,XMKZHN$outside
OZ16ELTJ,EIUVHF$inside
OZ16ELTJ,EIXVMK$inside
OZ16MVQA,SFABDD$outside
OZ16MVQA,SFQBNI$outside
OZ16KUGM,EIXVMK$inside
OZ16VLAM,EIXVMK$inside
OZ16VLAM,SFABDD$outside
OZ16VLAM,XMKZHN$outside
OZ16VLAM,SFQBNI$outside
OZ16VLAM,EIUVHF$inside
OZ16GMFS,SFQBNI$outside
OZ16APPT,SFABDD$outside
OZ16VXDP,EIXVMK$inside
OZ16VXDP,SFABDD$outside
OZ16VXDP,SFQBNI$outside
OZ16VXDP,EIUVHF$inside
OZ16FYTN,EIXVMK$inside
OZ16FYTN,SFQBNI$outside
OZ16JXOX,EIXVMK$inside
OZ16JXOX,EIUVHF$inside
OZ16GPDM,SFQBNI$outside
OZ16LTJU,EIUVHF$inside
OZ16LTJU,OZSOMQ$outside
OZ16LTJU,SFONDZ$outside
OZ16STKU,EIUVHF$inside
OZ16UZLS,SFABDD$outside
OZ16UZLS,SFQBNI$outside
OZ16UZLS,EIUVHF$inside
OZ16UZLS,EIXVMK$inside
OZ16QSKP,SFABDD$outside
OZ16HYIO,SFABDD$outside
OZ16HYIO,SFQBNI$outside
OZ16QESP,EIXVMK$inside
OZ16QESP,SFONDZ$outside
OZ16QESP,OZSOMQ$outside
OZ16QESP,SFQBNI$outside
OZ16JFNE,SFQBNI$outside
OZ16JFNE,EIUVHF$inside
OZ16FKLO,EIXVMK$inside
OZ16FKLO,EIUVHF$inside
OZ16FWTT,EIUVHF$inside
OZ16FWTT,SFONDZ$outside
OZ16FWTT,EIXVMK$inside
OZ16FWTT,SFQBNI$outside
OZ17KJOO,EIJCRU$outside
OZ17JUTM,SFFWGR$outside
OZ17GDWF,EIJCRU$outside
FO15XZMF,FORUPH$outside
FO15XZMF,FOUVQA$inside
FO15XZMF,FODNVU$outside
FO15XZMF,FOUVSH$outside
FO15QMQH,SFQBNI$outside
FO15QMQH,XMKZHN$outside
FO15QMQH,FOCRJC$outside
FO15QMQH,FOUVSH$outside
FO15QMQH,FOMEQT$outside
FO15JQSN,FOQDCN$outside
FO15JQSN,FOXZDS$outside
FO15JQSN,FOUVSH$outside
FO15JQSN,FOUVQA$inside
FO15JQSN,FORUPH$outside
FO15WSCG,FOUVSH$outside
FO15WSCG,TCAYCF$outside
FO15WSCG,FOUVQA$inside
FO15MGPC,FOUVQA$inside
FO15MGPC,FOUVSH$outside
FO15MGPC,FORUPH$outside
FO15MGPC,FODNVU$outside
FO15NZVD,FORUPH$outside
FO15NZVD,FOCRJC$outside
FO15NZVD,FOUVQA$inside
FO15NZVD,FODNVU$outside
FO15NZVD,FOMEQT$outside
FO15ZCCJ,FOUVSH$outside
FO15ZCCJ,FOUBDO$outside
FO15ZCCJ,TCAYCF$outside
FO15ZCCJ,FOXZDS$outside
FO15ZCCJ,FOGTEV$outside
FO15ZCCJ,FOYULI$outside
FO15ZCCJ,FOQDCN$outside
FO15SZWU,FOQDCN$outside
FO15SZWU,FOUVSH$outside
FO15SZWU,FOXZDS$outside
FO15SZWU,FOLREM$outside
FO15SZWU,FORUPH$outside
FO15SZWU,FOUVQA$inside
FO15EKKB,FOUVSH$outside
FO15EKKB,FOUVQA$inside
FO15EKKB,FOGFBQ$outside
FO15BRIX,FOGFBQ$outside
FO15BRIX,SFQBNI$outside
FO15ACQL,FOUVSH$outside
FO15ACQL,FODNVU$outside
FO15YELK,FOUVSH$outside
FO15YELK,FODNVU$outside
FO15XLLC,FOMEQT$outside
FO15XLLC,FORUPH$outside
FO15XLLC,FODNVU$outside
FO15XLLC,FOPHSH$outside
FO15EXOU,FODNVU$outside
FO15EXOU,FOUVSH$outside
FO15RAET,FOUVSH$outside
FO15RAET,FOSMGN$outside
FO15RAET,FOXZDS$outside
FO15LWKX,FOQDCN$outside
FO15LWKX,FOUVSH$outside
FO15LWKX,FOHMYY$outside
FO15LWKX,FOXZDS$outside
FO15LWKX,FOUBDO$outside
FO15LWKX,FOCRJC$outside
FO15XDYO,FOUVSH$outside
FO15XDYO,FOSMGN$outside
FO15XDYO,FOXZDS$outside
FO15VIDV,FOXZDS$outside
FO15VIDV,FOUVSH$outside
FO15VIDV,FORUPH$outside
FO15OPYO,FOGFBQ$outside
FO15OPYO,FORUPH$outside
FO15OPYO,FOUBDO$outside
FO15FFQF,FOGFBQ$outside
FO15FFQF,FOUVQA$inside
FO15FFQF,FOYULI$outside
FO15FFQF,FOUVSH$outside
FO15KKAU,FOSMGN$outside
FO15KKAU,FOUVSH$outside
FO15KKAU,FOXZDS$outside
FO15WLMI,FOSMGN$outside
FO15WLMI,FOUVSH$outside
FO15WLMI,FOUBDO$outside
FO15CQFJ,FOGFBQ$outside
FO15CQFJ,FOUVSH$outside
FO15CQFJ,FOUVQA$inside
FO15CQFJ,FOYULI$outside
FO15OUKA,FOUVSH$outside
FO15OUKA,FOGFBQ$outside
FO15OUKA,FOUVQA$inside
FO15WPDM,FOIXVA$outside
FO15WPDM,FODDBY$outside
FO15CYIA,FOCRJC$outside
FO15CYIA,FOUVSH$outside
FO15CYIA,FOUBDO$outside
FO15BXZX,FOUVQA$inside
FO15CVHO,FOHMYY$outside
FO15TPIA,FOHMYY$outside
FO15TPIA,SFQBNI$outside
FO15TPIA,XMKZHN$outside
FO15JJYG,FOUBDO$outside
FO15JJYG,FOGFBQ$outside
FO15JJYG,FOUVQA$inside
FO15JJYG,FOYULI$outside
FO15GBIX,FORUPH$outside
FO15GBIX,FOGFBQ$outside
FO15GBIX,FOPHSH$outside
FO15GBIX,FOLREM$outside
FO15GBIX,FOUVSH$outside
FO15GBIX,FOUVQA$inside
FO15GBIX,FOCRJC$outside
FO15KHIS,FOUBDO$outside
FO15KHIS,FOYULI$outside
FO15KHIS,FOUVQA$inside
FO15ZZKD,FOGFBQ$outside
FO15HLBB,FOUVQA$inside
FO15VYZU,EIJCRU$outside
FO15VYZU,FOIXVA$outside
FO15VYZU,FODDBY$outside
FO15UWRY,FOUBDO$outside
FO15UWRY,TCAYCF$outside
FO15UWRY,FOUVSH$outside
FO15UWRY,FOGTEV$outside
FO15UWRY,FOXZDS$outside
FO15UWRY,FOYULI$outside
FO15UWRY,FOQDCN$outside
FO15JQXF,FOUVSH$outside
FO15JQXF,FONRZO$outside
FO15FVJQ,FORUPH$outside
FO15FVJQ,FOUVSH$outside
FO15FVJQ,FOQDCN$outside
FO15FVJQ,FOEEKR$outside
FO15DDFH,FOCRJC$outside
FO15DDFH,FORUPH$outside
FO15DDFH,FOUBDO$outside
FO15DDFH,TCAYCF$outside
FO15CIMJ,FOGFBQ$outside
FO15CJHQ,FOXZDS$outside
FO15CJHQ,FOUVSH$outside
FO15SXNA,FORUPH$outside
FO15AXSD,FORUPH$outside
FO15AXSD,FOPHSH$outside
FO15YWJV,FOHMYY$outside
FO15YWJV,FOLXGE$outside
FO15YWJV,FOMEQT$outside
FO15YWJV,FOYULI$outside
FO15YWJV,FOUVQA$inside
FO15YWJV,FOGTEV$outside
FO15YWJV,FODNVU$outside
FO15YWJV,FORUPH$outside
FO15YWJV,FOGFBQ$outside
FO15GBIV,FOXZDS$outside
FO15HDOV,FOGFBQ$outside
FO15HDOV,FOUVSH$outside
FO15HDOV,FOSMGN$outside
FO15YCLX,FOUVSH$outside
FO15YCLX,FOGFBQ$outside
FO15VIJL,FOUVSH$outside
FO15WBCZ,FOUVSH$outside
FO15WBCZ,FOHMYY$outside
FO15WBCZ,FOGFBQ$outside
FO15IMKQ,FOXZDS$outside
FO15IMKQ,FOUVSH$outside
FO15INOW,FOUVQA$inside
FO15UPWA,FOYULI$outside
FO15UPWA,XMHZDH$outside
FO15UPWA,TCAYCF$outside
FO15ZLBC,FOGFBQ$outside
FO15ZLBC,FOUVSH$outside
FO15VIXY,FOGFBQ$outside
FO15MQIJ,FOGFBQ$outside
FO15MQIJ,SFQBNI$outside
FO15JVQC,SFQBNI$outside
FO15JVQC,FOGFBQ$outside
FO15JQHL,FOGFBQ$outside
FO15JQHL,SFQBNI$outside
FO15UZHK,FOHMYY$outside
FO15UZHK,FOGFBQ$outside
FO15UZHK,SFQBNI$outside
FO15XWKJ,SFQBNI$outside
FO15XWKJ,FOGFBQ$outside
FO15TTYH,FOGFBQ$outside
FO15TTYH,FOMEQT$outside
FO15RZXZ,FOSMGN$outside
FO15RZXZ,FOGFBQ$outside
FO15RZXZ,FOYULI$outside
FO15JQSH,FOGFBQ$outside
FO15JQSH,FOSMGN$outside
FO15JQSH,FOGTEV$outside
FO15JQSH,FOYULI$outside
FO15LMET,FOGFBQ$outside
FO15LMET,FOGTEV$outside
FO15URUL,XMJFCB$outside
FO15PCBM,FOGFBQ$outside
FO15LHRT,FOLREM$outside
FO15LHRT,TCAYCF$outside
FO15LTDR,FOGFBQ$outside
FO15UOMM,FORUPH$outside
FO15RKNP,FOUVSH$outside
FO15RKNP,FORUPH$outside
FO15GRJL,FOUVSH$outside
FO15GRJL,FORUPH$outside
FO15PTML,FORUPH$outside
FO15PSEL,FODNVU$outside
FO15PSEL,FORUPH$outside
FO15PSEL,FOMEQT$outside
FO15PSEL,FOPHSH$outside
FO15VLIV,FOUVSH$outside
FO15VLIV,TCAYCF$outside
FO15SNEQ,SFQBNI$outside
FO15SNEQ,FOUVSH$outside
FO15YZXI,FODNVU$outside
FO15YZXI,FOMEQT$outside
FO15YZXI,FOPHSH$outside
FO15YZXI,FORUPH$outside
FO15PYDW,FODNVU$outside
FO15PYDW,FOMEQT$outside
FO15PYDW,FOPHSH$outside
FO15PYDW,FORUPH$outside
FO15CJMI,FODNVU$outside
FO15CJMI,FOMEQT$outside
FO15CJMI,FOPHSH$outside
FO15CJMI,FORUPH$outside
FO15PJAS,FOMEQT$outside
FO15PJAS,FORUPH$outside
FO15PJAS,FOPHSH$outside
FO15PJAS,FODNVU$outside
FO15FMGW,FOYULI$outside
FO15FMGW,FOGTEV$outside
FO15FMGW,FOHMYY$outside
FO15FMGW,FOQDCN$outside
FO15BNQK,FOYULI$outside
FO15BNQK,FOGTEV$outside
FO15BNQK,FOHMYY$outside
FO15BCJF,FODNVU$outside
FO15BCJF,FORUPH$outside
FO15BCJF,FOPHSH$outside
FO15BCJF,FOMEQT$outside
FO15LFIZ,SFQBNI$outside
FO15XRYM,FORUPH$outside
FO15XRYM,FODNVU$outside
FO15XRYM,FOPHSH$outside
FO15XRYM,FOMEQT$outside
FO15BGAI,FORUPH$outside
FO15BGAI,FOPHSH$outside
FO15BGAI,FODNVU$outside
FO15BGAI,FOMEQT$outside
FO15BGAI,FOCRJC$outside
FO15SHNH,FOPHSH$outside
FO15SHNH,FOMEQT$outside
FO15SHNH,FOHMYY$outside
FO15SHNH,FOCRJC$outside
FO15SHNH,FODNVU$outside
FO15UXIW,FOGFBQ$outside
FO15WYCR,FODNVU$outside
FO15WYCR,FOMEQT$outside
FO15WYCR,FORUPH$outside
FO15WYCR,FOPHSH$outside
FO15SRDI,XMHZDH$outside
FO15SRDI,SFQBNI$outside
FO15LGIT,FORUPH$outside
FO15LGIT,FOUVQA$inside
FO15NJTS,FOIXVA$outside
FO15OUXL,FORUPH$outside
FO15OUXL,FODNVU$outside
FO15OUXL,FOPHSH$outside
FO15OUXL,FOMEQT$outside
FO15ISUZ,FOUVQA$inside
FO15ISUZ,SFGHQR$outside
FO15BEEF,FOXZDS$outside
FO15BEEF,FOIXVA$outside
FO15YHKB,FODNVU$outside
FO15YHKB,FOMEQT$outside
FO15YHKB,FOPHSH$outside
FO15YHKB,FORUPH$outside
FO15YHKB,FOUVQA$inside
FO15KKJW,FOUVQA$inside
FO15URMN,FOYULI$outside
FO15URMN,FOGTEV$outside
FO15URMN,FOHMYY$outside
FO15AEOB,FOYULI$outside
FO15AEOB,FOGTEV$outside
FO15OWQW,FOUVQA$inside
FO15ATJR,FORUPH$outside
FO15MRVP,FOYULI$outside
FO15MRVP,FOGTEV$outside
FO15AAXO,FODNVU$outside
FO15AAXO,FORUPH$outside
FO15AAXO,FOMEQT$outside
FO15AAXO,FOPHSH$outside
FO15AAXO,XMKZHN$outside
FO15FUVD,FOUVQA$inside
FO15FUVD,FORUPH$outside
FO15FUVD,SFHPQZ$outside
FO15HSVZ,FOMEQT$outside
FO15HSVZ,FOGFBQ$outside
FO15HSVZ,XMKZHN$outside
FO15YBAG,FOMEQT$outside
FO15YBAG,FOPHSH$outside
FO15YBAG,FODNVU$outside
FO15YBAG,FORUPH$outside
FO15CJFY,FORUPH$outside
FO15CJFY,FOPHSH$outside
FO15CJFY,FODNVU$outside
FO15CJFY,FOMEQT$outside
FO15CEXB,SFHPQZ$outside
FO15CEXB,SFPWTA$outside
FO15PJUO,FORUPH$outside
FO15CMPD,FOGFBQ$outside
FO15CMPD,FOUVQA$inside
FO15GCIV,FOMEQT$outside
FO15GCIV,FORUPH$outside
FO15SJSD,FOGFBQ$outside
FO15SJSD,FOGTEV$outside
FO15SJSD,FOYULI$outside
FO15AMNT,FOYULI$outside
FO15AMNT,FOGTEV$outside
FO15AMNT,FOHMYY$outside
FO15FBAF,FOGFBQ$outside
FO15FBAF,FOYULI$outside
FO15FBAF,FOGTEV$outside
FO15FBAF,FOHMYY$outside
FO15DNOP,FODNVU$outside
FO15DNOP,FORUPH$outside
FO15DNOP,FOMEQT$outside
FO15DNOP,FOPHSH$outside
FO15DNOP,XMKZHN$outside
FO15XOPN,SFHPQZ$outside
FO15XOPN,FORUPH$outside
FO15IJTU,FODNVU$outside
FO15IJTU,FOMEQT$outside
FO15IJTU,FORUPH$outside
FO15IJTU,FOPHSH$outside
FO15IVLF,FOQDCN$outside
FO15IVLF,XMKZHN$outside
FO15IVLF,FORUPH$outside
FO15IVLF,FOGFBQ$outside
FO15APTC,FOUVQA$inside
FO15APTC,FORUPH$outside
FO15APTC,FOIXVA$outside
FO15APTC,FOMEQT$outside
FO15WGLO,XMHZDH$outside
FO15WGLO,FORUPH$outside
FO15VDCN,FORUPH$outside
FO15FLMF,FOUVQA$inside
FO15FXMS,FORUPH$outside
FO15RSML,TCAYCF$outside
FO15IOML,FORUPH$outside
FO15BQOE,FODNVU$outside
FO15BQOE,FORUPH$outside
FO15BQOE,FOPHSH$outside
FO15BQOE,FOMEQT$outside
FO15NTEA,FOYULI$outside
FO15NTEA,FOUBDO$outside
FO15ORRZ,FOQDCN$outside
FO15ORRZ,FOYULI$outside
FO15MGLI,FORUPH$outside
FO15MGLI,FOUVQA$inside
FO15MGLI,TCAYCF$outside
FO15QNVC,FOCRJC$outside
FO15QNVC,SFHZQC$outside
FO15QNVC,FOQDCN$outside
FO15XWDP,FOUVSH$outside
FO15XWDP,FOGFBQ$outside
FO15XWDP,TCAYCF$outside
FO15ARKZ,SFGHQR$outside
FO15MILI,FOGFBQ$outside
FO15MILI,FORUPH$outside
FO15MILI,FOUVQA$inside
FO15MILI,FOUVSH$outside
FO15CKCP,FOGFBQ$outside
FO15CKCP,FOCRJC$outside
FO15FCHA,FOUVSH$outside
FO15FCHA,FOHMYY$outside
FO15FCHA,FOGFBQ$outside
FO15WIWE,FOQDCN$outside
FO15WIWE,FORUPH$outside
FO15WIWE,FOYULI$outside
FO15WIWE,FOSMGN$outside
FO15WIWE,FOGTEV$outside
FO15VJID,TCAYCF$outside
FO15VJID,FOMEQT$outside
FO15WBOC,FOCRJC$outside
FO15WBOC,FOPHSH$outside
FO15BYTS,FOUVSH$outside
FO15BYTS,FOMEQT$outside
FO15BYTS,FOIXVA$outside
FO15BYTS,FORUPH$outside
FO16WQEJ,XMHZDH$outside
FO16WQEJ,SFGHQR$outside
FO16TKZQ,XMHZDH$outside
FO16TKZQ,SFGHQR$outside
FO16KBGD,TCAYCF$outside
FO16YQUY,FOMEQT$outside
FO16VOZF,TCAYCF$outside
FO16OTIL,FODNVU$outside
FO16OTIL,FOMEQT$outside
FO16PFNB,FODNVU$outside
FO16PFNB,FOGTEV$outside
FO16PFNB,FOUVSH$outside
FO16PFNB,FOLENU$outside
FO16HXGF,FODNVU$outside
FO16CNNZ,FOMEQT$outside
FO16KMEB,FODNVU$outside
FO16NXVJ,FOMEQT$outside
FO16NXVJ,FOAJAL$inside
FO16ZFSQ,FOMEQT$outside
FO16ZFSQ,MUFQPM$outside
FO16FBTM,FOMEQT$outside
FO16FBTM,FOAJAL$inside
FO16GWYC,FOMEQT$outside
FO16YMET,FOMEQT$outside
FO16YMET,FODNVU$outside
FO16LPMU,FOAJAL$inside
FO16LPMU,FOMEQT$outside
FO16RWOA,SFQBNI$outside
FO16VBOA,FOAJAL$inside
FO16WSDE,SFQBNI$outside
FO16QGSR,SFQBNI$outside
FO16QAWE,FOAJAL$inside
FO16SIMN,FOMEQT$outside
FO16QZDS,SFQBNI$outside
FO16KMMC,FOHMYY$outside
FO16YHOX,FOMEQT$outside
FO16IJCQ,SFQBNI$outside
FO16IJCQ,FOHMYY$outside
FO16QTDP,SFFWGR$outside
FO16WFEV,SFQBNI$outside
FO16HKLE,SFFWGR$outside
FO16FAPQ,FOAJAL$inside
FO16UUSO,FOLXGE$outside
FO16UUSO,FODNVU$outside
FO16BCUO,FOAJAL$inside
FO16EYXM,FOMEQT$outside
FO16AZRN,FOHMYY$outside
FO16GEUJ,FOAJAL$inside
FO16JDKN,FOMEQT$outside
FO16JDKN,FOIXVA$outside
FO16YOOQ,SFQBNI$outside
FO16BUHU,FOMEQT$outside
FO16RVYQ,FONRZO$outside
FO16OCXT,FODNVU$outside
FO16NLNP,FOAJAL$inside
FO16FAFI,SFQBNI$outside
FO16OMSE,FOHMYY$outside
FO16CWLH,XMKLXA$outside
FO16LJNP,FOMEQT$outside
FO16ISCP,FOMEQT$outside
LT15CILF,FOLENU$outside
LT15HRUU,SFISHJ$outside
LT15SGQV,SFGHQR$outside
LT15SGQV,SFQBNI$outside
LT15CUZE,FOTTRL$outside
LT15SCRT,SFQBNI$outside
LT15VBHN,SFDPPJ$outside
LT15VBHN,SFAEYS$outside
LT15VBHN,SFJWPE$outside
LT15JOFP,XMJFCB$outside
LT15RWPF,SFGHQR$outside
LT15AHZX,TCAYCF$outside
LT15HKCM,FOGFBQ$outside
LT16HHVH,SFZOYV$outside
LT16JVXX,FOMEQT$outside
LT17IBJP,SFXKJX$outside
LT17KRSX,SFXKJX$outside
LT17CHIA,SFXKJX$outside
LT17CHIA,SFONDZ$outside
LT17POOF,SFXKJX$outside
LT17SFNR,SFXKJX$outside
SC15WORJ,SFQBNI$outside
SC15VFWN,XMKZHN$outside
SC15IRQS,FEKWOC$outside
SC15DBEA,SFQBNI$outside
SC15SXUB,SFQBNI$outside
SC15QPTW,SFQBNI$outside
SC15QPTW,FEKWOC$outside
SC15UFNX,SFQBNI$outside
SC15SEKY,FEKWOC$outside
SC15YCPS,SFQBNI$outside
SC15YCPS,FEKWOC$outside
SC15EKTP,FEKWOC$outside
SC15VLUQ,FEKWOC$outside
SC15SKTM,FEKWOC$outside
SC15DFRV,FEKWOC$outside
SC15IGQJ,SFQBNI$outside
SC15IGQJ,XMKZHN$outside
SC15IGQJ,FEKWOC$outside
SC15DZVU,FEKWOC$outside
SC15JMVQ,FEKWOC$outside
SC15HEZX,FEKWOC$outside
SC15UEGJ,FEKWOC$outside
SC15BVUW,FEKWOC$outside
SC15NZMY,SFQBNI$outside
SC15JNTD,FEZIQS$outside
SC15FEIS,SFQBNI$outside
SC15WOXR,FEKWOC$outside
SC15VXLG,FEKWOC$outside
SC15WQWT,XMHZDH$outside
SC15WQWT,XMKZHN$outside
SC16DDKV,FEZIQS$outside
SC16OHLJ,FEZIQS$outside
SC16SEUG,SFQBNI$outside
SC16VDVL,SFQBNI$outside
SC16UPGM,FEZIQS$outside
SC16DTJT,FEZIQS$outside
SC16SGOM,FEZIQS$outside
SC16EFMQ,FEZIQS$outside
SC16YZJG,FEZIQS$outside
SC16UURS,FEZIQS$outside
SC16UURS,SFQBNI$outside
SC16CXXH,FEZIQS$outside
SC16CXXH,SFQBNI$outside
SC16YVZD,FEZIQS$outside
SC16JHBL,SFQBNI$outside
SC16SZQV,FEZIQS$outside
SC16NHRC,SFQBNI$outside
SC16GQWO,FEZIQS$outside
SC16YYQH,FEZIQS$outside
SC16DXFE,FEZIQS$outside
SC16BZDN,FEZIQS$outside
SC16XBCA,FEZIQS$outside
SC16JXWL,FEZIQS$outside
SC16HAXQ,FEZIQS$outside
SC16YMNW,SFQBNI$outside
SC16QEGU,SFQBNI$outside
SC16OKFI,FEZIQS$outside
SC16OKFI,SFQBNI$outside
SC16OKFI,TCAYCF$outside
EI15DAXC,EIFJIB$outside
EI15DAXC,EIJCRU$outside
EI15DAXC,EIXVMK$inside
EI15DAXC,EIUVHF$inside
EI15QTSL,EIFJIB$outside
EI15QTSL,EIJCRU$outside
EI15QTSL,EIXVMK$inside
EI15QTSL,EIUVHF$inside
EI15QSAZ,EIJCRU$outside
EI15QSAZ,EIFJIB$outside
EI15QSAZ,EIXVMK$inside
EI15QSAZ,EIUVHF$inside
EI15DVGV,EIXVMK$inside
EI15DVGV,EIUVHF$inside
EI15DVGV,EIJCRU$outside
EI15DVGV,EIFJIB$outside
EI15WNUE,EIJCRU$outside
EI15WNUE,EIXVMK$inside
EI15WNUE,EIFJIB$outside
EI15WNUE,EIZDZH$outside
EI15WNUE,EIUVHF$inside
EI15KMWN,EIJCRU$outside
EI15KMWN,EIFJIB$outside
EI15KMWN,EIUVHF$inside
EI16OHTF,EIXVMK$inside
EI16IXIM,EIUVHF$inside
EI16AJKA,EIXVMK$inside
EI16PPMV,EIXVMK$inside
