Course ID,Number of Rejections,Course Capacity,Number of Rejections / Capacity
GZFWOW$inside,0,0,0.0
GZFWOW$outside,0,0,0.0
GZLTBR$inside,0,0,0.0
GZLTBR$outside,0,0,0.0
GZQJRC$inside,0,0,0.0
GZQJRC$outside,0,0,0.0
GZBEDR$inside,0,0,0.0
GZBEDR$outside,0,0,0.0
GZEBQY$inside,0,0,0.0
GZEBQY$outside,0,20,0.0
GZSFJX$inside,0,0,0.0
GZSFJX$outside,0,20,0.0
GZUNOC$inside,0,0,0.0
GZUNOC$outside,0,20,0.0
GZKBQC$inside,0,0,0.0
GZKBQC$outside,0,20,0.0
GZXPIF$inside,0,0,0.0
GZXPIF$outside,0,20,0.0
GZZSOA$inside,0,0,0.0
GZZSOA$outside,0,20,0.0
GZPBPV$inside,0,0,0.0
GZPBPV$outside,0,20,0.0
GZMFCA$inside,0,0,0.0
GZMFCA$outside,0,20,0.0
GZLKZQ$inside,0,0,0.0
GZLKZQ$outside,0,20,0.0
GZWFWK$inside,0,0,0.0
GZWFWK$outside,0,20,0.0
GZSXZC$inside,0,0,0.0
GZSXZC$outside,0,20,0.0
GZZCOH$inside,0,0,0.0
GZZCOH$outside,0,20,0.0
GZUYOL$inside,0,0,0.0
GZUYOL$outside,0,15,0.0
GZVZNT$inside,0,0,0.0
GZVZNT$outside,0,20,0.0
GZAEHU$inside,0,0,0.0
GZAEHU$outside,0,25,0.0
GZDPDH$inside,0,0,0.0
GZDPDH$outside,0,25,0.0
GZBZIF$inside,0,0,0.0
GZBZIF$outside,0,20,0.0
GZNRAM$inside,0,0,0.0
GZNRAM$outside,0,20,0.0
GZVTZP$inside,0,0,0.0
GZVTZP$outside,0,25,0.0
GZLHOP$inside,0,0,0.0
GZLHOP$outside,0,25,0.0
GZHQDV$inside,0,0,0.0
GZHQDV$outside,0,20,0.0
NMIRWN$inside,0,0,0.0
NMIRWN$outside,0,4,0.0
NMIFPX$inside,0,0,0.0
NMIFPX$outside,0,4,0.0
NMMYGU$inside,0,0,0.0
NMMYGU$outside,0,4,0.0
NMVLTR$inside,0,0,0.0
NMVLTR$outside,0,4,0.0
NMQHIH$inside,0,0,0.0
NMQHIH$outside,0,4,0.0
NMYLLH$inside,0,0,0.0
NMYLLH$outside,0,4,0.0
NMRJCZ$inside,0,0,0.0
NMRJCZ$outside,0,0,0.0
NMUGJK$inside,0,0,0.0
NMUGJK$outside,0,0,0.0
NMSRND$inside,0,0,0.0
NMSRND$outside,0,0,0.0
NMSVWI$inside,0,0,0.0
NMSVWI$outside,0,4,0.0
NMJFNU$inside,0,0,0.0
NMJFNU$outside,0,4,0.0
NMSATV$inside,0,0,0.0
NMSATV$outside,0,8,0.0
NMPQAJ$inside,0,60,0.0
NMPQAJ$outside,0,0,0.0
NMBUCE$inside,0,60,0.0
NMBUCE$outside,0,0,0.0
NMZRWR$inside,0,72,0.0
NMZRWR$outside,0,8,0.0
NMWUNK$inside,0,80,0.0
NMWUNK$outside,0,0,0.0
NMLQKI$inside,0,72,0.0
NMLQKI$outside,0,8,0.0
NMIDYM$inside,0,72,0.0
NMIDYM$outside,0,8,0.0
NMCFUH$inside,0,72,0.0
NMCFUH$outside,0,8,0.0
NMGQWM$inside,0,72,0.0
NMGQWM$outside,0,8,0.0
NMUQEU$inside,0,72,0.0
NMUQEU$outside,0,8,0.0
NMSEGH$inside,0,72,0.0
NMSEGH$outside,0,8,0.0
NMKJIA$inside,0,72,0.0
NMKJIA$outside,8,8,1.0
NMCTCD$inside,0,72,0.0
NMCTCD$outside,0,8,0.0
NMHBWI$inside,0,72,0.0
NMHBWI$outside,0,8,0.0
NMXRJS$inside,0,72,0.0
NMXRJS$outside,0,8,0.0
NMYQYH$inside,0,72,0.0
NMYQYH$outside,0,8,0.0
PGHCKK$inside,0,0,0.0
PGHCKK$outside,0,0,0.0
PGMRBA$inside,0,0,0.0
PGMRBA$outside,0,0,0.0
PGHFIE$inside,0,30,0.0
PGHFIE$outside,8,10,0.8
PGDWUN$inside,0,0,0.0
PGDWUN$outside,0,10,0.0
PGCYVE$inside,0,30,0.0
PGCYVE$outside,0,20,0.0
PGJSNK$inside,0,0,0.0
PGJSNK$outside,0,10,0.0
PGKWAA$inside,0,30,0.0
PGKWAA$outside,0,10,0.0
PGBJID$inside,0,0,0.0
PGBJID$outside,0,0,0.0
PGKQIO$inside,0,0,0.0
PGKQIO$outside,0,0,0.0
PGBIPM$inside,0,0,0.0
PGBIPM$outside,0,0,0.0
PGOOGV$inside,0,0,0.0
PGOOGV$outside,0,10,0.0
PGOMLJ$inside,0,30,0.0
PGOMLJ$outside,0,30,0.0
PGLSBR$inside,0,60,0.0
PGLSBR$outside,24,20,1.2
PGRAQF$inside,0,30,0.0
PGRAQF$outside,0,20,0.0
PGVVNB$inside,0,0,0.0
PGVVNB$outside,0,0,0.0
PGXGAO$inside,0,40,0.0
PGXGAO$outside,0,0,0.0
PGGCLT$inside,0,40,0.0
PGGCLT$outside,0,40,0.0
PGYQUV$inside,0,20,0.0
PGYQUV$outside,0,0,0.0
PGFHZR$inside,0,40,0.0
PGFHZR$outside,0,20,0.0
PGKRDZ$inside,0,40,0.0
PGKRDZ$outside,0,20,0.0
PGJPWM$inside,0,20,0.0
PGJPWM$outside,0,20,0.0
PGKTQX$inside,0,40,0.0
PGKTQX$outside,0,20,0.0
PGBNKH$inside,0,30,0.0
PGBNKH$outside,0,20,0.0
PGEIVW$inside,0,15,0.0
PGEIVW$outside,0,15,0.0
PGCEOB$inside,0,30,0.0
PGCEOB$outside,0,10,0.0
PGCFGV$inside,0,30,0.0
PGCFGV$outside,0,20,0.0
PGUGOU$inside,0,40,0.0
PGUGOU$outside,0,20,0.0
PGZEYI$inside,0,30,0.0
PGZEYI$outside,0,20,0.0
PGRZSJ$inside,0,30,0.0
PGRZSJ$outside,0,20,0.0
PGBJRE$inside,0,40,0.0
PGBJRE$outside,0,40,0.0
PGWGFF$inside,0,30,0.0
PGWGFF$outside,0,20,0.0
PGHMYM$inside,0,40,0.0
PGHMYM$outside,2,0,0.0
HXBUNJ$inside,0,10,0.0
HXBUNJ$outside,0,10,0.0
LFRDXJ$inside,0,0,0.0
LFRDXJ$outside,0,10,0.0
LFDTAI$inside,0,0,0.0
LFDTAI$outside,0,10,0.0
LFBMNG$inside,0,10,0.0
LFBMNG$outside,0,10,0.0
LFBLGN$inside,0,0,0.0
LFBLGN$outside,0,10,0.0
LFLNNL$inside,0,20,0.0
LFLNNL$outside,0,10,0.0
LFACOO$inside,0,0,0.0
LFACOO$outside,0,10,0.0
LFOFFD$inside,0,0,0.0
LFOFFD$outside,0,10,0.0
LFMVAT$inside,0,60,0.0
LFMVAT$outside,0,0,0.0
LFTVQD$inside,0,50,0.0
LFTVQD$outside,0,10,0.0
LFORDZ$inside,0,50,0.0
LFORDZ$outside,0,10,0.0
LFXLAW$inside,0,0,0.0
LFXLAW$outside,0,10,0.0
LFXXYW$inside,0,10,0.0
LFXXYW$outside,0,10,0.0
LFUBQV$inside,0,0,0.0
LFUBQV$outside,0,10,0.0
LFGYHL$inside,0,50,0.0
LFGYHL$outside,0,10,0.0
LFPMFX$inside,0,50,0.0
LFPMFX$outside,0,10,0.0
LFDMJU$inside,0,50,0.0
LFDMJU$outside,0,10,0.0
LFBTLY$inside,0,50,0.0
LFBTLY$outside,0,10,0.0
LFTMEY$inside,0,20,0.0
LFTMEY$outside,0,10,0.0
LFDJPF$inside,0,50,0.0
LFDJPF$outside,0,10,0.0
LFBXBB$inside,0,60,0.0
LFBXBB$outside,0,0,0.0
LFUVNS$inside,0,50,0.0
LFUVNS$outside,0,10,0.0
LFKAZX$inside,0,15,0.0
LFKAZX$outside,0,0,0.0
LFNVWZ$inside,0,20,0.0
LFNVWZ$outside,0,10,0.0
LFRBZC$inside,0,10,0.0
LFRBZC$outside,0,5,0.0
LFPJTP$inside,0,40,0.0
LFPJTP$outside,0,0,0.0
LFBMSL$inside,0,50,0.0
LFBMSL$outside,0,10,0.0
LFUIYY$inside,0,50,0.0
LFUIYY$outside,0,10,0.0
LFOXTO$inside,0,50,0.0
LFOXTO$outside,0,10,0.0
LFVZVH$inside,0,50,0.0
LFVZVH$outside,0,10,0.0
LFVJZC$inside,0,50,0.0
LFVJZC$outside,0,10,0.0
LFGZRD$inside,0,50,0.0
LFGZRD$outside,0,10,0.0
LFEYHX$inside,0,50,0.0
LFEYHX$outside,0,10,0.0
LFRZSV$inside,0,50,0.0
LFRZSV$outside,0,10,0.0
LFOSDE$inside,0,50,0.0
LFOSDE$outside,0,10,0.0
LFOASC$inside,0,50,0.0
LFOASC$outside,0,10,0.0
LFHZJW$inside,0,50,0.0
LFHZJW$outside,0,10,0.0
LFEAFF$inside,0,50,0.0
LFEAFF$outside,0,10,0.0
LFQPIS$inside,0,50,0.0
LFQPIS$outside,0,10,0.0
LFXTGG$inside,0,50,0.0
LFXTGG$outside,0,10,0.0
LFBMNW$inside,0,50,0.0
LFBMNW$outside,0,10,0.0
LFBXPN$inside,0,50,0.0
LFBXPN$outside,0,10,0.0
LFVJPA$inside,0,50,0.0
LFVJPA$outside,0,10,0.0
LFNMEQ$inside,0,50,0.0
LFNMEQ$outside,0,10,0.0
LFWVHJ$inside,0,50,0.0
LFWVHJ$outside,0,10,0.0
LFSBJJ$inside,17,20,0.85
LFSBJJ$outside,14,5,2.8
LFPDGV$inside,0,50,0.0
LFPDGV$outside,0,10,0.0
LFLFPM$inside,0,50,0.0
LFLFPM$outside,0,10,0.0
LFHIZL$inside,0,10,0.0
LFHIZL$outside,0,5,0.0
LFFUAL$inside,0,10,0.0
LFFUAL$outside,0,0,0.0
LFAKUD$inside,0,50,0.0
LFAKUD$outside,0,10,0.0
LFIDWQ$inside,0,10,0.0
LFIDWQ$outside,0,0,0.0
LFDVTW$inside,0,50,0.0
LFDVTW$outside,0,10,0.0
LFERTJ$inside,3,0,0.0
LFERTJ$outside,0,10,0.0
LFMGKE$inside,0,10,0.0
LFMGKE$outside,0,5,0.0
LFYNDN$inside,3,0,0.0
LFYNDN$outside,0,10,0.0
DSKJVV$inside,0,95,0.0
DSKJVV$outside,0,5,0.0
DSTGDL$inside,0,5,0.0
DSTGDL$outside,0,5,0.0
DSVZGC$inside,0,180,0.0
DSVZGC$outside,0,10,0.0
DSCODQ$inside,0,5,0.0
DSCODQ$outside,19,5,3.8
DSCQDH$inside,0,5,0.0
DSCQDH$outside,0,5,0.0
DSZDEW$inside,0,5,0.0
DSZDEW$outside,0,5,0.0
DSKPSV$inside,32,5,6.4
DSKPSV$outside,36,5,7.2
DSSIER$inside,0,10,0.0
DSSIER$outside,0,5,0.0
DSTVXI$inside,0,0,0.0
DSTVXI$outside,0,0,0.0
DSLGZQ$inside,0,0,0.0
DSLGZQ$outside,0,0,0.0
DSWQKL$inside,0,95,0.0
DSWQKL$outside,0,5,0.0
DSPGMP$inside,0,100,0.0
DSPGMP$outside,0,0,0.0
DSLCOI$inside,0,100,0.0
DSLCOI$outside,0,0,0.0
DSZFGP$inside,0,100,0.0
DSZFGP$outside,0,0,0.0
DSIGUY$inside,0,100,0.0
DSIGUY$outside,0,0,0.0
DSZVWH$inside,0,100,0.0
DSZVWH$outside,0,0,0.0
DSCLXQ$inside,0,20,0.0
DSCLXQ$outside,0,20,0.0
DSXJJT$inside,0,15,0.0
DSXJJT$outside,0,30,0.0
DSLAHJ$inside,2,10,0.2
DSLAHJ$outside,0,10,0.0
DSSPCL$inside,0,5,0.0
DSSPCL$outside,0,5,0.0
DSMQRI$inside,14,5,2.8
DSMQRI$outside,22,5,4.4
DSMUQM$inside,0,5,0.0
DSMUQM$outside,0,5,0.0
DSCFZA$inside,0,5,0.0
DSCFZA$outside,0,5,0.0
DSWJGL$inside,7,5,1.4
DSWJGL$outside,16,5,3.2
DSNPQL$inside,0,10,0.0
DSNPQL$outside,0,20,0.0
DSAAFM$inside,34,10,3.4
DSAAFM$outside,63,10,6.3
DSQRDO$inside,0,5,0.0
DSQRDO$outside,0,5,0.0
DSISHA$inside,17,20,0.85
DSISHA$outside,0,20,0.0
DSAFYI$inside,0,40,0.0
DSAFYI$outside,0,150,0.0
DSJURV$inside,0,20,0.0
DSJURV$outside,0,5,0.0
DSTZHW$inside,0,10,0.0
DSTZHW$outside,0,10,0.0
DSKUYZ$inside,0,10,0.0
DSKUYZ$outside,0,0,0.0
XMJIBU$inside,0,0,0.0
XMJIBU$outside,0,0,0.0
XMMCBB$inside,0,0,0.0
XMMCBB$outside,0,0,0.0
XMPCJP$inside,0,0,0.0
XMPCJP$outside,0,0,0.0
XMKZHN$inside,0,0,0.0
XMKZHN$outside,15,0,0.0
XMJFCB$inside,0,0,0.0
XMJFCB$outside,3,0,0.0
XMIMXS$inside,0,0,0.0
XMIMXS$outside,0,10,0.0
XMLJMC$inside,0,0,0.0
XMLJMC$outside,0,10,0.0
XMRIEZ$inside,0,0,0.0
XMRIEZ$outside,0,10,0.0
XMAFNC$inside,0,60,0.0
XMAFNC$outside,7,6,1.17
XMKLXA$inside,0,60,0.0
XMKLXA$outside,1,0,0.0
XMPBPG$inside,0,30,0.0
XMPBPG$outside,0,0,0.0
XMBELY$inside,0,20,0.0
XMBELY$outside,2,10,0.2
XMHZDH$inside,10,30,0.33
XMHZDH$outside,31,0,0.0
XMFFJO$inside,0,40,0.0
XMFFJO$outside,0,10,0.0
XMMLMN$inside,0,40,0.0
XMMLMN$outside,0,20,0.0
XMKBXQ$inside,0,40,0.0
XMKBXQ$outside,0,40,0.0
XMGNAN$inside,0,30,0.0
XMGNAN$outside,0,20,0.0
XMCDUN$inside,7,10,0.7
XMCDUN$outside,8,0,0.0
XMNXYO$inside,0,30,0.0
XMNXYO$outside,0,10,0.0
XMIHEO$inside,0,30,0.0
XMIHEO$outside,0,10,0.0
XMJVQT$inside,0,12,0.0
XMJVQT$outside,0,5,0.0
XMOTTJ$inside,0,30,0.0
XMOTTJ$outside,0,10,0.0
XMCRTZ$inside,0,20,0.0
XMCRTZ$outside,0,10,0.0
XMIOPG$inside,0,30,0.0
XMIOPG$outside,16,10,1.6
XMFOYC$inside,0,10,0.0
XMFOYC$outside,2,5,0.4
XMIUBV$inside,0,30,0.0
XMIUBV$outside,13,10,1.3
XMHIYP$inside,0,15,0.0
XMHIYP$outside,0,30,0.0
UVGNER$inside,0,300,0.0
UVGNER$outside,0,50,0.0
UVHSNY$inside,0,300,0.0
UVHSNY$outside,0,50,0.0
UVQTBX$inside,0,300,0.0
UVQTBX$outside,0,50,0.0
UVSPCS$inside,0,300,0.0
UVSPCS$outside,0,50,0.0
UVLJJL$inside,0,300,0.0
UVLJJL$outside,0,50,0.0
UVEMFW$inside,0,300,0.0
UVEMFW$outside,0,50,0.0
UVZVEQ$inside,0,300,0.0
UVZVEQ$outside,0,50,0.0
UFCOVX$inside,0,60,0.0
UFCOVX$outside,0,5,0.0
UFKRXK$inside,0,60,0.0
UFKRXK$outside,0,5,0.0
UFIOKO$inside,0,60,0.0
UFIOKO$outside,0,5,0.0
UFEENI$inside,0,25,0.0
UFEENI$outside,33,5,6.6
UFXJYO$inside,0,30,0.0
UFXJYO$outside,43,5,8.6
UFVVDY$inside,0,60,0.0
UFVVDY$outside,0,10,0.0
UFKLME$inside,0,60,0.0
UFKLME$outside,0,5,0.0
UFFIIQ$inside,0,60,0.0
UFFIIQ$outside,0,5,0.0
UFSCDM$inside,0,120,0.0
UFSCDM$outside,0,10,0.0
UFHHKK$inside,0,60,0.0
UFHHKK$outside,0,5,0.0
UFNVKH$inside,0,30,0.0
UFNVKH$outside,0,5,0.0
UFWLTQ$inside,0,40,0.0
UFWLTQ$outside,0,5,0.0
UFCYEE$inside,0,20,0.0
UFCYEE$outside,14,5,2.8
UFWNVF$inside,0,50,0.0
UFWNVF$outside,0,5,0.0
UFPTWD$inside,0,60,0.0
UFPTWD$outside,0,5,0.0
UFLGFI$inside,0,30,0.0
UFLGFI$outside,0,5,0.0
UFYBGB$inside,0,120,0.0
UFYBGB$outside,0,10,0.0
UFQSNO$inside,0,30,0.0
UFQSNO$outside,1,5,0.2
UFWJYW$inside,0,30,0.0
UFWJYW$outside,0,5,0.0
UFZHWK$inside,0,30,0.0
UFZHWK$outside,0,5,0.0
UFKOQL$inside,0,35,0.0
UFKOQL$outside,0,15,0.0
UFBHOZ$inside,0,40,0.0
UFBHOZ$outside,3,5,0.6
UFNLAM$inside,0,40,0.0
UFNLAM$outside,0,5,0.0
UFCTFV$inside,0,30,0.0
UFCTFV$outside,0,5,0.0
UFTNJM$inside,0,60,0.0
UFTNJM$outside,0,0,0.0
UFTEBU$inside,0,30,0.0
UFTEBU$outside,0,5,0.0
UFHRZF$inside,0,20,0.0
UFHRZF$outside,0,20,0.0
UFRHNN$inside,0,15,0.0
UFRHNN$outside,0,25,0.0
SFXKJX$inside,1,1,1.0
SFXKJX$outside,4,0,0.0
SFFVDS$inside,1,1,1.0
SFFVDS$outside,1,0,0.0
SFRZPA$inside,0,40,0.0
SFRZPA$outside,0,0,0.0
SFHHOS$inside,0,90,0.0
SFHHOS$outside,1,0,0.0
SFZGMF$inside,0,0,0.0
SFZGMF$outside,0,5,0.0
SFIPIU$inside,0,0,0.0
SFIPIU$outside,0,5,0.0
SFFWGR$inside,0,10,0.0
SFFWGR$outside,1,0,0.0
SFONDZ$inside,0,90,0.0
SFONDZ$outside,1,0,0.0
SFWXAU$inside,0,90,0.0
SFWXAU$outside,0,0,0.0
SFLORS$inside,0,0,0.0
SFLORS$outside,0,5,0.0
SFABDD$inside,45,90,0.5
SFABDD$outside,45,0,0.0
SFAGUB$inside,0,1,0.0
SFAGUB$outside,0,0,0.0
SFZOYV$inside,0,1,0.0
SFZOYV$outside,1,0,0.0
SFMUVI$inside,3,0,0.0
SFMUVI$outside,0,60,0.0
SFFVZI$inside,0,90,0.0
SFFVZI$outside,0,0,0.0
SFHERQ$inside,39,60,0.65
SFHERQ$outside,39,0,0.0
SFQBNI$inside,24,60,0.4
SFQBNI$outside,87,0,0.0
SFNWEV$inside,0,15,0.0
SFNWEV$outside,0,0,0.0
SFGHQR$inside,0,35,0.0
SFGHQR$outside,11,0,0.0
SFVHKO$inside,9,0,0.0
SFVHKO$outside,0,20,0.0
SFUMNS$inside,15,13,1.15
SFUMNS$outside,10,5,2.0
SFXJNT$inside,9,20,0.45
SFXJNT$outside,9,0,0.0
SFXEQR$inside,8,40,0.2
SFXEQR$outside,8,0,0.0
SFXELK$inside,0,20,0.0
SFXELK$outside,0,0,0.0
SFKQFL$inside,0,20,0.0
SFKQFL$outside,0,0,0.0
SFKFKY$inside,0,10,0.0
SFKFKY$outside,0,10,0.0
SFEINB$inside,0,10,0.0
SFEINB$outside,0,10,0.0
SFWTCL$inside,0,40,0.0
SFWTCL$outside,1,0,0.0
SFJWPE$inside,0,20,0.0
SFJWPE$outside,1,0,0.0
SFQUOG$inside,0,20,0.0
SFQUOG$outside,0,0,0.0
SFDPPJ$inside,0,20,0.0
SFDPPJ$outside,1,0,0.0
SFISHJ$inside,0,20,0.0
SFISHJ$outside,1,0,0.0
SFPWTA$inside,0,10,0.0
SFPWTA$outside,0,0,0.0
SFHPQZ$inside,0,30,0.0
SFHPQZ$outside,2,0,0.0
SFRDII$inside,0,10,0.0
SFRDII$outside,0,10,0.0
SFHZQC$inside,4,10,0.4
SFHZQC$outside,5,0,0.0
SFKJIH$inside,0,20,0.0
SFKJIH$outside,1,0,0.0
SFAEYS$inside,0,20,0.0
SFAEYS$outside,1,0,0.0
OZHIBQ$inside,0,0,0.0
OZHIBQ$outside,0,0,0.0
OZNRWU$inside,5,15,0.33
OZNRWU$outside,0,10,0.0
OZBEMK$inside,0,0,0.0
OZBEMK$outside,0,0,0.0
OZVQHD$inside,0,0,0.0
OZVQHD$outside,0,10,0.0
OZBJIT$inside,0,0,0.0
OZBJIT$outside,0,0,0.0
OZGKGW$inside,0,0,0.0
OZGKGW$outside,0,0,0.0
OZSOMQ$inside,0,30,0.0
OZSOMQ$outside,0,0,0.0
OZBUGM$inside,0,0,0.0
OZBUGM$outside,0,0,0.0
OZJMPI$inside,0,0,0.0
OZJMPI$outside,0,0,0.0
OZSPYX$inside,0,0,0.0
OZSPYX$outside,0,0,0.0
QQFCSM$inside,0,0,0.0
QQFCSM$outside,0,0,0.0
QQELSA$inside,12,0,0.0
QQELSA$outside,54,50,1.08
QQAJZJ$inside,0,0,0.0
QQAJZJ$outside,0,300,0.0
QQIBYU$inside,0,0,0.0
QQIBYU$outside,56,50,1.12
QQDNHA$inside,0,0,0.0
QQDNHA$outside,0,300,0.0
DNMIGT$inside,0,46,0.0
DNMIGT$outside,309,65,4.75
DNDIKQ$inside,0,46,0.0
DNDIKQ$outside,305,20,15.25
DNNSOC$inside,0,0,0.0
DNNSOC$outside,7,60,0.12
DNJEXJ$inside,0,0,0.0
DNJEXJ$outside,0,60,0.0
DNMHEO$inside,0,0,0.0
DNMHEO$outside,136,120,1.13
DNMUOQ$inside,0,0,0.0
DNMUOQ$outside,0,0,0.0
DNPUEO$inside,0,0,0.0
DNPUEO$outside,121,120,1.01
DNITCO$inside,0,0,0.0
DNITCO$outside,220,120,1.83
DNSVRR$inside,0,0,0.0
DNSVRR$outside,0,60,0.0
DNWTSM$inside,0,20,0.0
DNWTSM$outside,1,30,0.03
DNYMGM$inside,0,225,0.0
DNYMGM$outside,1,0,0.0
DNGKDP$inside,0,0,0.0
DNGKDP$outside,0,60,0.0
DNTXOD$inside,0,0,0.0
DNTXOD$outside,0,60,0.0
DNNRZI$inside,0,0,0.0
DNNRZI$outside,0,60,0.0
DNKXCW$inside,0,0,0.0
DNKXCW$outside,61,60,1.02
DNRPKM$inside,0,0,0.0
DNRPKM$outside,0,60,0.0
DNHKAQ$inside,0,0,0.0
DNHKAQ$outside,0,60,0.0
DNIMNG$inside,0,0,0.0
DNIMNG$outside,0,60,0.0
DNUBYC$inside,0,0,0.0
DNUBYC$outside,36,60,0.6
DNIFQF$inside,0,0,0.0
DNIFQF$outside,0,60,0.0
DNVUSE$inside,0,0,0.0
DNVUSE$outside,0,60,0.0
DNXTXO$inside,0,0,0.0
DNXTXO$outside,42,60,0.7
DNOENI$inside,0,0,0.0
DNOENI$outside,0,60,0.0
DNJNPL$inside,0,0,0.0
DNJNPL$outside,21,35,0.6
DNKCVN$inside,0,0,0.0
DNKCVN$outside,63,60,1.05
DNPELC$inside,0,0,0.0
DNPELC$outside,0,60,0.0
TCGMPL$inside,0,0,0.0
TCGMPL$outside,0,0,0.0
TCAYCF$inside,0,0,0.0
TCAYCF$outside,37,0,0.0
TCPHOV$inside,0,70,0.0
TCPHOV$outside,71,30,2.37
TCJTUZ$inside,0,15,0.0
TCJTUZ$outside,0,10,0.0
TCPMBP$inside,0,0,0.0
TCPMBP$outside,0,35,0.0
TCLOKA$inside,0,30,0.0
TCLOKA$outside,0,20,0.0
TCTMHY$inside,0,15,0.0
TCTMHY$outside,0,15,0.0
TCKVIG$inside,0,30,0.0
TCKVIG$outside,0,20,0.0
TCTTOY$inside,0,0,0.0
TCTTOY$outside,0,20,0.0
TCGSZI$inside,0,30,0.0
TCGSZI$outside,0,20,0.0
MUFQPM$inside,0,170,0.0
MUFQPM$outside,1,0,0.0
DDYQNY$inside,0,0,0.0
DDYQNY$outside,0,0,0.0
DDWJGG$inside,0,0,0.0
DDWJGG$outside,0,70,0.0
DDBVFC$inside,0,0,0.0
DDBVFC$outside,0,420,0.0
DDVQGR$inside,0,0,0.0
DDVQGR$outside,94,140,0.67
DDHMRB$inside,0,0,0.0
DDHMRB$outside,259,140,1.85
DDKVSX$inside,0,0,0.0
DDKVSX$outside,0,140,0.0
DDZAVC$inside,0,0,0.0
DDZAVC$outside,3,5,0.6
DDPNZK$inside,0,0,0.0
DDPNZK$outside,8,5,1.6
DDUPUE$inside,0,0,0.0
DDUPUE$outside,0,5,0.0
DDPTBQ$inside,0,0,0.0
DDPTBQ$outside,0,5,0.0
DDHNJG$inside,0,0,0.0
DDHNJG$outside,1,5,0.2
DDEFUC$inside,0,0,0.0
DDEFUC$outside,0,5,0.0
DDUPML$inside,0,0,0.0
DDUPML$outside,7,5,1.4
DDTUNP$inside,0,0,0.0
DDTUNP$outside,0,5,0.0
DDSKTM$inside,0,0,0.0
DDSKTM$outside,29,5,5.8
DDAWSL$inside,0,0,0.0
DDAWSL$outside,0,5,0.0
DDKKPI$inside,0,0,0.0
DDKKPI$outside,0,5,0.0
DDONNA$inside,0,0,0.0
DDONNA$outside,0,5,0.0
DDCVOF$inside,0,0,0.0
DDCVOF$outside,4,5,0.8
DDWWDC$inside,0,0,0.0
DDWWDC$outside,0,5,0.0
DDVAPV$inside,0,0,0.0
DDVAPV$outside,0,5,0.0
DDXIXA$inside,0,0,0.0
DDXIXA$outside,0,5,0.0
DDNATV$inside,0,0,0.0
DDNATV$outside,0,60,0.0
DDUUCC$inside,0,0,0.0
DDUUCC$outside,22,5,4.4
DDETJV$inside,0,0,0.0
DDETJV$outside,0,5,0.0
DDWPAX$inside,0,0,0.0
DDWPAX$outside,0,5,0.0
DDAWQZ$inside,0,0,0.0
DDAWQZ$outside,0,5,0.0
DDRPNG$inside,0,0,0.0
DDRPNG$outside,0,5,0.0
DDJPLV$inside,0,0,0.0
DDJPLV$outside,0,5,0.0
FOJDYG$inside,0,350,0.0
FOJDYG$outside,0,0,0.0
FOBASL$inside,0,0,0.0
FOBASL$outside,0,250,0.0
FOBLIE$inside,0,0,0.0
FOBLIE$outside,0,250,0.0
FOBJEU$inside,0,0,0.0
FOBJEU$outside,0,250,0.0
FOLKPB$inside,0,0,0.0
FOLKPB$outside,0,250,0.0
FOBACS$inside,0,0,0.0
FOBACS$outside,0,250,0.0
FOKYSQ$inside,0,170,0.0
FOKYSQ$outside,0,5,0.0
FOONSQ$inside,0,170,0.0
FOONSQ$outside,0,0,0.0
FODBYQ$inside,0,165,0.0
FODBYQ$outside,1,0,0.0
FOAJAL$inside,0,0,0.0
FOAJAL$outside,0,10,0.0
FOXAXG$inside,0,160,0.0
FOXAXG$outside,0,40,0.0
FOXJPG$inside,0,255,0.0
FOXJPG$outside,0,20,0.0
FOHMYY$inside,0,70,0.0
FOHMYY$outside,0,0,0.0
FOIILW$inside,0,170,0.0
FOIILW$outside,0,0,0.0
FOUAAY$inside,0,175,0.0
FOUAAY$outside,0,0,0.0
FODPTO$inside,0,175,0.0
FODPTO$outside,0,0,0.0
FOYZXW$inside,0,175,0.0
FOYZXW$outside,0,0,0.0
FOUBDO$inside,0,170,0.0
FOUBDO$outside,0,0,0.0
FOLXGE$inside,0,30,0.0
FOLXGE$outside,0,0,0.0
FOQDCN$inside,0,80,0.0
FOQDCN$outside,0,0,0.0
FOYULI$inside,0,65,0.0
FOYULI$outside,0,0,0.0
FOGTEV$inside,0,200,0.0
FOGTEV$outside,0,0,0.0
FOPOAC$inside,0,55,0.0
FOPOAC$outside,0,5,0.0
FOSMGN$inside,0,30,0.0
FOSMGN$outside,0,0,0.0
FOGFBQ$inside,0,30,0.0
FOGFBQ$outside,1,0,0.0
FOHNNN$inside,0,60,0.0
FOHNNN$outside,0,10,0.0
FOUVQA$inside,21,0,0.0
FOUVQA$outside,0,30,0.0
FOTLDC$inside,0,70,0.0
FOTLDC$outside,0,0,0.0
FOXZKV$inside,0,60,0.0
FOXZKV$outside,0,5,0.0
FONHWG$inside,0,30,0.0
FONHWG$outside,0,0,0.0
FOLENU$inside,0,60,0.0
FOLENU$outside,1,0,0.0
FORUPH$inside,0,44,0.0
FORUPH$outside,2,0,0.0
FOPHSH$inside,0,120,0.0
FOPHSH$outside,0,0,0.0
FODNVU$inside,0,40,0.0
FODNVU$outside,0,0,0.0
FOMEQT$inside,0,84,0.0
FOMEQT$outside,0,0,0.0
FOLREM$inside,0,30,0.0
FOLREM$outside,0,0,0.0
FOXZDS$inside,0,60,0.0
FOXZDS$outside,4,0,0.0
FOHOGN$inside,8,10,0.8
FOHOGN$outside,0,10,0.0
FOVNGU$inside,0,20,0.0
FOVNGU$outside,0,10,0.0
FONRZO$inside,0,50,0.0
FONRZO$outside,0,0,0.0
FOVJZH$inside,0,20,0.0
FOVJZH$outside,0,10,0.0
FOUVSH$inside,0,100,0.0
FOUVSH$outside,1,0,0.0
FOEEKR$inside,0,44,0.0
FOEEKR$outside,0,0,0.0
FOIXVA$inside,0,30,0.0
FOIXVA$outside,1,0,0.0
FOCRJC$inside,0,35,0.0
FOCRJC$outside,1,0,0.0
FODDBY$inside,0,25,0.0
FODDBY$outside,0,0,0.0
FOTRVE$inside,0,30,0.0
FOTRVE$outside,0,10,0.0
FOTTRL$inside,0,30,0.0
FOTTRL$outside,1,0,0.0
LTVPDP$inside,0,30,0.0
LTVPDP$outside,0,20,0.0
LTLVQE$inside,0,30,0.0
LTLVQE$outside,0,20,0.0
LTSWCB$inside,0,40,0.0
LTSWCB$outside,0,20,0.0
LTZGXN$inside,0,30,0.0
LTZGXN$outside,0,20,0.0
LTXNNC$inside,0,30,0.0
LTXNNC$outside,0,20,0.0
LTAEPG$inside,0,30,0.0
LTAEPG$outside,0,20,0.0
LTDEFE$inside,0,30,0.0
LTDEFE$outside,0,20,0.0
LTFTIP$inside,0,30,0.0
LTFTIP$outside,0,20,0.0
LTBJJP$inside,0,30,0.0
LTBJJP$outside,0,20,0.0
LTTSGK$inside,0,30,0.0
LTTSGK$outside,0,20,0.0
LTFJBG$inside,0,30,0.0
LTFJBG$outside,0,20,0.0
LTSJRD$inside,0,30,0.0
LTSJRD$outside,0,20,0.0
LTDONA$inside,0,30,0.0
LTDONA$outside,0,20,0.0
LTTXIX$inside,0,30,0.0
LTTXIX$outside,0,20,0.0
LTLQBM$inside,0,30,0.0
LTLQBM$outside,0,20,0.0
LTXADY$inside,0,30,0.0
LTXADY$outside,0,20,0.0
LTOEGZ$inside,0,30,0.0
LTOEGZ$outside,0,20,0.0
LTXKVS$inside,0,30,0.0
LTXKVS$outside,0,20,0.0
LTUUST$inside,0,30,0.0
LTUUST$outside,0,20,0.0
LTHBIQ$inside,0,30,0.0
LTHBIQ$outside,0,20,0.0
LTOQXL$inside,0,30,0.0
LTOQXL$outside,0,20,0.0
LTFEXZ$inside,0,30,0.0
LTFEXZ$outside,0,20,0.0
LTSSRJ$inside,0,30,0.0
LTSSRJ$outside,0,20,0.0
LTELVQ$inside,0,30,0.0
LTELVQ$outside,0,20,0.0
LTZNJM$inside,0,30,0.0
LTZNJM$outside,0,20,0.0
LTFTHE$inside,0,30,0.0
LTFTHE$outside,0,20,0.0
LTBJGD$inside,0,30,0.0
LTBJGD$outside,0,20,0.0
TJPIKQ$inside,0,0,0.0
TJPIKQ$outside,166,140,1.19
TJPYYJ$inside,0,0,0.0
TJPYYJ$outside,47,60,0.78
TJGDMF$inside,0,0,0.0
TJGDMF$outside,0,180,0.0
TJZMSI$inside,0,0,0.0
TJZMSI$outside,0,60,0.0
TJCKDJ$inside,0,0,0.0
TJCKDJ$outside,0,60,0.0
TJYMUE$inside,0,0,0.0
TJYMUE$outside,0,60,0.0
TJTDRY$inside,0,30,0.0
TJTDRY$outside,81,36,2.25
TJSHXI$inside,0,0,0.0
TJSHXI$outside,0,60,0.0
TJNLID$inside,0,0,0.0
TJNLID$outside,0,60,0.0
GPWWGZ$inside,0,20,0.0
GPWWGZ$outside,0,10,0.0
FEDQRJ$inside,0,0,0.0
FEDQRJ$outside,0,0,0.0
FECDOL$inside,0,0,0.0
FECDOL$outside,0,0,0.0
FEAUHT$inside,0,0,0.0
FEAUHT$outside,0,0,0.0
FETOJT$inside,0,0,0.0
FETOJT$outside,0,0,0.0
FEFRCD$inside,0,0,0.0
FEFRCD$outside,0,0,0.0
FEDFCP$inside,0,0,0.0
FEDFCP$outside,0,0,0.0
FEZIQS$inside,0,25,0.0
FEZIQS$outside,0,0,0.0
FEKWOC$inside,0,35,0.0
FEKWOC$outside,0,0,0.0
FEUYCV$inside,0,15,0.0
FEUYCV$outside,0,10,0.0
FETJJH$inside,0,15,0.0
FETJJH$outside,0,10,0.0
FECCLT$inside,0,15,0.0
FECCLT$outside,0,10,0.0
FEQICB$inside,0,15,0.0
FEQICB$outside,0,10,0.0
FEPKBQ$inside,0,15,0.0
FEPKBQ$outside,0,10,0.0
FEHMFL$inside,0,30,0.0
FEHMFL$outside,0,20,0.0
FEXZZA$inside,0,15,0.0
FEXZZA$outside,0,10,0.0
FEDVXC$inside,0,30,0.0
FEDVXC$outside,0,20,0.0
FEHBHY$inside,0,15,0.0
FEHBHY$outside,0,10,0.0
FEWVUI$inside,0,15,0.0
FEWVUI$outside,0,10,0.0
FEONDQ$inside,0,15,0.0
FEONDQ$outside,0,10,0.0
UMWYKO$inside,0,30,0.0
UMWYKO$outside,0,20,0.0
UMILKE$inside,0,15,0.0
UMILKE$outside,0,10,0.0
UMWORX$inside,0,30,0.0
UMWORX$outside,0,20,0.0
UMUHNV$inside,0,15,0.0
UMUHNV$outside,0,10,0.0
EILQSV$inside,0,0,0.0
EILQSV$outside,0,0,0.0
EIQRRT$inside,0,0,0.0
EIQRRT$outside,0,0,0.0
EIQDLC$inside,0,0,0.0
EIQDLC$outside,0,0,0.0
EIJEXQ$inside,0,0,0.0
EIJEXQ$outside,0,0,0.0
EIUWRP$inside,0,0,0.0
EIUWRP$outside,0,0,0.0
EIVMDF$inside,0,0,0.0
EIVMDF$outside,0,0,0.0
EIXGPF$inside,0,0,0.0
EIXGPF$outside,0,0,0.0
EIIVIG$inside,0,0,0.0
EIIVIG$outside,0,0,0.0
EIGGWI$inside,0,0,0.0
EIGGWI$outside,0,0,0.0
EIANIO$inside,0,0,0.0
EIANIO$outside,0,0,0.0
EIWPID$inside,0,0,0.0
EIWPID$outside,0,0,0.0
EIQABH$inside,0,0,0.0
EIQABH$outside,0,0,0.0
EIGHRZ$inside,0,0,0.0
EIGHRZ$outside,0,0,0.0
EIVDBE$inside,0,0,0.0
EIVDBE$outside,0,0,0.0
EIDQAB$inside,0,0,0.0
EIDQAB$outside,0,0,0.0
EIYFHW$inside,3,0,0.0
EIYFHW$outside,0,30,0.0
EIDIZF$inside,2,0,0.0
EIDIZF$outside,0,25,0.0
EIFNLW$inside,0,0,0.0
EIFNLW$outside,0,0,0.0
EIFMZA$inside,0,0,0.0
EIFMZA$outside,0,0,0.0
EIQMAM$inside,0,0,0.0
EIQMAM$outside,0,0,0.0
EITHBV$inside,0,0,0.0
EITHBV$outside,0,0,0.0
EITUNL$inside,0,0,0.0
EITUNL$outside,0,0,0.0
EIZDZH$inside,0,10,0.0
EIZDZH$outside,0,0,0.0
EIFJIB$inside,0,10,0.0
EIFJIB$outside,0,0,0.0
EIJCRU$inside,0,10,0.0
EIJCRU$outside,2,0,0.0
EIKOVQ$inside,0,0,0.0
EIKOVQ$outside,0,0,0.0
EIDJCJ$inside,0,0,0.0
EIDJCJ$outside,0,0,0.0
EIXVMK$inside,26,0,0.0
EIXVMK$outside,19,10,1.9
EIUVHF$inside,26,0,0.0
EIUVHF$outside,3,30,0.1
EIKSDA$inside,0,0,0.0
EIKSDA$outside,0,20,0.0
XMAUVI$inside,0,0,0.0
XMAUVI$outside,3,10,0.3
XMJNTV$inside,0,0,0.0
XMJNTV$outside,0,10,0.0
